Flight Date,Route,Entity,Sub Entity,Sector,Flight Number,Cabin,Farebrand,POS Region,Ticketing Channel,PNRCreationDate,DOW,POO,PAX Count,Average Fare,PurchaseLeadTime,Group Status
2025-03-24,BXU,DOM,MNL HUB,BXUMNL,PR  2968,Y,Economy Value,DOM,OTA,2025-03-20,Mon,BXU,1,121.02,19.0,0
2025-04-04,LAO,DOM,MNL HUB,MNLLAO,PR  2198,Y,Economy Value,DOM,WEB/APP,2025-03-27,Fri,MNL,1,115.05,23.0,0
2025-03-11,CEB,DOM,MNL HUB,CEBMNL,PR  1846,Y,Economy Value,DOM,WEB/APP,2025-02-28,Tue,MNL,2,94.65,26.0,1
2025-04-06,CEB,DOM,MNL HUB,CEBMNL,PR  1864,Y,Economy Saver,DOM,OTA,2025-03-03,Sun,IAO,2,32.73,49.0,1
2025-01-18,CEB,DOM,MNL HUB,CEBMNL,PR  1852,Y,Economy Supersaver,DOM,Contact Center,2024-11-22,Sat,CEB,1,36.79,72.0,0
2025-03-27,DVO,DOM,MNL HUB,MNLDVO,PR  2819,Y,Economy Supersaver,DOM,OTA,2025-02-19,Thu,MNL,2,26.4,51.0,1
2025-04-30,ILO,DOM,MNL HUB,ILOMNL,PR  2140,Y,Economy Supersaver,SEA,OTA,2025-03-18,Wed,DXB,2,41.31,58.0,1
2025-01-29,DVO,DOM,MNL HUB,MNLDVO,PR  2821,Y,Economy Value,DOM,WEB/APP,2025-01-28,Wed,MNL,1,89.94,16.0,0
2025-02-09,DVO,DOM,MNL HUB,DVOMNL,PR  1810,J,Economy Supersaver,DOM,WEB/APP,2025-01-22,Sun,DVO,1,40.49,33.0,0
2025-03-12,LAO,DOM,MNL HUB,MNLLAO,PR  2196,Y,Economy Supersaver,DOM,Traditional Travel Agency,2025-03-02,Wed,MNL,1,58.07,25.0,0
2025-04-21,TAC,DOM,MNL HUB,MNLTAC,PR  2981,Y,Economy Supersaver,DOM,WEB/APP,2025-01-07,Mon,MNL,5,49.53,119.0,1
2025-01-07,DVO,DOM,MNL HUB,MNLDVO,PR  2813,Y,Economy Saver,DOM,Ticket Office,2024-10-10,Tue,DVO,1,56.85,104.0,0
2025-04-10,BCD,DOM,MNL HUB,MNLBCD,PR  2131,W,Premium Economy,DOM,WEB/APP,2025-04-04,Thu,MNL,1,192.03,21.0,0
2025-03-11,DRP,DOM,MNL HUB,DRPMNL,PR  2920,J,Economy Saver,DOM,Contact Center,2025-02-28,Tue,DRP,2,63.1,26.0,1
2025-04-02,DVO,DOM,MNL HUB,MNLDVO,PR  2815,Y,Economy Saver,DOM,Ticket Office,2025-03-19,Wed,MNL,1,63.22,29.0,0
2025-04-29,CEB,DOM,MNL HUB,CEBMNL,PR  2836,J,Economy Supersaver,DOM,Traditional Travel Agency,2025-04-10,Tue,CEB,1,44.8,34.0,0
2025-04-03,DVO,DOM,MNL HUB,MNLDVO,PR  2811,Y,Economy Supersaver,DOM,OTA,2025-03-30,Thu,MNL,2,39.69,19.0,1
2025-01-20,PPS,DOM,MNL HUB,MNLPPS,PR  2781,Y,Economy Supersaver,DOM,WEB/APP,2025-01-14,Mon,MNL,2,52.51,21.0,1
2025-01-19,CGY,DOM,MNL HUB,MNLCGY,PR  2529,W,Premium Economy,DOM,Traditional Travel Agency,2025-01-19,Sun,MNL,1,230.59,15.0,0
2025-04-23,LAO,DOM,MNL HUB,LAOMNL,PR  2197,J,Economy Flex,DOM,WEB/APP,2025-04-11,Wed,MNL,1,155.96,27.0,0
2025-03-05,RXS,DOM,MNL HUB,MNLRXS,PR  2203,Y,Economy Saver,DOM,WEB/APP,2025-02-27,Wed,MNL,4,52.81,21.0,1
2025-03-08,DVO,DOM,MNL HUB,DVOMNL,PR  2822,J,Economy Supersaver,DOM,Traditional Travel Agency,2025-01-25,Sat,DVO,6,21.73,57.0,1
2025-01-25,CEB,DOM,MNL HUB,MNLCEB,PR  1845,Y,Economy Supersaver,DOM,WEB/APP,2025-01-12,Sat,CEB,4,43.39,28.0,1
2025-02-03,CEB,DOM,MNL HUB,CEBMNL,PR  2880,W,Premium Economy,DOM,Traditional Travel Agency,2024-12-08,Mon,CEB,2,98.31,72.0,1
2025-03-11,PPS,DOM,MNL HUB,PPSMNL,PR  2786,Y,Economy Saver,DOM,Ticket Office,2025-02-08,Tue,PPS,9,61.23,46.0,1
2025-03-06,USU,DOM,MNL HUB,MNLUSU,PR  2961,Y,Economy Supersaver,,Traditional Travel Agency,2025-01-10,Thu,SFO,2,35.44,70.0,1
2025-01-02,ILO,DOM,MNL HUB,ILOMNL,PR  2148,J,Economy Saver,DOM,WEB/APP,2024-11-30,Thu,MNL,1,92.29,48.0,0
2025-01-12,MPH,DOM,MNL HUB,MPHMNL,PR  2038,Y,Economy Supersaver,DOM,Contact Center,2024-05-18,Sun,DVO,4,31.43,254.0,1
2025-04-23,CGY,DOM,MNL HUB,CGYMNL,PR  2528,Y,Economy Saver,DOM,WEB/APP,2025-03-25,Wed,CGY,1,56.6,44.0,0
2025-03-27,DVO,DOM,MNL HUB,DVOMNL,PR  2820,J,Economy Supersaver,DOM,WEB/APP,2025-03-06,Thu,DVO,1,26.32,36.0,0
2025-01-19,BCD,DOM,MNL HUB,MNLBCD,PR  2137,Y,Economy Value,DOM,Traditional Travel Agency,2025-01-15,Sun,MNL,1,79.82,19.0,0
2025-04-06,CEB,DOM,MNL HUB,CEBMNL,PR  1864,Y,Economy Saver,DOM,OTA,2025-03-01,Sun,IAO,3,32.73,51.0,1
2025-03-12,BCD,DOM,MNL HUB,MNLBCD,PR  2133,J,Economy Value,DOM,WEB/APP,2025-03-09,Wed,BCD,1,81.12,18.0,0
2025-02-21,GES,DOM,MNL HUB,GESMNL,PR  456,Y,Economy Flex,DOM,WEB/APP,2025-02-20,Fri,GES,1,179.88,16.0,0
2025-04-08,CEB,DOM,MNL HUB,MNLCEB,PR  2853,W,Premium Economy,,Sea Crew,2024-11-11,Tue,MIA,1,112.67,163.0,0
2025-03-24,PPS,DOM,MNL HUB,PPSMNL,PR  2786,Y,Economy Value,DOM,WEB/APP,2024-10-13,Mon,PPS,2,107.29,177.0,1
2025-04-02,LAO,DOM,MNL HUB,MNLLAO,PR  2198,J,Economy Saver,DOM,WEB/APP,2025-03-22,Wed,MNL,1,80.37,26.0,0
2025-02-03,CGY,DOM,MNL HUB,MNLCGY,PR  2529,J,Economy Supersaver,DOM,Traditional Travel Agency,2025-01-23,Mon,MNL,7,31.27,26.0,1
2025-01-10,CEB,DOM,MNL HUB,CEBMNL,PR  2864,Y,Economy Supersaver,DOM,Traditional Travel Agency,2024-12-31,Fri,CEB,1,40.37,25.0,0
2025-02-28,MPH,DOM,MNL HUB,MNLMPH,PR  2037,Y,Economy Value,Offline,OTA,2025-02-16,Fri,MNL,2,175.33,27.0,1
2025-04-09,USU,DOM,MNL HUB,MNLUSU,PR  2965,Y,Economy Saver,G.CN,Traditional Travel Agency,2025-04-07,Wed,MNL,2,143.75,17.0,1
2025-01-15,DVO,DOM,MNL HUB,MNLDVO,PR  2817,Y,Economy Supersaver,DOM,Traditional Travel Agency,2025-01-10,Wed,MNL,1,40.99,20.0,0
2025-02-02,PPS,DOM,MNL HUB,MNLPPS,PR  2781,Y,Economy Value,Offline,OTA,2025-02-01,Sun,BKK,1,119.6,16.0,0
2025-04-02,LAO,DOM,MNL HUB,MNLLAO,PR  2196,Y,Economy Saver,Others,OTA,2025-02-25,Wed,MNL,1,129.05,51.0,0
2025-03-21,ILO,DOM,MNL HUB,ILOMNL,PR  2144,Y,Economy Value,DOM,WEB/APP,2025-03-13,Fri,MNL,1,90.66,23.0,0
2025-01-17,CGY,DOM,MNL HUB,CGYMNL,PR  2530,Y,Economy Supersaver,DOM,WEB/APP,2025-01-04,Fri,CGY,2,49.41,28.0,1
2025-01-01,IAO,DOM,MNL HUB,MNLIAO,PR  2973,Y,Economy Value,DOM,WEB/APP,2024-10-09,Wed,MNL,1,174.43,99.0,0
2025-01-10,DVO,DOM,MNL HUB,DVOMNL,PR  2808,J,Economy Saver,DOM,Traditional Travel Agency,2025-01-04,Fri,DVO,6,76.51,21.0,1
2025-04-22,RXS,DOM,MNL HUB,RXSMNL,PR  2204,Y,Economy Value,DOM,WEB/APP,2025-03-29,Tue,MNL,1,89.31,39.0,0
2025-03-03,RXS,DOM,MNL HUB,MNLRXS,PR  2203,J,Economy Supersaver,DOM,WEB/APP,2025-02-24,Mon,MNL,1,44.86,22.0,0
2025-01-20,IAO,DOM,MNL HUB,MNLIAO,PR  2971,Y,Economy Saver,Offline,WEB/APP,2025-01-15,Mon,TLV,1,58.59,20.0,0
2025-04-09,BCD,DOM,MNL HUB,BCDMNL,PR  2136,Y,Economy Saver,DOM,Ticket Office,2025-03-13,Wed,MNL,1,63.6,42.0,0
2025-01-31,MPH,DOM,MNL HUB,MNLMPH,PR  2043,Y,Economy Flex,DOM,Traditional Travel Agency,2024-11-22,Fri,MNL,3,210.82,85.0,1
2025-01-11,ZAM,DOM,MNL HUB,MNLZAM,PR  2997,Y,Economy Value,ME,Traditional Travel Agency,2025-01-07,Sat,DOH,1,113.92,19.0,0
2025-04-08,DVO,DOM,MNL HUB,MNLDVO,PR  1805,J,Business Flex,DOM,WEB/APP,2025-03-19,Tue,DVO,1,208.84,35.0,0
2025-04-23,GES,DOM,MNL HUB,GESMNL,PR  454,Y,Economy Value,G.CN,Traditional Travel Agency,2025-03-27,Wed,HKG,2,127.47,42.0,1
2025-03-25,CGY,DOM,MNL HUB,MNLCGY,PR  2519,J,Economy Supersaver,Offline,OTA,2025-02-08,Tue,CGY,3,32.24,60.0,1
2025-02-16,CEB,DOM,MNL HUB,CEBMNL,PR  2860,Y,Economy Value,DOM,Sea Crew,2025-02-14,Sun,CEB,1,114.98,17.0,0
2025-04-02,MPH,DOM,MNL HUB,MPHMNL,PR  2040,Y,Economy Supersaver,DOM,OTA,2025-02-09,Wed,MPH,1,35.53,67.0,0
2025-04-21,DVO,DOM,MNL HUB,MNLDVO,PR  1805,Y,Economy Saver,DOM,WEB/APP,2025-03-24,Mon,DVO,1,74.78,43.0,0
2025-04-11,DVO,DOM,MNL HUB,DVOMNL,PR  1806,Y,Economy Supersaver,DOM,Traditional Travel Agency,2025-03-31,Fri,DVO,1,52.86,26.0,0
2025-02-25,CGY,DOM,MNL HUB,MNLCGY,PR  2529,Y,Economy Supersaver,DOM,WEB/APP,2025-02-03,Tue,CGY,1,37.29,37.0,0
2025-04-03,BCD,DOM,MNL HUB,BCDMNL,PR  2134,W,Premium Economy,DOM,Ticket Office,2025-03-22,Thu,MNL,2,151.47,27.0,1
2025-04-08,CEB,DOM,MNL HUB,CEBMNL,PR  1852,Y,Economy Value,,Traditional Travel Agency,2025-04-06,Tue,IAO,2,165.67,17.0,1
2025-01-14,LAO,DOM,MNL HUB,MNLLAO,PR  2198,Y,Economy Saver,DOM,Contact Center,2025-01-13,Tue,MNL,2,73.58,16.0,1
2025-03-25,IAO,DOM,MNL HUB,MNLIAO,PR  2971,Y,Economy Value,DOM,WEB/APP,2025-02-26,Tue,MNL,1,200.77,42.0,0
2025-04-01,CGY,DOM,MNL HUB,MNLCGY,PR  2527,Y,Economy Supersaver,DOM,WEB/APP,2025-03-13,Tue,MNL,1,42.68,34.0,0
2025-01-16,TAG,DOM,MNL HUB,MNLTAG,PR  2775,J,Economy Supersaver,DOM,Traditional Travel Agency,2025-01-15,Thu,MNL,2,44.43,16.0,1
2025-02-02,DGT,DOM,MNL HUB,DGTMNL,PR  2546,Y,Economy Supersaver,,Contact Center,2024-09-20,Sun,YVR,1,53.01,150.0,0
2025-03-22,RXS,DOM,MNL HUB,RXSMNL,PR  2204,Y,Economy Supersaver,DOM,Traditional Travel Agency,2025-02-19,Sat,RXS,3,14.46,46.0,1
2025-04-05,BCD,DOM,MNL HUB,BCDMNL,PR  2136,Y,Economy Value,DOM,Traditional Travel Agency,2025-03-26,Sat,MNL,4,105.13,25.0,1
2025-04-11,CEB,DOM,MNL HUB,CEBMNL,PR  1864,Y,Economy Value,,OTA,2025-04-09,Fri,IAO,1,161.87,17.0,0
2025-03-04,GES,DOM,MNL HUB,MNLGES,PR  453,Y,Economy Saver,DOM,WEB/APP,2025-03-02,Tue,MNL,1,85.77,17.0,0
2025-02-22,BXU,DOM,MNL HUB,BXUMNL,PR  2968,Y,Economy Supersaver,DOM,Traditional Travel Agency,2025-01-15,Sat,BXU,3,33.77,53.0,1
2025-02-08,DVO,DOM,MNL HUB,MNLDVO,PR  1809,Y,Economy Supersaver,DOM,WEB/APP,2024-12-27,Sat,DVO,1,34.26,58.0,0
2025-04-07,PPS,DOM,MNL HUB,MNLPPS,PR  2787,J,Economy Value,DOM,Sea Crew,2025-03-25,Mon,MNL,7,141.96,28.0,1
2025-04-06,OZC,DOM,MNL HUB,OZCMNL,PR  2890,J,Economy Saver,,Traditional Travel Agency,2025-03-11,Sun,YEG,1,70.56,41.0,0
2025-04-09,DVO,DOM,MNL HUB,DVOMNL,PR  2824,Y,Economy Supersaver,DOM,OTA,2025-02-20,Wed,DVO,1,28.01,63.0,0
2025-01-25,DPL,DOM,MNL HUB,MNLDPL,PR  2557,Y,Economy Saver,DOM,Traditional Travel Agency,2024-12-31,Sat,MNL,2,63.85,40.0,1
2025-02-02,DVO,DOM,MNL HUB,MNLDVO,PR  2821,J,Economy Value,DOM,WEB/APP,2025-01-04,Sun,DVO,1,90.83,44.0,0
2025-03-23,DGT,DOM,MNL HUB,DGTMNL,PR  2546,Y,Economy Flex,DOM,Traditional Travel Agency,2025-03-20,Sun,DGT,4,176.17,18.0,1
2025-01-02,DVO,DOM,MNL HUB,MNLDVO,PR  2813,Y,Economy Value,DOM,Contact Center,2024-11-04,Thu,DVO,1,92.08,74.0,0
2025-01-31,LAO,DOM,MNL HUB,MNLLAO,PR  2198,Y,Economy Saver,,Traditional Travel Agency,2024-10-17,Fri,HNL,2,55.12,121.0,1
2025-04-03,BCD,DOM,MNL HUB,MNLBCD,PR  2135,Y,Economy Supersaver,DOM,WEB/APP,2025-03-19,Thu,MNL,1,58.78,30.0,0
2025-03-18,TAC,DOM,MNL HUB,MNLTAC,PR  2987,Y,Economy Supersaver,DOM,WEB/APP,2025-03-01,Tue,MNL,1,51.28,32.0,0
2025-04-13,DGT,DOM,MNL HUB,DGTMNL,PR  2544,J,Economy Value,DOM,WEB/APP,2025-01-26,Sun,MNL,2,103.85,92.0,1
2025-01-20,CGY,DOM,MNL HUB,CGYMNL,PR  2526,W,Premium Economy,DOM,Traditional Travel Agency,2025-01-04,Mon,CGY,1,131.97,31.0,0
2025-02-28,TAG,DOM,MNL HUB,MNLTAG,PR  2777,J,Economy Saver,Offline,Traditional Travel Agency,2025-01-25,Fri,BAH,1,274.0,49.0,0
2025-02-28,TAC,DOM,MNL HUB,TACMNL,PR  2982,Y,Economy Value,DOM,Corporate Web Portal,2025-02-24,Fri,MNL,2,116.29,19.0,1
2025-02-03,GES,DOM,MNL HUB,MNLGES,PR  453,Y,Economy Supersaver,DOM,WEB/APP,2024-11-25,Mon,MNL,1,21.76,85.0,0
2025-03-23,LAO,DOM,MNL HUB,MNLLAO,PR  2198,Y,Economy Saver,KOR,Traditional Travel Agency,2025-03-20,Sun,MNL,1,152.97,18.0,0
2025-04-25,BXU,DOM,MNL HUB,BXUMNL,PR  2939,J,Economy Supersaver,DOM,OTA,2025-01-26,Fri,BXU,3,23.99,104.0,1
2025-04-07,USU,DOM,MNL HUB,USUMNL,PR  2966,Y,Economy Supersaver,,Traditional Travel Agency,2025-04-04,Mon,USU,1,58.69,18.0,0
2025-04-23,DVO,DOM,MNL HUB,MNLDVO,PR  2823,Y,Economy Supersaver,DOM,WEB/APP,2025-02-23,Wed,DVO,1,81.93,74.0,0
2025-01-06,DVO,DOM,MNL HUB,DVOMNL,PR  1810,Y,Economy Value,ME,Sea Crew,2024-10-30,Mon,DXB,2,145.57,83.0,1
2025-01-02,GES,DOM,MNL HUB,GESMNL,PR  454,Y,Economy Flex,G.CN,OTA,2024-03-27,Thu,HKG,2,175.87,296.0,1
2025-03-04,RXS,DOM,MNL HUB,RXSMNL,PR  2204,Y,Economy Saver,DOM,WEB/APP,2025-02-21,Tue,RXS,1,52.32,26.0,0
2025-01-04,CEB,DOM,MNL HUB,CEBMNL,PR  1862,J,Economy Saver,DOM,Traditional Travel Agency,2024-11-24,Sat,CEB,1,71.46,56.0,0
2025-02-14,DVO,DOM,MNL HUB,MNLDVO,PR  1805,Y,Economy Value,DOM,Traditional Travel Agency,2024-12-12,Fri,DVO,66,93.45,79.0,1
2025-01-13,DRP,DOM,MNL HUB,DRPMNL,PR  2922,Y,Economy Supersaver,DOM,WEB/APP,2024-12-28,Mon,MNL,1,44.19,31.0,0
2025-02-03,CBO,DOM,MNL HUB,CBOMNL,PR  2960,J,Economy Flex,DOM,Corporate Web Portal,2025-01-29,Mon,CBO,2,224.49,20.0,1
2025-01-25,ILO,DOM,MNL HUB,ILOMNL,PR  2142,Y,Economy Flex,Offline,Traditional Travel Agency,2024-11-14,Sat,MAD,1,110.5,87.0,0
2025-01-23,BXU,DOM,MNL HUB,MNLBXU,PR  2967,J,Economy Supersaver,DOM,WEB/APP,2024-12-22,Thu,MNL,2,43.77,47.0,1
2025-04-12,DRP,DOM,MNL HUB,MNLDRP,PR  2921,J,Economy Saver,DOM,WEB/APP,2025-02-13,Sat,MNL,1,76.97,73.0,0
2025-01-20,ILO,DOM,MNL HUB,ILOMNL,PR  2140,Y,Economy Saver,,Contact Center,2025-01-02,Mon,ILO,1,56.97,33.0,0
2025-04-07,DPL,DOM,MNL HUB,DPLMNL,PR  2558,Y,Economy Flex,DOM,WEB/APP,2025-04-06,Mon,DPL,4,185.67,16.0,1
2025-01-08,PPS,DOM,MNL HUB,PPSMNL,PR  2788,J,Economy Value,DOM,WEB/APP,2025-01-06,Wed,PPS,1,124.26,17.0,0
2025-01-05,DVO,DOM,MNL HUB,DVOMNL,PR  2808,J,Economy Flex,DOM,WEB/APP,2024-12-22,Sun,DVO,1,150.62,29.0,0
2025-04-07,CEB,DOM,MNL HUB,CEBMNL,PR  2846,Y,Economy Value,DOM,WEB/APP,2025-02-24,Mon,IAO,1,99.72,57.0,0
2025-01-30,CEB,DOM,MNL HUB,CEBMNL,PR  1862,Y,Economy Supersaver,DOM,Traditional Travel Agency,2024-12-19,Thu,MPH,2,27.01,57.0,1
2025-04-25,DGT,DOM,MNL HUB,DGTMNL,PR  2546,Y,Economy Flex,DOM,WEB/APP,2025-04-24,Fri,DGT,1,153.88,16.0,0
2025-01-21,MPH,DOM,MNL HUB,MNLMPH,PR  2043,Y,Economy Saver,G.CN,Traditional Travel Agency,2024-11-12,Tue,TPE,3,57.47,85.0,1
2025-03-15,BCD,DOM,MNL HUB,MNLBCD,PR  2129,Y,Economy Value,DOM,WEB/APP,2025-03-03,Sat,BCD,1,80.89,27.0,0
2025-04-05,CEB,DOM,MNL HUB,MNLCEB,PR  2853,Y,Economy Value,DOM,WEB/APP,2025-03-11,Sat,MNL,1,94.89,40.0,0
2025-01-01,CEB,DOM,MNL HUB,MNLCEB,PR  2861,Y,Economy Supersaver,DOM,WEB/APP,2024-07-25,Wed,CEB,2,37.48,175.0,1
2025-01-23,DVO,DOM,MNL HUB,MNLDVO,PR  1809,W,Premium Economy,DOM,Traditional Travel Agency,2024-12-16,Thu,MNL,1,241.01,53.0,0
2025-03-22,USU,DOM,MNL HUB,MNLUSU,PR  2961,Y,Economy Saver,SEA,OTA,2024-11-29,Sat,BKK,2,35.62,128.0,1
2025-03-21,DRP,DOM,MNL HUB,DRPMNL,PR  2922,W,Premium Economy,DOM,WEB/APP,2025-03-19,Fri,DRP,1,204.82,17.0,0
2025-01-27,TAG,DOM,MNL HUB,TAGMNL,PR  2778,J,Economy Supersaver,DOM,Traditional Travel Agency,2025-01-20,Mon,TAG,4,60.2,22.0,1
2025-03-16,BCD,DOM,MNL HUB,BCDMNL,PR  2136,Y,Economy Value,DOM,WEB/APP,2025-03-13,Sun,BCD,3,80.81,18.0,1
2025-02-14,ILO,DOM,MNL HUB,MNLILO,PR  2145,J,Economy Saver,DOM,WEB/APP,2025-02-12,Fri,MNL,2,70.5,17.0,1
2025-01-20,BXU,DOM,MNL HUB,BXUMNL,PR  2968,Y,Economy Flex,DOM,Traditional Travel Agency,2025-01-15,Mon,BXU,4,178.04,20.0,1
2025-01-01,CGY,DOM,MNL HUB,CGYMNL,PR  2530,J,Economy Supersaver,DOM,WEB/APP,2024-07-09,Wed,MNL,4,47.91,191.0,1
2025-03-28,DVO,DOM,MNL HUB,MNLDVO,PR  1809,Y,Economy Saver,DOM,WEB/APP,2025-03-04,Fri,MNL,1,52.52,39.0,0
2025-01-18,PPS,DOM,MNL HUB,PPSMNL,PR  2786,Y,Economy Value,DOM,Contact Center,2025-01-14,Sat,MNL,1,98.17,19.0,0
2025-01-01,DVO,DOM,MNL HUB,DVOMNL,PR  2824,Y,Economy Saver,DOM,WEB/APP,2024-07-12,Wed,MNL,1,56.93,188.0,0
2025-04-06,BCD,DOM,MNL HUB,BCDMNL,PR  2132,Y,Economy Value,DOM,WEB/APP,2025-03-14,Sun,BCD,1,93.61,38.0,0
2025-04-02,LAO,DOM,MNL HUB,MNLLAO,PR  2198,Y,Economy Supersaver,,WEB/APP,2025-02-06,Wed,HNL,1,45.11,70.0,0
2025-02-20,CGY,DOM,MNL HUB,MNLCGY,PR  2529,Y,Economy Saver,DOM,Traditional Travel Agency,2025-02-06,Thu,CGY,3,54.53,29.0,1
2025-01-25,ILO,DOM,MNL HUB,ILOMNL,PR  2150,J,Economy Supersaver,DOM,WEB/APP,2024-12-15,Sat,MNL,5,14.9,56.0,1
2025-04-01,ZAM,DOM,MNL HUB,ZAMMNL,PR  2954,Y,Economy Saver,DOM,OTA,2025-03-07,Tue,ZAM,5,45.95,40.0,1
2025-01-14,MPH,DOM,MNL HUB,MPHMNL,PR  2038,J,Economy Supersaver,DOM,Traditional Travel Agency,2024-12-02,Tue,MPH,2,47.92,58.0,1
2025-02-28,CGY,DOM,MNL HUB,MNLCGY,PR  2519,Y,Economy Flex,DOM,Traditional Travel Agency,2025-01-07,Fri,MNL,1,162.5,67.0,0
2025-01-23,CBO,DOM,MNL HUB,CBOMNL,PR  2958,Y,Economy Saver,DOM,WEB/APP,2024-12-08,Thu,CBO,1,59.83,61.0,0
2025-01-22,CEB,DOM,MNL HUB,CEBMNL,PR  1842,Y,Economy Supersaver,DOM,WEB/APP,2024-09-10,Wed,MNL,8,25.3,149.0,1
2025-02-10,LAO,DOM,MNL HUB,MNLLAO,PR  2196,Y,Economy Saver,,Traditional Travel Agency,2024-08-13,Mon,LAX,2,43.94,196.0,1
2025-04-10,DPL,DOM,MNL HUB,MNLDPL,PR  2557,Y,Economy Flex,DOM,Traditional Travel Agency,2025-04-05,Thu,MNL,1,155.17,20.0,0
2025-04-08,GES,DOM,MNL HUB,MNLGES,PR  457,Y,Economy Value,DOM,WEB/APP,2025-04-03,Tue,MNL,1,107.09,20.0,0
2025-02-15,USU,DOM,MNL HUB,MNLUSU,PR  2963,Y,Economy Supersaver,DOM,Sea Crew,2024-11-06,Sat,MNL,2,44.83,116.0,1
2025-03-22,DVO,DOM,MNL HUB,DVOMNL,PR  2822,Y,Economy Saver,DOM,Traditional Travel Agency,2025-03-16,Sat,DVO,2,65.99,21.0,1
2025-03-05,DGT,DOM,MNL HUB,MNLDGT,PR  2545,Y,Economy Saver,Offline,TMC,2025-02-19,Wed,MNL,1,107.04,29.0,0
2025-03-29,DVO,DOM,MNL HUB,DVOMNL,PR  2808,J,Economy Supersaver,DOM,OTA,2025-03-02,Sat,DVO,1,26.31,42.0,0
2025-01-29,DVO,DOM,MNL HUB,DVOMNL,PR  2814,Y,Economy Flex,AUS,OTA,2025-01-29,Wed,DVO,1,263.06,15.0,0
2025-04-01,CEB,DOM,MNL HUB,CEBMNL,PR  1846,J,Business Flex,DOM,WEB/APP,2025-03-31,Tue,CEB,1,270.98,16.0,0
2025-02-22,ILO,DOM,MNL HUB,ILOMNL,PR  2140,J,Economy Flex,DOM,Sea Crew,2025-02-21,Sat,ILO,1,211.54,16.0,0
2025-02-05,ILO,DOM,MNL HUB,MNLILO,PR  2141,J,Economy Value,DOM,WEB/APP,2024-11-01,Wed,MNL,1,91.33,111.0,0
2025-02-19,CGY,DOM,MNL HUB,CGYMNL,PR  2528,Y,Economy Supersaver,DOM,Traditional Travel Agency,2025-02-01,Wed,CGY,7,38.2,33.0,1
2025-02-05,DVO,DOM,MNL HUB,DVOMNL,PR  2812,Y,Economy Supersaver,JAP,Traditional Travel Agency,2024-11-11,Wed,NRT,1,42.3,101.0,0
2025-04-22,DRP,DOM,MNL HUB,DRPMNL,PR  2920,Y,Economy Value,DOM,OTA,2025-03-06,Tue,DRP,2,96.33,62.0,1
2025-03-06,LAO,DOM,MNL HUB,LAOMNL,PR  2197,J,Economy Supersaver,,Traditional Travel Agency,2024-07-04,Thu,HNL,3,49.84,260.0,1
2025-04-12,ILO,DOM,MNL HUB,ILOMNL,PR  2140,Y,Economy Supersaver,Others,OTA,2024-06-26,Sat,ILO,1,27.38,305.0,0
2025-01-29,CEB,DOM,MNL HUB,CEBMNL,PR  1846,Y,Economy Value,DOM,WEB/APP,2025-01-27,Wed,CEB,1,124.27,17.0,0
2025-02-12,CEB,DOM,MNL HUB,MNLCEB,PR  2863,Y,Economy Saver,DOM,Traditional Travel Agency,2025-02-03,Wed,CEB,1,69.6,24.0,0
2025-04-11,CEB,DOM,MNL HUB,MNLCEB,PR  1863,J,Business Flex,Offline,Traditional Travel Agency,2025-04-05,Fri,CEB,2,337.05,21.0,1
2025-04-23,PPS,DOM,MNL HUB,MNLPPS,PR  2785,Y,Economy Value,DOM,Ticket Office,2025-03-20,Wed,PPS,5,109.28,49.0,1
2025-03-30,CGY,DOM,MNL HUB,MNLCGY,PR  2529,J,Economy Supersaver,DOM,OTA,2024-08-26,Sun,CGY,1,26.84,231.0,0
2025-02-28,BXU,DOM,MNL HUB,MNLBXU,PR  2938,Y,Economy Flex,DOM,Ticket Office,2025-01-10,Fri,MNL,1,30.81,64.0,0
2025-02-03,CEB,DOM,MNL HUB,MNLCEB,PR  2853,Y,Economy Flex,,Sea Crew,2025-02-02,Mon,MNL,2,284.7,16.0,1
2025-01-02,MPH,DOM,MNL HUB,MPHMNL,PR  2042,Y,Economy Value,,OTA,2024-04-16,Thu,MNL,4,236.33,276.0,1
2025-01-03,CGY,DOM,MNL HUB,CGYMNL,PR  2526,Y,Economy Supersaver,DOM,Traditional Travel Agency,2024-12-29,Fri,CGY,1,50.32,20.0,0
2025-01-31,GES,DOM,MNL HUB,GESMNL,PR  454,J,Economy Saver,SEA,WEB/APP,2024-12-03,Fri,SIN,4,52.54,74.0,1
2025-04-30,CEB,DOM,MNL HUB,CEBMNL,PR  2868,J,Economy Value,DOM,Traditional Travel Agency,2025-03-14,Wed,MNL,1,125.53,62.0,0
2025-01-13,DVO,DOM,MNL HUB,DVOMNL,PR  1806,J,Economy Supersaver,DOM,Traditional Travel Agency,2024-11-19,Mon,DVO,1,34.83,70.0,0
2025-01-10,USU,DOM,MNL HUB,USUMNL,PR  2962,J,Economy Flex,DOM,WEB/APP,2025-01-04,Fri,USU,3,285.23,21.0,1
2025-03-14,TAG,DOM,MNL HUB,MNLTAG,PR  2777,Y,Economy Value,DOM,WEB/APP,2024-11-16,Fri,MNL,4,107.92,133.0,1
2025-01-06,DVO,DOM,MNL HUB,MNLDVO,PR  1809,Y,Economy Saver,DOM,WEB/APP,2024-11-06,Mon,MNL,2,75.75,76.0,1
2025-01-08,DGT,DOM,MNL HUB,DGTMNL,PR  2544,Y,Economy Saver,DOM,WEB/APP,2024-11-21,Wed,DGT,1,80.07,63.0,0
2025-03-23,DPL,DOM,MNL HUB,DPLMNL,PR  2558,J,Economy Supersaver,DOM,Traditional Travel Agency,2025-03-22,Sun,DPL,1,41.99,16.0,0
2025-02-02,DVO,DOM,MNL HUB,DVOMNL,PR  2814,J,Economy Saver,DOM,Traditional Travel Agency,2025-01-10,Sun,DVO,2,47.84,38.0,1
2025-03-02,TAC,DOM,MNL HUB,MNLTAC,PR  2981,Y,Economy Supersaver,DOM,WEB/APP,2025-01-26,Sun,MNL,2,40.08,50.0,1
2025-02-07,CEB,DOM,MNL HUB,CEBMNL,PR  2836,Y,Economy Supersaver,DOM,WEB/APP,2025-02-01,Fri,MNL,1,38.71,21.0,0
2025-02-16,DVO,DOM,MNL HUB,MNLDVO,PR  2819,Y,Economy Saver,DOM,WEB/APP,2025-02-06,Sun,DVO,4,81.06,25.0,1
2025-04-21,GES,DOM,MNL HUB,GESMNL,PR  454,Y,Economy Value,DOM,Traditional Travel Agency,2025-04-01,Mon,GES,2,116.92,35.0,1
2025-01-06,DVO,DOM,MNL HUB,MNLDVO,PR  2825,Y,Economy Saver,DOM,Traditional Travel Agency,2024-12-17,Mon,MNL,2,51.02,35.0,1
2025-04-06,MPH,DOM,MNL HUB,MNLMPH,PR  2041,Y,Economy Supersaver,DOM,WEB/APP,2025-01-14,Sun,MNL,8,37.93,97.0,1
2025-01-01,CGY,DOM,MNL HUB,CGYMNL,PR  2522,W,Premium Economy,DOM,WEB/APP,2024-12-12,Wed,MNL,1,156.76,35.0,0
2025-04-08,CBO,DOM,MNL HUB,CBOMNL,PR  2960,Y,Economy Saver,DOM,OTA,2025-03-15,Tue,CBO,1,81.61,39.0,0
2025-04-26,DVO,DOM,MNL HUB,DVOMNL,PR  2816,Y,Economy Supersaver,DOM,WEB/APP,2025-02-21,Sat,DVO,4,45.48,79.0,1
2025-03-15,LAO,DOM,MNL HUB,MNLLAO,PR  2198,J,Economy Value,G.CN,OTA,2025-02-14,Sat,HKG,1,60.02,44.0,0
2025-03-13,DVO,DOM,MNL HUB,DVOMNL,PR  2822,Y,Economy Supersaver,DOM,Traditional Travel Agency,2024-11-26,Thu,DVO,2,20.09,122.0,1
2025-01-16,BCD,DOM,MNL HUB,BCDMNL,PR  2130,J,Economy Flex,Offline,Traditional Travel Agency,2025-01-07,Thu,BCD,1,189.99,24.0,0
2025-02-15,KLO,DOM,MNL HUB,MNLKLO,PR  2969,Y,Economy Supersaver,DOM,WEB/APP,2024-03-09,Sat,MNL,2,13.36,358.0,1
2025-04-10,CEB,DOM,MNL HUB,MNLCEB,PR  2859,J,Economy Value,DOM,Contact Center,2025-04-01,Thu,MNL,1,97.3,24.0,0
2025-04-06,DVO,DOM,MNL HUB,MNLDVO,PR  2825,Y,Economy Saver,DOM,OTA,2025-04-01,Sun,MNL,2,63.63,20.0,1
2025-04-25,DVO,DOM,MNL HUB,DVOMNL,PR  2824,Y,Economy Flex,Offline,Traditional Travel Agency,2025-04-08,Fri,DAR,1,145.6,32.0,0
2025-02-28,TAC,DOM,MNL HUB,TACMNL,PR  2982,Y,Economy Value,DOM,Ticket Office,2025-02-17,Fri,TAC,1,127.29,26.0,0
2025-01-08,PPS,DOM,MNL HUB,MNLPPS,PR  2785,J,Economy Value,DOM,WEB/APP,2025-01-07,Wed,MNL,3,113.6,16.0,1
2025-02-14,CEB,DOM,MNL HUB,MNLCEB,PR  1861,J,Business Flex,DOM,Contact Center,2025-02-12,Fri,MNL,1,272.99,17.0,0
2025-04-11,MPH,DOM,MNL HUB,MPHMNL,PR  2046,J,Economy Supersaver,DOM,WEB/APP,2024-05-18,Fri,MNL,5,18.9,343.0,1
2025-01-08,LAO,DOM,MNL HUB,LAOMNL,PR  2199,Y,Economy Supersaver,DOM,WEB/APP,2024-12-16,Wed,LAO,2,43.47,38.0,1
2025-02-20,MPH,DOM,MNL HUB,MNLMPH,PR  2041,J,Economy Value,DOM,Traditional Travel Agency,2025-01-05,Thu,MNL,2,101.36,61.0,1
2025-01-22,CGY,DOM,MNL HUB,MNLCGY,PR  2519,Y,Economy Supersaver,DOM,Traditional Travel Agency,2025-01-09,Wed,MNL,1,49.27,28.0,0
2025-04-12,DVO,DOM,MNL HUB,MNLDVO,PR  1817,J,Economy Saver,ME,Traditional Travel Agency,2025-02-28,Sat,AHB,1,68.67,58.0,0
2025-04-30,CEB,DOM,MNL HUB,MNLCEB,PR  2861,J,Economy Saver,DOM,WEB/APP,2025-04-16,Wed,CEB,1,95.33,29.0,0
2025-01-27,CGY,DOM,MNL HUB,CGYMNL,PR  2530,Y,Economy Value,DOM,WEB/APP,2025-01-22,Mon,MNL,1,99.41,20.0,0
2025-03-13,CBO,DOM,MNL HUB,CBOMNL,PR  2960,Y,Economy Saver,DOM,WEB/APP,2025-02-26,Thu,CBO,1,66.71,30.0,0
2025-04-26,DVO,DOM,MNL HUB,MNLDVO,PR  1817,Y,Economy Value,Offline,Traditional Travel Agency,2025-04-03,Sat,KWI,2,46.39,38.0,1
2025-03-30,BCD,DOM,MNL HUB,BCDMNL,PR  2130,W,Premium Economy,DOM,WEB/APP,2025-03-12,Sun,BCD,3,83.64,33.0,1
2025-01-23,ILO,DOM,MNL HUB,MNLILO,PR  2139,W,Premium Economy,DOM,Contact Center,2025-01-12,Thu,MNL,1,165.68,26.0,0
2025-03-19,ZAM,DOM,MNL HUB,MNLZAM,PR  2993,J,Economy Supersaver,DOM,Traditional Travel Agency,2025-03-07,Wed,MNL,2,51.37,27.0,1
2025-01-16,TAC,DOM,MNL HUB,MNLTAC,PR  2985,Y,Economy Value,DOM,WEB/APP,2024-11-23,Thu,MNL,4,108.84,69.0,1
2025-04-07,BCD,DOM,MNL HUB,MNLBCD,PR  2131,Y,Economy Value,,Traditional Travel Agency,2025-04-04,Mon,SFO,1,58.16,18.0,0
2025-04-02,GES,DOM,MNL HUB,MNLGES,PR  453,Y,Economy Supersaver,DOM,OTA,2025-03-15,Wed,MNL,1,65.65,33.0,0
2025-01-18,CBO,DOM,MNL HUB,CBOMNL,PR  2958,J,Economy Supersaver,DOM,Traditional Travel Agency,2024-11-20,Sat,CBO,1,51.84,74.0,0
2025-02-05,MPH,DOM,MNL HUB,MNLMPH,PR  2041,Y,Economy Value,DOM,WEB/APP,2024-11-10,Wed,MNL,1,99.63,102.0,0
2025-01-13,TAC,DOM,MNL HUB,TACMNL,PR  2982,Y,Economy Value,,Traditional Travel Agency,2024-12-13,Mon,TAC,1,96.45,46.0,0
2025-04-07,CEB,DOM,MNL HUB,MNLCEB,PR  2867,J,Economy Value,DOM,OTA,2025-04-05,Mon,MNL,1,95.94,17.0,0
2025-04-08,DGT,DOM,MNL HUB,MNLDGT,PR  2545,J,Economy Supersaver,DOM,WEB/APP,2025-02-26,Tue,MNL,1,66.21,56.0,0
2025-03-16,MPH,DOM,MNL HUB,MPHMNL,PR  2042,W,Premium Economy,DOM,WEB/APP,2025-02-11,Sun,MNL,3,147.84,48.0,1
2025-04-02,DVO,DOM,MNL HUB,DVOMNL,PR  1802,Y,Economy Supersaver,DOM,WEB/APP,2025-03-24,Wed,DVO,2,38.64,24.0,1
2025-02-04,MPH,DOM,MNL HUB,MNLMPH,PR  2047,Y,Economy Supersaver,DOM,WEB/APP,2024-12-12,Tue,MNL,1,36.35,69.0,0
2025-01-07,DPL,DOM,MNL HUB,DPLMNL,PR  2558,Y,Economy Supersaver,DOM,Sea Crew,2024-11-15,Tue,DPL,1,34.13,68.0,0
2025-03-17,DVO,DOM,MNL HUB,DVOMNL,PR  2820,J,Economy Supersaver,DOM,Traditional Travel Agency,2025-02-07,Mon,MNL,1,28.07,53.0,0
2025-04-08,DRP,DOM,MNL HUB,MNLDRP,PR  2919,Y,Economy Saver,Offline,OTA,2025-03-30,Tue,JED,1,34.31,24.0,0
2025-04-01,ILO,DOM,MNL HUB,ILOMNL,PR  2144,Y,Economy Value,,WEB/APP,2024-08-04,Tue,JFK,1,55.5,255.0,0
2025-01-10,RXS,DOM,MNL HUB,RXSMNL,PR  2204,J,Economy Supersaver,DOM,Traditional Travel Agency,2024-11-07,Fri,MNL,1,40.92,79.0,0
2025-04-03,GES,DOM,MNL HUB,MNLGES,PR  2455,W,Premium Economy,ME,Traditional Travel Agency,2025-02-10,Thu,DOH,1,136.5,67.0,0
2025-04-08,ILO,DOM,MNL HUB,MNLILO,PR  2145,Y,Economy Saver,Offline,Traditional Travel Agency,2025-02-18,Tue,KWI,1,18.64,64.0,0
2025-04-03,BCD,DOM,MNL HUB,BCDMNL,PR  2136,Y,Economy Supersaver,DOM,Sea Crew,2025-03-29,Thu,BCD,2,61.57,20.0,1
2025-03-29,BCD,DOM,MNL HUB,BCDMNL,PR  2130,Y,Economy Value,DOM,Traditional Travel Agency,2025-02-20,Sat,BCD,1,81.29,52.0,0
2025-03-18,PPS,DOM,MNL HUB,MNLPPS,PR  2787,J,Economy Saver,DOM,WEB/APP,2024-11-17,Tue,PPS,1,61.09,136.0,0
2025-04-05,CEB,DOM,MNL HUB,CEBMNL,PR  2864,Y,Economy Supersaver,DOM,OTA,2025-03-07,Sat,CEB,4,15.15,44.0,1
2025-02-16,DVO,DOM,MNL HUB,MNLDVO,PR  1809,J,Economy Supersaver,DOM,Traditional Travel Agency,2025-02-11,Sun,MNL,2,35.81,20.0,1
2025-04-06,LAO,DOM,MNL HUB,LAOMNL,PR  2199,Y,Economy Saver,SEA,WEB/APP,2025-03-15,Sun,SIN,1,43.98,37.0,0
2025-03-25,CEB,DOM,MNL HUB,CEBMNL,PR  2850,Y,Economy Saver,JAP,Traditional Travel Agency,2024-11-11,Tue,CEB,1,100.83,149.0,0
2025-03-04,DVO,DOM,MNL HUB,DVOMNL,PR  2814,J,Economy Supersaver,DOM,WEB/APP,2025-02-06,Tue,DVO,1,40.71,41.0,0
2025-01-06,CEB,DOM,MNL HUB,CEBMNL,PR  1862,Y,Economy Saver,DOM,WEB/APP,2024-12-02,Mon,MNL,1,74.62,50.0,0
2025-04-22,TAC,DOM,MNL HUB,MNLTAC,PR  2985,Y,Economy Value,DOM,WEB/APP,2025-03-31,Tue,MNL,1,107.85,37.0,0
2025-04-02,MPH,DOM,MNL HUB,MPHMNL,PR  2044,J,Economy Supersaver,,OTA,2025-03-11,Wed,MPH,1,36.52,37.0,0
2025-04-06,CEB,DOM,MNL HUB,MNLCEB,PR  1841,Y,Economy Saver,,OTA,2024-09-22,Sun,PER,1,67.68,211.0,0
2025-04-11,BCD,DOM,MNL HUB,BCDMNL,PR  2134,Y,Economy Value,DOM,Traditional Travel Agency,2025-04-07,Fri,MNL,2,85.73,19.0,1
2025-01-06,BCD,DOM,MNL HUB,BCDMNL,PR  2136,J,Economy Supersaver,DOM,Ticket Office,2024-07-26,Mon,MNL,5,43.97,179.0,1
2025-01-24,DVO,DOM,MNL HUB,MNLDVO,PR  2821,Y,Economy Supersaver,DOM,Traditional Travel Agency,2024-11-21,Fri,MNL,2,32.87,79.0,1
2025-04-11,ILO,DOM,MNL HUB,MNLILO,PR  2139,Y,Economy Value,SEA,WEB/APP,2025-02-25,Fri,BKK,1,62.18,60.0,0
2025-04-08,MPH,DOM,MNL HUB,MNLMPH,PR  2045,J,Economy Supersaver,DOM,Ticket Office,2025-02-07,Tue,MNL,3,37.1,75.0,1
2025-04-03,CBO,DOM,MNL HUB,CBOMNL,PR  2960,Y,Economy Supersaver,DOM,WEB/APP,2025-01-29,Thu,CBO,1,44.4,79.0,0
2025-03-13,DRP,DOM,MNL HUB,DRPMNL,PR  2926,Y,Economy Saver,DOM,WEB/APP,2025-01-30,Thu,DRP,2,34.36,57.0,1
2025-01-17,DVO,DOM,MNL HUB,DVOMNL,PR  1810,J,Economy Flex,ME,Traditional Travel Agency,2024-11-11,Fri,DVO,1,192.6,82.0,0
2025-04-01,ZAM,DOM,MNL HUB,ZAMMNL,PR  2998,Y,Economy Value,DOM,OTA,2025-03-25,Tue,ZAM,1,94.81,22.0,0
2025-04-06,PPS,DOM,MNL HUB,PPSMNL,PR  2786,Y,Economy Value,DOM,WEB/APP,2025-03-10,Sun,MNL,1,107.03,42.0,0
2025-04-02,BXU,DOM,MNL HUB,BXUMNL,PR  2968,Y,Economy Value,AUS,OTA,2025-02-28,Wed,BXU,1,146.02,48.0,0
2025-02-17,DRP,DOM,MNL HUB,MNLDRP,PR  2919,Y,Economy Supersaver,DOM,WEB/APP,2025-01-07,Mon,MNL,1,42.66,56.0,0
2025-01-25,MPH,DOM,MNL HUB,MPHMNL,PR  2042,Y,Economy Saver,DOM,Traditional Travel Agency,2025-01-10,Sat,MNL,1,86.42,30.0,0
2025-04-11,CEB,DOM,MNL HUB,CEBMNL,PR  1842,Y,Economy Saver,ME,WEB/APP,2025-01-19,Fri,DOH,1,40.46,97.0,0
2025-01-24,DRP,DOM,MNL HUB,DRPMNL,PR  2920,J,Economy Saver,DOM,Traditional Travel Agency,2025-01-10,Fri,MNL,1,63.17,29.0,0
2025-04-09,ZAM,DOM,MNL HUB,MNLZAM,PR  2993,Y,Economy Saver,DOM,WEB/APP,2025-03-10,Wed,MNL,2,73.05,45.0,1
2025-04-24,CYZ,DOM,MNL HUB,MNLCYZ,PR  2018,J,Economy Supersaver,DOM,WEB/APP,2025-04-19,Thu,MNL,1,37.31,20.0,0
2025-01-21,CEB,DOM,MNL HUB,CEBMNL,PR  1862,J,Economy Value,DOM,WEB/APP,2025-01-20,Tue,IAO,1,82.49,16.0,0
2025-01-03,TAC,DOM,MNL HUB,TACMNL,PR  2982,Y,Economy Flex,DOM,Ticket Office,2024-12-30,Fri,TAC,1,162.93,19.0,0
2025-04-06,USU,DOM,MNL HUB,MNLUSU,PR  2963,Y,Economy Saver,,Traditional Travel Agency,2025-03-28,Sun,MNL,1,142.29,24.0,0
2025-04-01,GES,DOM,MNL HUB,GESMNL,PR  454,J,Economy Saver,DOM,WEB/APP,2025-03-12,Tue,GES,2,46.38,35.0,1
2025-02-07,TAG,DOM,MNL HUB,TAGMNL,PR  2774,Y,Economy Saver,DOM,WEB/APP,2025-02-04,Fri,MNL,1,91.14,18.0,0
2025-02-08,CEB,DOM,MNL HUB,MNLCEB,PR  1841,Y,Economy Supersaver,DOM,Traditional Travel Agency,2024-09-09,Sat,MNL,5,17.55,167.0,1
2025-01-13,CEB,DOM,MNL HUB,CEBMNL,PR  2860,Y,Economy Saver,DOM,WEB/APP,2025-01-04,Mon,MNL,1,72.64,24.0,0
2025-03-08,ILO,DOM,MNL HUB,MNLILO,PR  2145,Y,Economy Supersaver,DOM,WEB/APP,2025-02-12,Sat,ILO,2,29.34,39.0,1
2025-02-10,DVO,DOM,MNL HUB,DVOMNL,PR  2808,J,Business Value,AUS,OTA,2025-02-09,Mon,DVO,1,141.23,16.0,0
2025-01-31,TAG,DOM,MNL HUB,TAGMNL,PR  2778,J,Economy Saver,DOM,Corporate Web Portal,2025-01-28,Fri,MNL,5,78.59,18.0,1
2025-01-20,CEB,DOM,MNL HUB,MNLCEB,PR  1861,J,Economy Flex,ROW,,2025-01-18,Mon,,1,140.1,17.0,0
2025-01-19,TAG,DOM,MNL HUB,TAGMNL,PR  2774,J,Economy Value,SEA,WEB/APP,2025-01-06,Sun,SIN,1,75.11,28.0,0
2025-03-29,CGY,DOM,MNL HUB,CGYMNL,PR  2520,Y,Economy Supersaver,DOM,WEB/APP,2024-12-20,Sat,CGY,3,30.68,114.0,1
2025-01-21,TAG,DOM,MNL HUB,TAGMNL,PR  2774,Y,Economy Saver,DOM,WEB/APP,2024-12-11,Tue,TAG,2,37.99,56.0,1
2025-01-02,DVO,DOM,MNL HUB,DVOMNL,PR  2808,Y,Economy Saver,DOM,Traditional Travel Agency,2024-11-18,Thu,DVO,3,60.43,60.0,1
2025-01-08,DVO,DOM,MNL HUB,MNLDVO,PR  2813,Y,Economy Supersaver,ROW,,2025-01-07,Wed,MNL,2,41.24,16.0,1
2025-02-22,DVO,DOM,MNL HUB,DVOMNL,PR  2808,Y,Economy Supersaver,DOM,Traditional Travel Agency,2025-01-24,Sat,DVO,2,24.61,44.0,1
2025-01-08,DVO,DOM,MNL HUB,DVOMNL,PR  2824,Y,Economy Value,ME,Traditional Travel Agency,2024-02-09,Wed,DXB,1,146.9,349.0,0
2025-03-19,CEB,DOM,MNL HUB,CEBMNL,PR  2880,Y,Economy Saver,DOM,Traditional Travel Agency,2025-03-15,Wed,BXU,1,44.2,19.0,0
2025-04-04,CGY,DOM,MNL HUB,MNLCGY,PR  2527,Y,Economy Supersaver,SEA,OTA,2025-03-02,Fri,CGY,5,35.8,48.0,1
2025-04-03,ILO,DOM,MNL HUB,MNLILO,PR  2141,Y,Economy Value,AUS,Traditional Travel Agency,2024-12-02,Thu,BNE,1,64.65,137.0,0
2025-03-08,CYP,DOM,MNL HUB,CYPMNL,PR  2672,Y,Economy Saver,DOM,WEB/APP,2025-02-05,Sat,CYP,1,104.96,46.0,0
2025-04-09,PPS,DOM,MNL HUB,PPSMNL,PR  2780,J,Economy Supersaver,DOM,OTA,2025-01-27,Wed,MNL,3,26.06,87.0,1
2025-04-06,CGY,DOM,MNL HUB,MNLCGY,PR  2529,J,Economy Supersaver,DOM,WEB/APP,2025-02-26,Sun,CGY,1,24.56,54.0,0
2025-02-09,BCD,DOM,MNL HUB,BCDMNL,PR  2134,Y,Economy Value,DOM,WEB/APP,2025-01-27,Sun,MNL,1,98.26,28.0,0
2025-01-04,CGY,DOM,MNL HUB,CGYMNL,PR  2522,J,Economy Flex,DOM,Contact Center,2024-11-04,Sat,CGY,2,182.24,76.0,1
2025-03-03,ILO,DOM,MNL HUB,ILOMNL,PR  2142,Y,Economy Supersaver,DOM,WEB/APP,2025-02-05,Mon,MNL,1,42.15,41.0,0
2025-02-08,CGY,DOM,MNL HUB,CGYMNL,PR  2530,Y,Economy Saver,DOM,Traditional Travel Agency,2025-02-05,Sat,CGY,1,68.68,18.0,0
2025-02-17,PPS,DOM,MNL HUB,PPSMNL,PR  2780,Y,Economy Supersaver,DOM,Ticket Office,2025-01-09,Mon,MNL,5,24.66,54.0,1
2025-04-21,CEB,DOM,MNL HUB,MNLCEB,PR  2867,Y,Economy Saver,Others,OTA,2025-04-06,Mon,CEB,2,52.84,30.0,1
2025-04-12,CYZ,DOM,MNL HUB,MNLCYZ,PR  2018,Y,Economy Flex,DOM,Contact Center,2025-03-26,Sat,MNL,3,123.91,32.0,1
2025-02-22,CGY,DOM,MNL HUB,MNLCGY,PR  2521,Y,Economy Value,DOM,Traditional Travel Agency,2025-02-12,Sat,MNL,1,125.7,25.0,0
2025-04-08,CBO,DOM,MNL HUB,MNLCBO,PR  2959,Y,Economy Value,DOM,WEB/APP,2025-03-16,Tue,CBO,1,89.84,38.0,0
2025-01-12,CEB,DOM,MNL HUB,CEBMNL,PR  2846,Y,Economy Saver,SEA,Traditional Travel Agency,2024-12-26,Sun,CEB,1,39.96,32.0,0
2025-01-03,PAG,DOM,MNL HUB,PAGMNL,PR  2784,Y,Economy Saver,ROW,,2024-12-05,Fri,PAG,3,114.43,44.0,1
2025-04-05,PPS,DOM,MNL HUB,MNLPPS,PR  2787,Y,Economy Saver,DOM,WEB/APP,2024-12-22,Sat,PPS,1,62.6,119.0,0
2025-04-13,DGT,DOM,MNL HUB,DGTMNL,PR  2544,Y,Economy Supersaver,DOM,OTA,2025-04-06,Sun,DGT,1,78.26,22.0,0
2025-03-03,ILO,DOM,MNL HUB,ILOMNL,PR  2140,Y,Economy Supersaver,DOM,WEB/APP,2024-11-06,Mon,ILO,2,13.09,132.0,1
2025-02-01,DRP,DOM,MNL HUB,MNLDRP,PR  2919,Y,Economy Saver,DOM,WEB/APP,2024-12-12,Sat,MNL,1,55.78,66.0,0
2025-04-03,CEB,DOM,MNL HUB,MNLCEB,PR  2849,Y,Economy Value,DOM,Traditional Travel Agency,2025-03-25,Thu,MNL,2,99.29,24.0,1
2025-01-09,DVO,DOM,MNL HUB,DVOMNL,PR  2808,Y,Economy Flex,DOM,WEB/APP,2024-12-31,Thu,DVO,1,180.18,24.0,0
2025-01-30,ZAM,DOM,MNL HUB,MNLZAM,PR  2997,J,Economy Value,DOM,WEB/APP,2025-01-16,Thu,ZAM,2,90.07,29.0,1
2025-04-12,TAC,DOM,MNL HUB,MNLTAC,PR  2985,Y,Economy Saver,,OTA,2025-02-16,Sat,SIN,1,43.44,70.0,0
2025-04-10,LAO,DOM,MNL HUB,LAOMNL,PR  2197,W,Premium Economy,,Traditional Travel Agency,2025-02-10,Thu,HNL,1,88.63,74.0,0
2025-04-23,DVO,DOM,MNL HUB,DVOMNL,PR  2822,Y,Economy Saver,DOM,WEB/APP,2025-03-24,Wed,DVO,3,73.55,45.0,1
2025-03-04,CEB,DOM,MNL HUB,CEBMNL,PR  1846,J,Business Flex,DOM,WEB/APP,2025-02-12,Tue,CEB,2,197.7,35.0,1
2025-03-04,USU,DOM,MNL HUB,MNLUSU,PR  2963,Y,Economy Flex,,Traditional Travel Agency,2025-02-26,Tue,MNL,2,337.96,21.0,1
2025-02-12,LAO,DOM,MNL HUB,LAOMNL,PR  2199,J,Economy Flex,DOM,Traditional Travel Agency,2025-02-07,Wed,LAO,1,183.51,20.0,0
2025-03-02,DRP,DOM,MNL HUB,DRPMNL,PR  2924,Y,Economy Supersaver,DOM,Sea Crew,2025-02-10,Sun,DRP,1,53.12,35.0,0
2025-04-09,DVO,DOM,MNL HUB,MNLDVO,PR  2815,Y,Economy Supersaver,DOM,WEB/APP,2025-03-05,Wed,MNL,1,44.52,50.0,0
2025-02-25,TUG,DOM,MNL HUB,MNLTUG,PR  2014,Y,Economy Saver,DOM,Traditional Travel Agency,2025-02-24,Tue,MNL,4,54.03,16.0,1
2025-04-28,CEB,DOM,MNL HUB,CEBMNL,PR  1864,Y,Economy Supersaver,DOM,OTA,2025-03-03,Mon,CEB,10,15.53,71.0,1
2025-04-06,DGT,DOM,MNL HUB,DGTMNL,PR  2544,J,Economy Supersaver,ME,WEB/APP,2025-03-26,Sun,DOH,1,50.0,26.0,0
2025-01-12,ILO,DOM,MNL HUB,ILOMNL,PR  2148,Y,Economy Supersaver,DOM,Contact Center,2025-01-02,Sun,ILO,1,40.06,25.0,0
2025-04-03,DVO,DOM,MNL HUB,MNLDVO,PR  1813,Y,Economy Value,DOM,Traditional Travel Agency,2025-03-26,Thu,MNL,3,96.32,23.0,1
2025-04-07,ZAM,DOM,MNL HUB,ZAMMNL,PR  2954,Y,Economy Saver,DOM,OTA,2025-04-05,Mon,ZAM,2,85.22,17.0,1
2025-04-02,ILO,DOM,MNL HUB,MNLILO,PR  2141,Y,Economy Flex,ROW,,2025-04-01,Wed,,1,94.64,16.0,0
2025-03-02,CEB,DOM,MNL HUB,CEBMNL,PR  2860,Y,Economy Saver,JAP,OTA,2025-01-28,Sun,HAN,1,61.27,48.0,0
2025-03-15,DVO,DOM,MNL HUB,MNLDVO,PR  1803,Y,Economy Flex,DOM,Ticket Office,2025-03-14,Sat,MNL,1,157.43,16.0,0
2025-01-06,RXS,DOM,MNL HUB,MNLRXS,PR  2203,Y,Economy Value,,Traditional Travel Agency,2024-07-26,Mon,YYZ,3,68.61,179.0,1
2025-03-26,PPS,DOM,MNL HUB,PPSMNL,PR  2788,J,Economy Saver,DOM,WEB/APP,2025-03-21,Wed,PPS,1,79.78,20.0,0
2025-04-07,DVO,DOM,MNL HUB,MNLDVO,PR  2815,Y,Economy Value,DOM,WEB/APP,2025-03-27,Mon,MNL,1,96.1,26.0,0
2025-02-19,BCD,DOM,MNL HUB,MNLBCD,PR  2135,J,Economy Supersaver,DOM,Traditional Travel Agency,2024-11-23,Wed,MNL,1,14.49,103.0,0
2025-03-22,DVO,DOM,MNL HUB,MNLDVO,PR  2823,J,Economy Supersaver,DOM,Traditional Travel Agency,2025-02-27,Sat,MNL,4,28.56,38.0,1
2025-03-28,BSO,DOM,MNL HUB,BSOMNL,PR  2933,J,Economy Value,DOM,WEB/APP,2025-01-17,Fri,MNL,2,108.84,85.0,1
2025-03-17,CEB,DOM,MNL HUB,MNLCEB,PR  2869,Y,Economy Supersaver,DOM,WEB/APP,2024-12-01,Mon,CEB,4,12.91,121.0,1
2025-04-09,TAG,DOM,MNL HUB,MNLTAG,PR  2773,J,Economy Saver,G.CN,Traditional Travel Agency,2025-04-01,Wed,PVG,1,54.7,23.0,0
2025-03-16,TAG,DOM,MNL HUB,TAGMNL,PR  2776,Y,Economy Supersaver,DOM,Traditional Travel Agency,2025-03-14,Sun,TAG,1,61.72,17.0,0
2025-02-05,TAC,DOM,MNL HUB,MNLTAC,PR  2987,Y,Economy Saver,AUS,WEB/APP,2025-02-03,Wed,MEL,4,50.67,17.0,1
2025-03-21,TAG,DOM,MNL HUB,MNLTAG,PR  2775,J,Economy Value,DOM,Sea Crew,2025-03-21,Fri,MNL,1,109.5,15.0,0
2025-02-01,CEB,DOM,MNL HUB,MNLCEB,PR  2849,J,Economy Saver,JAP,OTA,2025-01-26,Sat,PNH,1,66.0,21.0,0
2025-04-06,LAO,DOM,MNL HUB,MNLLAO,PR  2198,J,Economy Value,DOM,WEB/APP,2025-04-01,Sun,LAO,2,99.1,20.0,1
2025-03-20,GES,DOM,MNL HUB,MNLGES,PR  453,Y,Economy Value,DOM,WEB/APP,2025-03-16,Thu,GES,1,103.11,19.0,0
2025-04-06,BCD,DOM,MNL HUB,MNLBCD,PR  2131,Y,Economy Supersaver,,Contact Center,2025-01-27,Sun,YVR,1,43.09,84.0,0
2025-03-27,CEB,DOM,MNL HUB,MNLCEB,PR  2853,Y,Economy Supersaver,DOM,WEB/APP,2024-09-02,Thu,MNL,3,18.68,221.0,1
2025-01-31,TAC,DOM,MNL HUB,TACMNL,PR  2986,Y,Economy Flex,DOM,Traditional Travel Agency,2025-01-22,Fri,MNL,1,148.25,24.0,0
2025-04-22,GES,DOM,MNL HUB,MNLGES,PR  2455,Y,Economy Supersaver,DOM,WEB/APP,2025-02-26,Tue,GES,2,46.23,70.0,1
2025-02-02,CEB,DOM,MNL HUB,CEBMNL,PR  2860,Y,Economy Saver,SEA,OTA,2025-01-04,Sun,SIN,1,40.94,44.0,0
2025-01-06,TAG,DOM,MNL HUB,TAGMNL,PR  2778,J,Economy Saver,DOM,WEB/APP,2024-06-13,Mon,MNL,2,85.59,222.0,1
2025-04-26,DVO,DOM,MNL HUB,DVOMNL,PR  1820,W,Premium Economy,DOM,Traditional Travel Agency,2025-04-10,Sat,DVO,1,250.88,31.0,0
2025-04-01,CGY,DOM,MNL HUB,CGYMNL,PR  2526,Y,Economy Supersaver,DOM,OTA,2025-03-08,Tue,CGY,1,33.67,39.0,0
2025-03-16,LAO,DOM,MNL HUB,MNLLAO,PR  2196,Y,Economy Saver,DOM,Traditional Travel Agency,2025-03-07,Sun,MNL,4,88.06,24.0,1
2025-04-30,CEB,DOM,MNL HUB,CEBMNL,PR  1842,J,Economy Supersaver,DOM,OTA,2024-12-03,Wed,CEB,1,22.0,163.0,0
2025-01-09,TAC,DOM,MNL HUB,TACMNL,PR  2988,J,Economy Supersaver,DOM,WEB/APP,2024-06-08,Thu,TAC,2,26.53,230.0,1
2025-04-08,MPH,DOM,MNL HUB,MPHMNL,PR  2046,Y,Economy Supersaver,DOM,OTA,2025-01-11,Tue,MPH,3,38.6,102.0,1
2025-01-16,BXU,DOM,MNL HUB,BXUMNL,PR  2968,Y,Economy Supersaver,DOM,Traditional Travel Agency,2025-01-02,Thu,BXU,2,53.05,29.0,1
2025-02-15,USU,DOM,MNL HUB,MNLUSU,PR  2965,Y,Economy Flex,DOM,Sea Crew,2025-02-02,Sat,MNL,1,247.73,28.0,0
2025-04-10,EUQ,DOM,MNL HUB,MNLEUQ,PR  2905,Y,Economy Saver,DOM,WEB/APP,2025-02-20,Thu,MNL,1,82.84,64.0,0
2025-01-12,KLO,DOM,MNL HUB,MNLKLO,PR  2969,J,Economy Supersaver,DOM,WEB/APP,2024-08-27,Sun,MNL,4,37.38,153.0,1
2025-04-11,CYZ,DOM,MNL HUB,MNLCYZ,PR  2018,J,Economy Supersaver,SEA,WEB/APP,2025-02-08,Fri,SIN,1,24.29,77.0,0
2025-03-01,BXU,DOM,MNL HUB,BXUMNL,PR  2939,Y,Economy Supersaver,DOM,WEB/APP,2025-02-21,Sat,MNL,2,41.8,23.0,1
2025-03-22,BCD,DOM,MNL HUB,MNLBCD,PR  2137,Y,Economy Flex,SEA,Traditional Travel Agency,2025-03-14,Sat,MNL,1,175.07,23.0,0
2025-02-19,ILO,DOM,MNL HUB,ILOMNL,PR  2148,J,Economy Value,G.CN,OTA,2025-02-16,Wed,ILO,2,61.78,18.0,1
2025-04-10,TAG,DOM,MNL HUB,TAGMNL,PR  2778,Y,Economy Supersaver,DOM,WEB/APP,2025-01-12,Thu,MNL,2,22.09,103.0,1
2025-03-05,CEB,DOM,MNL HUB,MNLCEB,PR  1845,Y,Economy Supersaver,DOM,WEB/APP,2025-01-06,Wed,MNL,2,27.29,73.0,1
2025-02-12,ZAM,DOM,MNL HUB,MNLZAM,PR  2997,Y,Economy Supersaver,DOM,WEB/APP,2024-08-16,Wed,MNL,3,33.57,195.0,1
2025-01-16,BXU,DOM,MNL HUB,BXUMNL,PR  2968,J,Economy Flex,ME,WEB/APP,2024-10-06,Thu,DMM,1,183.39,117.0,0
2025-01-15,BCD,DOM,MNL HUB,BCDMNL,PR  2136,Y,Economy Saver,DOM,Ticket Office,2024-11-15,Wed,MNL,2,60.65,76.0,1
2025-03-22,BXU,DOM,MNL HUB,MNLBXU,PR  2938,Y,Economy Value,Offline,Traditional Travel Agency,2025-03-19,Sat,MNL,1,159.69,18.0,0
2025-01-12,CGY,DOM,MNL HUB,CGYMNL,PR  2530,J,Economy Flex,DOM,WEB/APP,2025-01-11,Sun,CGY,1,164.12,16.0,0
2025-04-07,ILO,DOM,MNL HUB,ILOMNL,PR  2140,Y,Economy Saver,ME,WEB/APP,2025-03-21,Mon,DXB,1,49.91,32.0,0
2025-02-20,EUQ,DOM,MNL HUB,EUQMNL,PR  2906,Y,Economy Value,DOM,WEB/APP,2025-02-17,Thu,EUQ,2,140.24,18.0,1
2025-01-20,CEB,DOM,MNL HUB,CEBMNL,PR  2868,J,Economy Flex,DOM,WEB/APP,2025-01-12,Mon,MNL,7,170.81,23.0,1
2025-04-28,ILO,DOM,MNL HUB,MNLILO,PR  2139,Y,Economy Saver,G.CN,OTA,2025-04-11,Mon,DVO,3,45.13,32.0,1
2025-03-05,CEB,DOM,MNL HUB,CEBMNL,PR  2868,J,Economy Value,Offline,Traditional Travel Agency,2025-02-26,Wed,CEB,1,171.74,22.0,0
2025-01-10,BCD,DOM,MNL HUB,BCDMNL,PR  2138,W,Premium Economy,DOM,Contact Center,2025-01-08,Fri,MNL,1,151.47,17.0,0
2025-04-08,ILO,DOM,MNL HUB,MNLILO,PR  2145,Y,Economy Supersaver,AUS,OTA,2025-03-10,Tue,SIN,1,34.62,44.0,0
2025-01-02,CGY,DOM,MNL HUB,CGYMNL,PR  2528,J,Economy Value,DOM,WEB/APP,2024-12-17,Thu,MNL,1,113.05,31.0,0
2025-04-01,CGY,DOM,MNL HUB,CGYMNL,PR  2530,Y,Economy Supersaver,DOM,OTA,2024-12-25,Tue,CGY,1,26.0,112.0,0
2025-01-31,CGY,DOM,MNL HUB,MNLCGY,PR  2527,Y,Economy Saver,DOM,Ticket Office,2025-01-20,Fri,MPH,2,69.46,26.0,1
2025-04-29,CGY,DOM,MNL HUB,MNLCGY,PR  2525,Y,Economy Value,DOM,Traditional Travel Agency,2025-04-23,Tue,MNL,1,105.05,21.0,0
2025-04-07,TAC,DOM,MNL HUB,TACMNL,PR  2988,Y,Economy Supersaver,DOM,OTA,2025-02-23,Mon,MNL,1,28.83,58.0,0
2025-03-19,BXU,DOM,MNL HUB,BXUMNL,PR  2939,Y,Economy Supersaver,DOM,Traditional Travel Agency,2024-11-09,Wed,BXU,2,24.08,145.0,1
2025-04-24,ZAM,DOM,MNL HUB,ZAMMNL,PR  2998,Y,Economy Saver,DOM,Traditional Travel Agency,2025-03-17,Thu,MNL,1,62.47,53.0,0
2025-04-02,CEB,DOM,MNL HUB,MNLCEB,PR  1851,Y,Economy Flex,DOM,WEB/APP,2025-04-01,Wed,MNL,4,210.57,16.0,1
2025-01-07,DVO,DOM,MNL HUB,MNLDVO,PR  2825,Y,Economy Supersaver,DOM,Traditional Travel Agency,2024-12-23,Tue,MNL,3,38.75,30.0,1
2025-03-30,CEB,DOM,MNL HUB,MNLCEB,PR  2859,W,Premium Economy,,Sea Crew,2025-03-03,Sun,MIA,1,104.0,42.0,0
2025-02-24,TAG,DOM,MNL HUB,TAGMNL,PR  2778,Y,Economy Value,DOM,GSA/DSA,2025-02-23,Mon,TAG,1,141.66,16.0,0
2025-04-04,DVO,DOM,MNL HUB,MNLDVO,PR  1813,Y,Economy Supersaver,DOM,WEB/APP,2025-01-20,Fri,MNL,1,28.44,89.0,0
2025-04-03,DPL,DOM,MNL HUB,DPLMNL,PR  2558,Y,Economy Value,DOM,Traditional Travel Agency,2025-03-24,Thu,DPL,1,84.03,25.0,0
2025-01-10,CEB,DOM,MNL HUB,MNLCEB,PR  1861,Y,Economy Supersaver,DOM,Traditional Travel Agency,2024-09-13,Fri,MNL,2,19.6,134.0,1
2025-04-23,ILO,DOM,MNL HUB,ILOMNL,PR  2144,Y,Economy Supersaver,DOM,WEB/APP,2025-02-28,Wed,ILO,3,24.23,69.0,1
2025-03-16,BCD,DOM,MNL HUB,BCDMNL,PR  2134,Y,Economy Value,DOM,WEB/APP,2025-02-13,Sun,MNL,2,90.31,46.0,1
2025-02-15,MPH,DOM,MNL HUB,MPHMNL,PR  2040,Y,Economy Supersaver,DOM,Traditional Travel Agency,2025-01-13,Sat,MPH,2,45.59,48.0,1
2025-04-04,ILO,DOM,MNL HUB,ILOMNL,PR  2148,Y,Economy Value,DOM,Corporate Web Portal,2025-04-03,Fri,ILO,5,125.29,16.0,1
2025-03-22,EUQ,DOM,MNL HUB,MNLEUQ,PR  2905,Y,Economy Supersaver,SEA,Traditional Travel Agency,2024-12-01,Sat,SIN,1,39.39,126.0,0
2025-04-30,CGY,DOM,MNL HUB,CGYMNL,PR  2530,J,Economy Saver,DOM,WEB/APP,2025-02-11,Wed,CGY,4,70.51,93.0,1
2025-01-13,CEB,DOM,MNL HUB,MNLCEB,PR  1861,J,Economy Supersaver,DOM,Traditional Travel Agency,2025-01-12,Mon,MNL,1,39.04,16.0,0
2025-01-12,USU,DOM,MNL HUB,MNLUSU,PR  2963,Y,Economy Saver,AUS,OTA,2025-01-07,Sun,PVG,1,37.7,20.0,0
2025-03-26,USU,DOM,MNL HUB,USUMNL,PR  2956,Y,Economy Value,DOM,Traditional Travel Agency,2025-03-10,Wed,USU,1,156.55,31.0,0
2025-04-03,DGT,DOM,MNL HUB,MNLDGT,PR  2545,J,Economy Saver,JAP,Traditional Travel Agency,2025-03-03,Thu,HND,1,52.56,46.0,0
2025-03-05,ZAM,DOM,MNL HUB,MNLZAM,PR  2997,Y,Economy Value,DOM,OTA,2025-02-28,Wed,MNL,1,93.05,20.0,0
2025-04-27,DVO,DOM,MNL HUB,MNLDVO,PR  1817,J,Economy Saver,G.CN,OTA,2024-11-09,Sun,DVO,1,65.49,184.0,0
2025-01-08,TUG,DOM,MNL HUB,TUGMNL,PR  2015,Y,Economy Saver,DOM,WEB/APP,2024-12-20,Wed,TUG,1,59.65,34.0,0
2025-03-19,TAC,DOM,MNL HUB,TACMNL,PR  2988,Y,Economy Supersaver,DOM,Traditional Travel Agency,2025-01-12,Wed,TAC,1,13.7,81.0,0
2025-03-31,CEB,DOM,MNL HUB,MNLCEB,PR  2861,Y,Economy Value,,Sea Crew,2025-01-28,Mon,LIS,2,135.2,77.0,1
2025-04-07,BCD,DOM,MNL HUB,BCDMNL,PR  2138,J,Economy Value,DOM,Contact Center,2025-04-01,Mon,BCD,1,79.98,21.0,0
2025-04-02,DVO,DOM,MNL HUB,MNLDVO,PR  2821,J,Business Flex,DOM,Contact Center,2025-03-30,Wed,MNL,1,282.9,18.0,0
2025-03-26,ILO,DOM,MNL HUB,ILOMNL,PR  2144,Y,Economy Saver,DOM,Traditional Travel Agency,2025-03-19,Wed,MNL,1,59.59,22.0,0
2025-02-28,BCD,DOM,MNL HUB,BCDMNL,PR  2136,Y,Economy Supersaver,DOM,Corporate Web Portal,2025-01-15,Fri,BCD,2,45.63,59.0,1
2025-04-23,CEB,DOM,MNL HUB,CEBMNL,PR  1852,Y,Economy Value,DOM,Corporate Web Portal,2025-03-25,Wed,CEB,2,96.71,44.0,1
2025-01-17,DVO,DOM,MNL HUB,DVOMNL,PR  1810,J,Business Flex,SEA,OTA,2025-01-16,Fri,DVO,1,211.35,16.0,0
2025-03-07,GES,DOM,MNL HUB,MNLGES,PR  453,Y,Economy Supersaver,DOM,WEB/APP,2025-02-24,Fri,GES,3,54.27,26.0,1
2025-03-11,BCD,DOM,MNL HUB,MNLBCD,PR  2131,Y,Economy Supersaver,DOM,WEB/APP,2025-02-03,Tue,MNL,1,23.68,51.0,0
2025-01-08,CEB,DOM,MNL HUB,CEBMNL,PR  1864,W,Premium Economy,DOM,WEB/APP,2025-01-08,Wed,BXU,1,178.59,15.0,0
2025-03-03,CEB,DOM,MNL HUB,MNLCEB,PR  5861,W,Premium Economy,G.CN,Traditional Travel Agency,2025-02-23,Mon,HKG,1,24.35,23.0,0
2025-02-27,MPH,DOM,MNL HUB,MPHMNL,PR  2040,W,Premium Economy,DOM,WEB/APP,2024-11-30,Thu,MPH,2,101.92,104.0,1
2025-01-08,TAC,DOM,MNL HUB,MNLTAC,PR  2981,J,Economy Saver,DOM,WEB/APP,2025-01-01,Wed,MNL,1,102.99,22.0,0
2025-03-21,DVO,DOM,MNL HUB,MNLDVO,PR  2811,J,Economy Value,DOM,WEB/APP,2025-03-17,Fri,DVO,2,98.94,19.0,1
2025-04-05,DGT,DOM,MNL HUB,DGTMNL,PR  2546,Y,Economy Value,DOM,Traditional Travel Agency,2025-03-17,Sat,MNL,1,101.3,34.0,0
2025-04-01,DVO,DOM,MNL HUB,MNLDVO,PR  1817,Y,Economy Saver,DOM,Traditional Travel Agency,2025-03-29,Tue,MNL,9,64.66,18.0,1
2025-04-06,BCD,DOM,MNL HUB,BCDMNL,PR  2136,Y,Economy Value,DOM,Contact Center,2025-03-28,Sun,MNL,1,93.61,24.0,0
2025-02-25,DVO,DOM,MNL HUB,DVOMNL,PR  2820,J,Economy Supersaver,DOM,Traditional Travel Agency,2025-01-25,Tue,DVO,3,35.54,46.0,1
2025-02-28,PPS,DOM,MNL HUB,PPSMNL,PR  2780,Y,Economy Supersaver,DOM,Sea Crew,2025-02-11,Fri,PPS,1,28.43,32.0,0
2025-03-21,DVO,DOM,MNL HUB,MNLDVO,PR  2823,J,Economy Value,DOM,WEB/APP,2025-03-18,Fri,DVO,1,127.98,18.0,0
2025-02-21,PPS,DOM,MNL HUB,PPSMNL,PR  2786,Y,Economy Flex,DOM,Traditional Travel Agency,2025-02-11,Fri,MNL,1,179.34,25.0,0
2025-03-03,DVO,DOM,MNL HUB,MNLDVO,PR  2815,Y,Economy Flex,DOM,Ticket Office,2024-12-17,Mon,JFK,1,71.36,91.0,0
2025-04-01,ILO,DOM,MNL HUB,MNLILO,PR  2147,J,Economy Value,DOM,Traditional Travel Agency,2025-03-24,Tue,MNL,1,90.84,23.0,0
2025-04-25,BCD,DOM,MNL HUB,BCDMNL,PR  2130,Y,Economy Supersaver,JAP,OTA,2025-04-24,Fri,BCD,1,31.1,16.0,0
2025-03-21,DVO,DOM,MNL HUB,MNLDVO,PR  2813,Y,Economy Value,DOM,Corporate Web Portal,2025-03-12,Fri,MNL,1,98.94,24.0,0
2025-04-08,DVO,DOM,MNL HUB,DVOMNL,PR  1820,Y,Economy Supersaver,DOM,OTA,2025-02-22,Tue,DVO,3,29.94,60.0,1
2025-01-23,USU,DOM,MNL HUB,USUMNL,PR  2962,Y,Economy Supersaver,DOM,Traditional Travel Agency,2024-12-28,Thu,USU,2,53.64,41.0,1
2025-04-24,ILO,DOM,MNL HUB,ILOMNL,PR  2146,Y,Economy Flex,DOM,Traditional Travel Agency,2025-04-15,Thu,CEB,1,144.34,24.0,0
2025-01-27,CGY,DOM,MNL HUB,MNLCGY,PR  2519,Y,Economy Saver,DOM,WEB/APP,2025-01-08,Mon,MNL,1,59.07,34.0,0
2025-01-20,PPS,DOM,MNL HUB,MNLPPS,PR  2785,Y,Economy Value,DOM,WEB/APP,2025-01-13,Mon,MNL,5,100.34,22.0,1
2025-04-22,DVO,DOM,MNL HUB,DVOMNL,PR  2822,Y,Economy Value,DOM,WEB/APP,2025-04-08,Tue,DVO,1,95.43,29.0,0
2025-01-15,KLO,DOM,MNL HUB,MNLKLO,PR  2969,Y,Economy Value,DOM,WEB/APP,2024-11-07,Wed,MNL,1,96.23,84.0,0
2025-04-10,TAG,DOM,MNL HUB,TAGMNL,PR  2778,Y,Economy Value,DOM,WEB/APP,2025-04-10,Thu,TAG,5,99.84,15.0,1
2025-03-26,TAC,DOM,MNL HUB,TACMNL,PR  2982,J,Economy Supersaver,DOM,WEB/APP,2025-03-08,Wed,MNL,2,53.43,33.0,1
2025-03-29,DVO,DOM,MNL HUB,MNLDVO,PR  2823,Y,Economy Value,DOM,WEB/APP,2025-03-28,Sat,DGT,1,111.11,16.0,0
2025-03-21,DVO,DOM,MNL HUB,DVOMNL,PR  2820,Y,Economy Supersaver,DOM,Traditional Travel Agency,2025-01-16,Fri,DVO,1,26.02,79.0,0
2025-02-01,CGY,DOM,MNL HUB,MNLCGY,PR  2525,Y,Economy Value,DOM,WEB/APP,2025-01-20,Sat,MNL,1,87.5,27.0,0
2025-03-06,ILO,DOM,MNL HUB,MNLILO,PR  2141,W,Premium Economy,DOM,WEB/APP,2025-02-18,Thu,MNL,3,139.37,31.0,1
2025-04-04,CEB,DOM,MNL HUB,MNLCEB,PR  1853,Y,Economy Value,DOM,Traditional Travel Agency,2025-03-19,Fri,MNL,1,97.17,31.0,0
2025-03-31,PPS,DOM,MNL HUB,PPSMNL,PR  2782,Y,Economy Saver,DOM,WEB/APP,2025-03-13,Mon,MNL,2,88.59,33.0,1
2025-04-26,ZAM,DOM,MNL HUB,ZAMMNL,PR  2950,W,Premium Economy,DOM,WEB/APP,2025-04-22,Sat,ZAM,1,226.32,19.0,0
2025-01-12,MPH,DOM,MNL HUB,MNLMPH,PR  2037,J,Economy Value,DOM,WEB/APP,2025-01-08,Sun,MNL,3,112.15,19.0,1
2025-04-24,DRP,DOM,MNL HUB,DRPMNL,PR  2920,Y,Economy Value,DOM,WEB/APP,2025-03-20,Thu,DRP,1,81.05,50.0,0
2025-03-31,BCD,DOM,MNL HUB,BCDMNL,PR  2132,Y,Economy Value,DOM,WEB/APP,2025-03-28,Mon,BCD,1,92.75,18.0,0
2025-04-02,CGY,DOM,MNL HUB,MNLCGY,PR  1519,Y,Economy Supersaver,DOM,OTA,2025-02-03,Wed,MNL,1,26.03,73.0,0
2025-02-13,DPL,DOM,MNL HUB,DPLMNL,PR  2558,Y,Economy Supersaver,ROW,,2025-02-12,Thu,DPL,1,40.23,16.0,0
2025-01-01,CGY,DOM,MNL HUB,MNLCGY,PR  2525,Y,Economy Supersaver,ROW,,2024-12-30,Wed,MNL,1,51.19,17.0,0
2025-04-24,BCD,DOM,MNL HUB,BCDMNL,PR  2136,Y,Economy Supersaver,DOM,OTA,2025-02-24,Thu,BCD,1,41.64,74.0,0
2025-01-09,CEB,DOM,MNL HUB,CEBMNL,PR  2880,Y,Economy Saver,,Traditional Travel Agency,2024-09-29,Thu,MNL,1,123.43,117.0,0
2025-04-26,LAO,DOM,MNL HUB,MNLLAO,PR  2198,Y,Economy Supersaver,DOM,Contact Center,2024-11-25,Sat,LAO,1,59.67,167.0,0
2025-04-06,DVO,DOM,MNL HUB,DVOMNL,PR  1806,J,Economy Supersaver,DOM,Ticket Office,2025-02-20,Sun,MNL,2,29.89,60.0,1
2025-01-13,ILO,DOM,MNL HUB,MNLILO,PR  2147,Y,Economy Supersaver,DOM,Traditional Travel Agency,2024-11-02,Mon,MNL,1,18.43,87.0,0
2025-03-28,DRP,DOM,MNL HUB,MNLDRP,PR  2919,Y,Economy Value,AUS,OTA,2025-03-26,Fri,MNL,2,165.83,17.0,1
2025-04-08,MPH,DOM,MNL HUB,MPHMNL,PR  2036,Y,Economy Supersaver,DOM,OTA,2025-02-24,Tue,MPH,3,27.29,58.0,1
2025-04-08,DRP,DOM,MNL HUB,MNLDRP,PR  2919,Y,Economy Value,DOM,WEB/APP,2025-04-03,Tue,MNL,1,100.26,20.0,0
2025-02-28,PPS,DOM,MNL HUB,PPSMNL,PR  2780,Y,Economy Supersaver,DOM,Traditional Travel Agency,2024-12-26,Fri,PPS,5,23.19,79.0,1
2025-04-02,CEB,DOM,MNL HUB,MNLCEB,PR  2867,J,Economy Supersaver,DOM,Traditional Travel Agency,2025-03-22,Wed,MNL,1,65.71,26.0,0
2025-01-10,DRP,DOM,MNL HUB,DRPMNL,PR  2920,Y,Economy Value,DOM,Traditional Travel Agency,2025-01-02,Fri,DRP,2,116.12,23.0,1
2025-02-21,DVO,DOM,MNL HUB,DVOMNL,PR  2822,W,Premium Economy,DOM,Traditional Travel Agency,2025-02-20,Fri,DVO,1,248.83,16.0,0
2025-04-05,ZAM,DOM,MNL HUB,MNLZAM,PR  2953,J,Economy Saver,DOM,WEB/APP,2025-03-24,Sat,MNL,1,73.3,27.0,0
2025-03-30,IAO,DOM,MNL HUB,IAOMNL,PR  2972,Y,Economy Flex,DOM,WEB/APP,2025-02-03,Sun,IAO,1,273.71,70.0,0
2025-01-30,PPS,DOM,MNL HUB,PPSMNL,PR  2782,Y,Economy Saver,JAP,Traditional Travel Agency,2025-01-24,Thu,PPS,1,67.77,21.0,0
2025-02-20,CEB,DOM,MNL HUB,CEBMNL,PR  2854,Y,Economy Value,JAP,WEB/APP,2025-02-02,Thu,HND,1,65.05,33.0,0
2025-01-17,TAG,DOM,MNL HUB,MNLTAG,PR  2775,J,Economy Supersaver,DOM,Traditional Travel Agency,2024-12-15,Fri,MNL,4,30.56,48.0,1
2025-01-24,DVO,DOM,MNL HUB,DVOMNL,PR  2818,J,Economy Value,DOM,Traditional Travel Agency,2025-01-07,Fri,MNL,2,93.02,32.0,1
2025-04-21,MPH,DOM,MNL HUB,MNLMPH,PR  2043,J,Economy Saver,DOM,WEB/APP,2025-03-11,Mon,DRP,6,89.63,56.0,1
2025-04-06,TAC,DOM,MNL HUB,TACMNL,PR  2988,Y,Economy Supersaver,DOM,WEB/APP,2025-02-05,Sun,MNL,1,27.07,75.0,0
2025-04-29,ILO,DOM,MNL HUB,ILOMNL,PR  2142,Y,Economy Saver,,Traditional Travel Agency,2024-11-08,Tue,YWG,1,48.5,187.0,0
2025-03-04,BCD,DOM,MNL HUB,MNLBCD,PR  2133,Y,Economy Supersaver,DOM,WEB/APP,2024-12-15,Tue,MNL,1,18.62,94.0,0
2025-02-03,DRP,DOM,MNL HUB,MNLDRP,PR  2921,Y,Economy Flex,DOM,Traditional Travel Agency,2025-01-31,Mon,MNL,2,136.44,18.0,1
2025-01-28,PPS,DOM,MNL HUB,MNLPPS,PR  2785,Y,Economy Saver,DOM,WEB/APP,2025-01-16,Tue,MNL,1,66.13,27.0,0
2025-04-13,DRP,DOM,MNL HUB,MNLDRP,PR  2921,Y,Economy Saver,DOM,WEB/APP,2025-01-29,Sun,MNL,2,78.84,89.0,1
2025-03-18,CBO,DOM,MNL HUB,MNLCBO,PR  2957,Y,Economy Saver,DOM,Traditional Travel Agency,2025-02-25,Tue,MNL,1,56.87,36.0,0
2025-02-18,CGY,DOM,MNL HUB,CGYMNL,PR  2530,Y,Economy Supersaver,DOM,Traditional Travel Agency,2025-02-02,Tue,CGY,2,38.96,31.0,1
2025-04-10,ILO,DOM,MNL HUB,MNLILO,PR  2143,Y,Economy Saver,DOM,Contact Center,2025-03-05,Thu,ILO,1,71.16,51.0,0
2025-03-13,CEB,DOM,MNL HUB,CEBMNL,PR  2850,J,Economy Saver,DOM,WEB/APP,2025-02-17,Thu,CEB,1,22.75,39.0,0
2025-04-06,DGT,DOM,MNL HUB,MNLDGT,PR  2545,Y,Economy Supersaver,DOM,Ticket Office,2025-03-03,Sun,MNL,1,41.14,49.0,0
2025-03-02,CGY,DOM,MNL HUB,CGYMNL,PR  2520,Y,Economy Saver,Offline,TMC,2025-02-19,Sun,CGY,1,117.3,26.0,0
2025-03-16,TUG,DOM,MNL HUB,TUGMNL,PR  2015,J,Economy Supersaver,DOM,WEB/APP,2025-03-13,Sun,TUG,2,35.65,18.0,1
2025-02-03,CGY,DOM,MNL HUB,MNLCGY,PR  2521,Y,Economy Saver,DOM,WEB/APP,2025-01-06,Mon,CGY,5,66.69,43.0,1
2025-02-14,PPS,DOM,MNL HUB,PPSMNL,PR  2788,Y,Economy Value,DOM,WEB/APP,2025-02-11,Fri,MNL,1,100.36,18.0,0
2025-04-02,DRP,DOM,MNL HUB,MNLDRP,PR  2921,J,Economy Supersaver,DOM,WEB/APP,2025-02-04,Wed,MNL,3,25.16,72.0,1
2025-03-15,ZAM,DOM,MNL HUB,MNLZAM,PR  2997,J,Economy Value,DOM,Traditional Travel Agency,2025-03-13,Sat,MNL,1,112.8,17.0,0
2025-04-27,CYZ,DOM,MNL HUB,MNLCYZ,PR  2018,Y,Economy Supersaver,DOM,WEB/APP,2025-02-05,Sun,MNL,2,31.98,96.0,1
2025-02-21,CEB,DOM,MNL HUB,CEBMNL,PR  2880,Y,Economy Supersaver,DOM,WEB/APP,2025-02-06,Fri,CEB,1,34.79,30.0,0
2025-01-03,CGY,DOM,MNL HUB,MNLCGY,PR  2519,Y,Economy Value,DOM,WEB/APP,2024-12-19,Fri,CGY,2,84.77,30.0,1
2025-02-07,DVO,DOM,MNL HUB,DVOMNL,PR  1806,Y,Economy Supersaver,DOM,Traditional Travel Agency,2025-02-05,Fri,DVO,1,37.5,17.0,0
2025-02-05,CEB,DOM,MNL HUB,CEBMNL,PR  2864,J,Economy Value,DOM,Sea Crew,2025-02-05,Wed,CEB,1,111.79,15.0,0
2025-03-18,BCD,DOM,MNL HUB,MNLBCD,PR  2133,W,Premium Economy,DOM,Traditional Travel Agency,2025-01-25,Tue,MNL,1,146.74,67.0,0
2025-03-11,MPH,DOM,MNL HUB,MPHMNL,PR  2044,Y,Economy Saver,DOM,Traditional Travel Agency,2025-03-06,Tue,MNL,1,88.1,20.0,0
2025-03-30,DPL,DOM,MNL HUB,MNLDPL,PR  2557,Y,Economy Value,DOM,Corporate Web Portal,2025-03-14,Sun,DPL,1,84.31,31.0,0
2025-01-07,DVO,DOM,MNL HUB,DVOMNL,PR  2822,Y,Economy Flex,ROW,,2025-01-06,Tue,,1,243.64,16.0,0
2025-04-12,CGY,DOM,MNL HUB,CGYMNL,PR  2520,Y,Economy Value,DOM,Contact Center,2025-03-31,Sat,CGY,1,116.15,27.0,0
2025-01-04,DVO,DOM,MNL HUB,MNLDVO,PR  2817,J,Business Flex,DOM,Ticket Office,2024-04-12,Sat,MNL,1,286.4,282.0,0
2025-04-03,CEB,DOM,MNL HUB,MNLCEB,PR  1851,J,Economy Saver,DOM,Ticket Office,2025-03-24,Thu,MNL,1,75.15,25.0,0
2025-01-22,DVO,DOM,MNL HUB,MNLDVO,PR  2825,Y,Economy Supersaver,DOM,WEB/APP,2024-11-29,Wed,DVO,1,28.98,69.0,0
2025-04-12,BCD,DOM,MNL HUB,MNLBCD,PR  2137,J,Economy Saver,G.CN,WEB/APP,2025-02-15,Sat,HKG,4,66.08,71.0,1
2025-01-14,DGT,DOM,MNL HUB,MNLDGT,PR  2545,Y,Economy Saver,Offline,OTA,2024-12-23,Tue,BKK,1,61.57,37.0,0
2025-04-01,DVO,DOM,MNL HUB,DVOMNL,PR  1810,Y,Economy Value,DOM,Ticket Office,2025-03-04,Tue,DVO,1,95.44,43.0,0
2025-01-24,DVO,DOM,MNL HUB,DVOMNL,PR  2816,Y,Economy Value,DOM,Traditional Travel Agency,2025-01-19,Fri,MNL,1,136.18,20.0,0
2025-02-03,CEB,DOM,MNL HUB,MNLCEB,PR  5861,Y,Economy Supersaver,DOM,WEB/APP,2025-02-02,Mon,MNL,1,37.29,16.0,0
2025-03-14,DRP,DOM,MNL HUB,MNLDRP,PR  2919,J,Economy Saver,DOM,WEB/APP,2024-11-29,Fri,USU,4,52.94,120.0,1
2025-03-05,CEB,DOM,MNL HUB,MNLCEB,PR  2835,Y,Economy Supersaver,DOM,Traditional Travel Agency,2025-02-20,Wed,MNL,1,19.04,28.0,0
2025-01-15,GES,DOM,MNL HUB,MNLGES,PR  453,J,Business Flex,DOM,Traditional Travel Agency,2025-01-13,Wed,MNL,1,241.13,17.0,0
2025-03-29,TAC,DOM,MNL HUB,TACMNL,PR  2982,J,Economy Supersaver,DOM,WEB/APP,2025-02-21,Sat,TAC,1,41.62,51.0,0
2025-03-15,DRP,DOM,MNL HUB,DRPMNL,PR  2920,Y,Economy Flex,DOM,Corporate Web Portal,2025-03-07,Sat,MNL,1,164.79,23.0,0
2025-04-22,RXS,DOM,MNL HUB,MNLRXS,PR  2203,Y,Economy Supersaver,DOM,OTA,2024-12-30,Tue,MNL,4,16.92,128.0,1
2025-04-01,TAC,DOM,MNL HUB,MNLTAC,PR  2987,Y,Economy Saver,DOM,WEB/APP,2025-03-26,Tue,TAC,2,97.8,21.0,1
2025-04-05,TAG,DOM,MNL HUB,TAGMNL,PR  2772,Y,Economy Saver,DOM,OTA,2025-03-13,Sat,TAG,1,39.03,38.0,0
2025-03-29,TAC,DOM,MNL HUB,MNLTAC,PR  2985,J,Economy Saver,Offline,OTA,2025-02-11,Sat,ZRH,2,104.0,61.0,1
2025-04-13,BCD,DOM,MNL HUB,MNLBCD,PR  2137,Y,Economy Supersaver,DOM,WEB/APP,2024-09-17,Sun,BCD,2,16.8,223.0,1
2025-03-07,CGY,DOM,MNL HUB,CGYMNL,PR  2526,Y,Economy Flex,DOM,Traditional Travel Agency,2025-02-25,Fri,CGY,1,168.53,25.0,0
2025-04-09,DVO,DOM,MNL HUB,MNLDVO,PR  2821,J,Business Flex,Offline,Sea Crew,2025-04-04,Wed,OSL,1,221.0,20.0,0
2025-03-17,DRP,DOM,MNL HUB,DRPMNL,PR  2922,Y,Economy Value,DOM,Traditional Travel Agency,2025-03-12,Mon,DRP,2,86.59,20.0,1
2025-02-05,BCD,DOM,MNL HUB,MNLBCD,PR  2135,J,Economy Supersaver,DOM,Traditional Travel Agency,2024-12-11,Wed,NRT,1,28.98,71.0,0
2025-03-30,GES,DOM,MNL HUB,GESMNL,PR  2456,Y,Economy Value,DOM,WEB/APP,2025-03-25,Sun,GES,1,108.21,20.0,0
2025-04-13,BXU,DOM,MNL HUB,BXUMNL,PR  2939,J,Economy Supersaver,DOM,WEB/APP,2025-03-24,Sun,BXU,1,51.46,35.0,0
2025-04-12,TAG,DOM,MNL HUB,TAGMNL,PR  2774,Y,Economy Saver,DOM,WEB/APP,2025-03-19,Sat,TAG,1,68.24,39.0,0
2025-02-10,DVO,DOM,MNL HUB,DVOMNL,PR  2818,J,Economy Flex,AUS,Traditional Travel Agency,2025-01-14,Mon,POM,1,334.1,42.0,0
2025-03-22,TAG,DOM,MNL HUB,TAGMNL,PR  2776,Y,Economy Saver,DOM,WEB/APP,2025-01-24,Sat,MNL,1,64.33,72.0,0
2025-03-31,CEB,DOM,MNL HUB,MNLCEB,PR  2869,Y,Economy Supersaver,DOM,OTA,2025-02-24,Mon,MNL,3,22.72,50.0,1
2025-04-03,GES,DOM,MNL HUB,MNLGES,PR  453,J,Business Value,,Traditional Travel Agency,2025-03-26,Thu,RUH,1,146.76,23.0,0
2025-01-21,DVO,DOM,MNL HUB,DVOMNL,PR  2818,J,Economy Value,DOM,WEB/APP,2025-01-07,Tue,MNL,1,91.9,29.0,0
2025-02-26,DGT,DOM,MNL HUB,MNLDGT,PR  2545,Y,Economy Saver,DOM,WEB/APP,2025-02-03,Wed,MNL,1,72.23,38.0,0
2025-02-06,DVO,DOM,MNL HUB,MNLDVO,PR  1803,Y,Economy Supersaver,DOM,WEB/APP,2025-01-12,Thu,MNL,2,34.27,40.0,1
2025-04-27,MPH,DOM,MNL HUB,MPHMNL,PR  2042,J,Economy Saver,DOM,WEB/APP,2025-01-17,Sun,MNL,2,85.7,115.0,1
2025-04-07,DRP,DOM,MNL HUB,MNLDRP,PR  2919,J,Economy Supersaver,DOM,WEB/APP,2025-01-02,Mon,DRP,1,50.32,110.0,0
2025-04-04,BCD,DOM,MNL HUB,BCDMNL,PR  2134,Y,Economy Saver,,Traditional Travel Agency,2025-03-12,Fri,YVR,1,52.25,38.0,0
2025-04-27,DRP,DOM,MNL HUB,MNLDRP,PR  2919,Y,Economy Flex,DOM,Traditional Travel Agency,2025-04-26,Sun,MNL,1,173.85,16.0,0
2025-02-13,DVO,DOM,MNL HUB,DVOMNL,PR  2818,Y,Economy Saver,DOM,WEB/APP,2024-09-30,Thu,MNL,2,59.84,151.0,1
2025-03-24,BCD,DOM,MNL HUB,BCDMNL,PR  2136,Y,Economy Saver,DOM,Traditional Travel Agency,2025-03-19,Mon,BCD,2,71.17,20.0,1
2025-04-13,DVO,DOM,MNL HUB,MNLDVO,PR  2815,Y,Economy Value,DOM,Contact Center,2025-04-08,Sun,DVO,1,122.9,20.0,0
2025-01-30,GES,DOM,MNL HUB,MNLGES,PR  453,J,Economy Supersaver,DOM,Traditional Travel Agency,2024-10-09,Thu,GES,3,34.44,128.0,1
2025-01-04,CGY,DOM,MNL HUB,CGYMNL,PR  2526,W,Premium Economy,DOM,Ticket Office,2024-12-08,Sat,CGY,3,35.46,42.0,1
2025-02-08,BXU,DOM,MNL HUB,MNLBXU,PR  2938,W,Premium Economy,DOM,WEB/APP,2025-02-03,Sat,BXU,1,136.16,20.0,0
2025-03-11,MPH,DOM,MNL HUB,MNLMPH,PR  2043,Y,Economy Saver,DOM,Traditional Travel Agency,2025-01-22,Tue,MNL,1,50.9,63.0,0
2025-04-12,LAO,DOM,MNL HUB,MNLLAO,PR  2198,Y,Economy Saver,SEA,WEB/APP,2025-02-24,Sat,SIN,1,46.47,62.0,0
2025-04-06,CEB,DOM,MNL HUB,CEBMNL,PR  2860,Y,Economy Saver,DOM,WEB/APP,2025-03-05,Sun,CEB,1,32.73,47.0,0
2025-03-06,DPL,DOM,MNL HUB,MNLDPL,PR  2557,Y,Economy Saver,DOM,Contact Center,2025-03-03,Thu,PNH,1,113.05,18.0,0
2025-04-22,CEB,DOM,MNL HUB,CEBMNL,PR  1864,J,Business Flex,DOM,WEB/APP,2025-03-05,Tue,CEB,1,198.03,63.0,0
2025-04-01,DVO,DOM,MNL HUB,DVOMNL,PR  1820,Y,Economy Saver,DOM,Contact Center,2025-03-22,Tue,DVO,1,74.58,25.0,0
2025-03-11,ILO,DOM,MNL HUB,ILOMNL,PR  2140,Y,Economy Supersaver,DOM,Ticket Office,2025-03-04,Tue,ILO,1,31.21,22.0,0
2025-04-12,BXU,DOM,MNL HUB,BXUMNL,PR  2939,Y,Economy Supersaver,DOM,OTA,2025-02-20,Sat,BXU,1,27.36,66.0,0
2025-04-09,IAO,DOM,MNL HUB,IAOMNL,PR  2974,J,Economy Supersaver,DOM,WEB/APP,2024-08-30,Wed,IAO,2,31.63,237.0,1
2025-02-27,ILO,DOM,MNL HUB,ILOMNL,PR  2146,Y,Economy Supersaver,DOM,Traditional Travel Agency,2025-01-06,Thu,ILO,2,15.08,67.0,1
2025-01-10,GES,DOM,MNL HUB,MNLGES,PR  453,Y,Economy Saver,SEA,WEB/APP,2025-01-07,Fri,SIN,1,65.69,18.0,0
2025-04-06,DVO,DOM,MNL HUB,DVOMNL,PR  2812,Y,Economy Saver,DOM,Traditional Travel Agency,2025-03-21,Sun,MNL,1,73.17,31.0,0
2025-04-02,CGY,DOM,MNL HUB,MNLCGY,PR  1519,J,Economy Value,DOM,WEB/APP,2025-03-26,Wed,MNL,2,90.26,22.0,1
2025-01-22,DVO,DOM,MNL HUB,MNLDVO,PR  2811,Y,Economy Saver,DOM,WEB/APP,2025-01-17,Wed,MNL,1,63.75,20.0,0
2025-04-27,TAG,DOM,MNL HUB,MNLTAG,PR  2771,Y,Economy Supersaver,DOM,OTA,2025-01-01,Sun,MNL,11,22.0,131.0,1
2025-03-19,DVO,DOM,MNL HUB,MNLDVO,PR  2819,Y,Economy Value,DOM,Traditional Travel Agency,2025-02-20,Wed,DVO,1,101.88,42.0,0
2025-04-09,CEB,DOM,MNL HUB,MNLCEB,PR  2853,J,Economy Value,,WEB/APP,2025-04-05,Wed,GUM,2,145.86,19.0,1
2025-01-29,IAO,DOM,MNL HUB,MNLIAO,PR  2973,J,Economy Flex,DOM,WEB/APP,2025-01-28,Wed,MNL,2,278.25,16.0,1
2025-02-11,DRP,DOM,MNL HUB,DRPMNL,PR  2920,Y,Economy Flex,DOM,Ticket Office,2025-02-04,Tue,DRP,1,33.9,22.0,0
2025-02-16,MPH,DOM,MNL HUB,MNLMPH,PR  2039,J,Economy Value,DOM,WEB/APP,2024-11-13,Sun,LAO,2,68.68,110.0,1
2025-04-08,TAG,DOM,MNL HUB,TAGMNL,PR  2772,Y,Economy Saver,G.CN,TMC,2025-03-25,Tue,PVG,2,66.04,29.0,1
2025-01-09,CEB,DOM,MNL HUB,CEBMNL,PR  2836,Y,Economy Supersaver,DOM,Traditional Travel Agency,2025-01-02,Thu,CEB,8,51.45,22.0,1
2025-03-14,MPH,DOM,MNL HUB,MNLMPH,PR  2043,Y,Economy Supersaver,DOM,Traditional Travel Agency,2024-09-09,Fri,MNL,2,17.54,201.0,1
2025-03-23,CEB,DOM,MNL HUB,CEBMNL,PR  2854,J,Economy Saver,JAP,OTA,2025-03-05,Sun,CEB,2,35.88,33.0,1
2025-03-15,DVO,DOM,MNL HUB,DVOMNL,PR  2824,Y,Economy Saver,DOM,WEB/APP,2025-03-14,Sat,MNL,2,86.17,16.0,1
2025-01-16,DRP,DOM,MNL HUB,DRPMNL,PR  2920,W,Premium Economy,DOM,Ticket Office,2025-01-14,Thu,DRP,1,144.47,17.0,0
2025-01-10,DPL,DOM,MNL HUB,DPLMNL,PR  2558,Y,Economy Supersaver,DOM,Sea Crew,2024-12-13,Fri,DPL,1,44.09,43.0,0
2025-03-17,GES,DOM,MNL HUB,MNLGES,PR  453,Y,Economy Saver,DOM,Ticket Office,2025-03-13,Mon,MNL,2,73.13,19.0,1
2025-04-22,PPS,DOM,MNL HUB,MNLPPS,PR  2779,J,Economy Saver,,Traditional Travel Agency,2025-04-11,Tue,BNE,1,96.87,26.0,0
2025-01-12,ZAM,DOM,MNL HUB,MNLZAM,PR  2997,J,Economy Value,DOM,WEB/APP,2025-01-05,Sun,ZAM,1,91.99,22.0,0
2025-01-18,ILO,DOM,MNL HUB,ILOMNL,PR  2140,Y,Economy Supersaver,DOM,Traditional Travel Agency,2024-08-29,Sat,ILO,3,15.63,157.0,1
2025-04-08,CYP,DOM,MNL HUB,CYPMNL,PR  2672,Y,Economy Supersaver,ME,Traditional Travel Agency,2025-03-11,Tue,DXB,1,46.36,43.0,0
2025-04-21,TAC,DOM,MNL HUB,TACMNL,PR  2986,Y,Economy Value,DOM,WEB/APP,2025-04-07,Mon,MNL,1,136.92,29.0,0
2025-01-05,CBO,DOM,MNL HUB,CBOMNL,PR  2960,Y,Economy Flex,DOM,Traditional Travel Agency,2024-11-19,Sun,CBO,1,153.04,62.0,0
2025-01-14,DGT,DOM,MNL HUB,MNLDGT,PR  2543,J,Economy Value,AUS,Traditional Travel Agency,2024-11-11,Tue,LST,1,83.6,79.0,0
2025-03-04,BCD,DOM,MNL HUB,MNLBCD,PR  2131,Y,Economy Flex,DOM,Ticket Office,2025-02-24,Tue,MNL,2,25.94,23.0,1
2025-04-03,ZAM,DOM,MNL HUB,ZAMMNL,PR  2950,Y,Economy Saver,ME,Traditional Travel Agency,2025-01-16,Thu,DOH,1,69.64,92.0,0
2025-02-09,BCD,DOM,MNL HUB,BCDMNL,PR  2132,Y,Economy Supersaver,DOM,Traditional Travel Agency,2024-09-07,Sun,BCD,1,26.6,170.0,0
2025-04-09,BXU,DOM,MNL HUB,BXUMNL,PR  2939,Y,Economy Supersaver,DOM,Traditional Travel Agency,2025-03-17,Wed,BXU,1,44.82,38.0,0
2025-04-05,CGY,DOM,MNL HUB,CGYMNL,PR  2526,Y,Economy Saver,DOM,WEB/APP,2025-03-28,Sat,MNL,1,71.39,23.0,0
2025-03-02,ILO,DOM,MNL HUB,MNLILO,PR  2145,J,Economy Supersaver,DOM,Contact Center,2025-01-26,Sun,MNL,1,25.96,50.0,0
2025-03-27,ZAM,DOM,MNL HUB,ZAMMNL,PR  2950,J,Economy Supersaver,DOM,WEB/APP,2025-03-16,Thu,ZAM,2,51.9,26.0,1
2025-03-23,CEB,DOM,MNL HUB,MNLCEB,PR  2863,Y,Economy Saver,JAP,Traditional Travel Agency,2025-02-25,Sun,FUK,1,60.55,41.0,0
2025-04-08,PPS,DOM,MNL HUB,MNLPPS,PR  2785,Y,Economy Value,DOM,WEB/APP,2025-02-25,Tue,MNL,4,115.96,57.0,1
2025-03-16,OZC,DOM,MNL HUB,MNLOZC,PR  2889,Y,Economy Supersaver,DOM,Traditional Travel Agency,2025-02-15,Sun,MNL,3,39.58,44.0,1
2025-01-12,TAC,DOM,MNL HUB,TACMNL,PR  2986,Y,Economy Supersaver,DOM,Traditional Travel Agency,2024-12-26,Sun,TAC,1,33.54,32.0,0
2025-04-06,ILO,DOM,MNL HUB,ILOMNL,PR  2146,Y,Economy Value,DOM,WEB/APP,2025-04-05,Sun,ILO,1,129.24,16.0,0
2025-03-30,DVO,DOM,MNL HUB,DVOMNL,PR  2812,Y,Economy Value,DOM,Traditional Travel Agency,2025-03-18,Sun,DVO,2,97.46,27.0,1
2025-03-27,TAG,DOM,MNL HUB,MNLTAG,PR  2777,Y,Economy Saver,,OTA,2025-03-19,Thu,AMM,1,46.71,23.0,0
2025-04-08,MPH,DOM,MNL HUB,MNLMPH,PR  2047,Y,Economy Saver,AUS,Traditional Travel Agency,2024-09-15,Tue,MEL,5,47.39,220.0,1
2025-04-06,CGY,DOM,MNL HUB,CGYMNL,PR  1520,J,Economy Value,DOM,Corporate Web Portal,2025-03-31,Sun,CGY,1,113.27,21.0,0
2025-04-05,DVO,DOM,MNL HUB,MNLDVO,PR  1817,Y,Economy Supersaver,DOM,WEB/APP,2025-02-09,Sat,DVO,1,29.25,70.0,0
2025-04-11,BXU,DOM,MNL HUB,BXUMNL,PR  2939,Y,Economy Value,DOM,WEB/APP,2025-03-31,Fri,MNL,1,93.55,26.0,0
2025-02-18,PPS,DOM,MNL HUB,MNLPPS,PR  2781,J,Economy Value,DOM,Ticket Office,2025-02-10,Tue,MNL,1,136.04,23.0,0
2025-04-30,LAO,DOM,MNL HUB,LAOMNL,PR  2199,Y,Economy Saver,DOM,WEB/APP,2025-04-21,Wed,LAO,2,51.24,24.0,1
2025-01-27,CEB,DOM,MNL HUB,CEBMNL,PR  1862,Y,Economy Supersaver,DOM,Ticket Office,2025-01-20,Mon,CEB,1,43.38,22.0,0
2025-03-19,TAC,DOM,MNL HUB,TACMNL,PR  2988,J,Economy Supersaver,DOM,Traditional Travel Agency,2025-01-12,Wed,MNL,1,12.16,81.0,0
2025-03-07,DVO,DOM,MNL HUB,DVOMNL,PR  2820,J,Economy Saver,DOM,Traditional Travel Agency,2025-02-27,Fri,MNL,1,62.58,23.0,0
2025-04-22,BXU,DOM,MNL HUB,MNLBXU,PR  2967,J,Economy Value,DOM,WEB/APP,2025-03-10,Tue,MNL,2,93.25,58.0,1
2025-01-09,DVO,DOM,MNL HUB,DVOMNL,PR  1806,Y,Economy Supersaver,DOM,Ticket Office,2024-11-07,Thu,MNL,2,48.84,78.0,1
2025-02-11,ILO,DOM,MNL HUB,MNLILO,PR  2141,Y,Economy Saver,,Traditional Travel Agency,2025-01-07,Tue,LAX,9,45.32,50.0,1
2025-02-14,CEB,DOM,MNL HUB,CEBMNL,PR  2852,J,Economy Saver,JAP,TMC,2025-01-14,Fri,KIX,2,58.4,46.0,1
2025-04-04,DRP,DOM,MNL HUB,MNLDRP,PR  2923,Y,Economy Saver,DOM,OTA,2025-03-23,Fri,MNL,2,72.24,27.0,1
2025-01-06,CGY,DOM,MNL HUB,CGYMNL,PR  2520,J,Economy Supersaver,DOM,WEB/APP,2024-09-07,Mon,CGY,1,55.43,136.0,0
2025-03-01,ILO,DOM,MNL HUB,ILOMNL,PR  2144,W,Premium Economy,,Contact Center,2024-09-11,Sat,JFK,1,143.4,186.0,0
2025-04-24,ILO,DOM,MNL HUB,MNLILO,PR  2143,Y,Economy Value,DOM,WEB/APP,2025-03-17,Thu,MNL,1,93.32,53.0,0
2025-04-29,IAO,DOM,MNL HUB,IAOMNL,PR  2974,Y,Economy Flex,DOM,Traditional Travel Agency,2025-04-22,Tue,IAO,1,369.15,22.0,0
2025-03-18,CEB,DOM,MNL HUB,MNLCEB,PR  2849,Y,Economy Saver,DOM,Traditional Travel Agency,2025-01-30,Tue,CEB,1,82.08,62.0,0
2025-04-11,ILO,DOM,MNL HUB,MNLILO,PR  2145,J,Economy Saver,Offline,Traditional Travel Agency,2025-02-12,Fri,MNL,1,105.34,73.0,0
2025-01-10,MPH,DOM,MNL HUB,MPHMNL,PR  2046,Y,Economy Value,DOM,WEB/APP,2024-11-09,Fri,MNL,6,115.4,77.0,1
2025-03-31,DRP,DOM,MNL HUB,MNLDRP,PR  2921,Y,Economy Saver,DOM,OTA,2025-03-09,Mon,MNL,1,67.74,37.0,0
2025-04-01,TAG,DOM,MNL HUB,MNLTAG,PR  2777,Y,Economy Value,DOM,Corporate Web Portal,2025-03-24,Tue,BXU,2,100.05,23.0,1
2025-02-05,BXU,DOM,MNL HUB,MNLBXU,PR  2967,Y,Economy Flex,DOM,Corporate Web Portal,2025-02-04,Wed,MNL,2,224.07,16.0,1
2025-03-10,PPS,DOM,MNL HUB,PPSMNL,PR  2788,Y,Economy Supersaver,Offline,Traditional Travel Agency,2024-11-21,Mon,NCE,3,135.2,124.0,1
2025-02-18,CGY,DOM,MNL HUB,MNLCGY,PR  2527,Y,Economy Supersaver,DOM,Traditional Travel Agency,2025-01-19,Tue,MNL,7,25.27,45.0,1
2025-03-28,MPH,DOM,MNL HUB,MPHMNL,PR  2038,J,Economy Saver,DOM,Traditional Travel Agency,2024-09-06,Fri,MNL,2,35.26,218.0,1
2025-03-11,GES,DOM,MNL HUB,MNLGES,PR  455,Y,Economy Saver,Offline,OTA,2025-02-09,Tue,JED,1,72.34,45.0,0
2025-02-27,CEB,DOM,MNL HUB,MNLCEB,PR  1861,Y,Economy Value,DOM,Traditional Travel Agency,2025-02-20,Thu,CEB,1,93.28,22.0,0
2025-01-10,ZAM,DOM,MNL HUB,ZAMMNL,PR  2998,Y,Economy Value,DOM,WEB/APP,2024-12-01,Fri,MNL,2,89.95,55.0,1
2025-04-01,CEB,DOM,MNL HUB,MNLCEB,PR  1845,J,Economy Value,DOM,Corporate Web Portal,2025-03-26,Tue,MNL,6,95.38,21.0,1
2025-03-17,GES,DOM,MNL HUB,GESMNL,PR  456,Y,Economy Supersaver,DOM,WEB/APP,2025-03-06,Mon,GES,1,44.36,26.0,0
2025-03-08,TAG,DOM,MNL HUB,TAGMNL,PR  2772,Y,Economy Supersaver,DOM,WEB/APP,2025-02-18,Sat,TAG,1,22.94,33.0,0
2025-03-10,DVO,DOM,MNL HUB,MNLDVO,PR  1813,Y,Economy Saver,DOM,Ticket Office,2025-01-14,Mon,DVO,1,117.17,70.0,0
2025-03-22,CEB,DOM,MNL HUB,MNLCEB,PR  2857,Y,Economy Supersaver,DOM,Ticket Office,2025-03-05,Sat,CEB,1,22.38,32.0,0
2025-03-17,CRM,DOM,MNL HUB,MNLCRM,PR  2079,Y,Economy Value,DOM,Ticket Office,2025-03-05,Mon,MNL,1,130.61,27.0,0
2025-02-08,CEB,DOM,MNL HUB,CEBMNL,PR  2868,J,Economy Value,SEA,OTA,2025-02-03,Sat,CEB,2,85.33,20.0,1
2025-03-01,BXU,DOM,MNL HUB,BXUMNL,PR  2968,Y,Economy Saver,DOM,WEB/APP,2025-02-25,Sat,BXU,13,78.56,19.0,1
2025-03-29,CGY,DOM,MNL HUB,CGYMNL,PR  2520,Y,Economy Supersaver,DOM,Traditional Travel Agency,2025-03-14,Sat,CGY,1,48.91,30.0,0
2025-02-26,ILO,DOM,MNL HUB,MNLILO,PR  2139,W,Premium Economy,DOM,Traditional Travel Agency,2025-02-24,Wed,MNL,2,162.62,17.0,1
2025-04-02,TUG,DOM,MNL HUB,TUGMNL,PR  2015,J,Economy Value,DOM,Traditional Travel Agency,2025-03-25,Wed,TUG,1,81.69,23.0,0
2025-04-29,CEB,DOM,MNL HUB,CEBMNL,PR  1842,J,Economy Saver,DOM,WEB/APP,2025-04-22,Tue,CEB,4,70.86,22.0,1
2025-04-03,DRP,DOM,MNL HUB,MNLDRP,PR  2923,Y,Economy Value,DOM,Corporate Web Portal,2025-03-27,Thu,MNL,1,80.28,22.0,0
2025-03-15,BXU,DOM,MNL HUB,MNLBXU,PR  2967,J,Economy Saver,DOM,WEB/APP,2025-03-06,Sat,MNL,1,73.98,24.0,0
2025-01-14,CEB,DOM,MNL HUB,MNLCEB,PR  2857,J,Economy Supersaver,DOM,Traditional Travel Agency,2025-01-13,Tue,MNL,4,56.57,16.0,1
2025-04-04,MPH,DOM,MNL HUB,MNLMPH,PR  2039,Y,Economy Saver,DOM,Contact Center,2025-01-19,Fri,MNL,2,98.71,90.0,1
2025-02-08,BCD,DOM,MNL HUB,MNLBCD,PR  2129,Y,Economy Value,ME,Traditional Travel Agency,2025-02-05,Sat,DXB,1,126.1,18.0,0
2025-03-12,DRP,DOM,MNL HUB,DRPMNL,PR  2920,Y,Economy Supersaver,DOM,Contact Center,2024-11-18,Wed,DRP,3,8.47,129.0,1
2025-02-19,CEB,DOM,MNL HUB,CEBMNL,PR  2868,Y,Economy Supersaver,DOM,WEB/APP,2025-01-08,Wed,MNL,1,44.92,57.0,0
2025-03-31,DPL,DOM,MNL HUB,DPLMNL,PR  2558,Y,Economy Saver,DOM,Traditional Travel Agency,2025-02-28,Mon,DPL,1,53.88,46.0,0
2025-04-11,DVO,DOM,MNL HUB,DVOMNL,PR  2816,Y,Economy Flex,DOM,Traditional Travel Agency,2025-03-31,Fri,DVO,1,226.47,26.0,0
2025-03-20,TAC,DOM,MNL HUB,TACMNL,PR  2988,Y,Economy Saver,DOM,Traditional Travel Agency,2025-02-22,Thu,TAC,1,82.79,41.0,0
2025-02-25,DVO,DOM,MNL HUB,DVOMNL,PR  2808,J,Economy Saver,DOM,WEB/APP,2025-02-18,Tue,DVO,6,60.1,22.0,1
2025-04-10,TAG,DOM,MNL HUB,MNLTAG,PR  2773,Y,Economy Saver,,WEB/APP,2025-04-06,Thu,YVR,1,59.6,19.0,0
2025-04-25,DPL,DOM,MNL HUB,DPLMNL,PR  2558,Y,Economy Saver,DOM,WEB/APP,2025-02-06,Fri,DPL,3,42.08,93.0,1
2025-01-08,DVO,DOM,MNL HUB,MNLDVO,PR  2817,Y,Economy Supersaver,DOM,Traditional Travel Agency,2025-01-04,Wed,MNL,1,53.23,19.0,0
2025-03-14,CEB,DOM,MNL HUB,MNLCEB,PR  1861,Y,Economy Supersaver,DOM,WEB/APP,2025-01-15,Fri,MNL,7,23.62,73.0,1
2025-04-07,DVO,DOM,MNL HUB,DVOMNL,PR  1806,Y,Economy Saver,DOM,Contact Center,2025-04-07,Mon,DVO,1,72.75,15.0,0
2025-02-06,DVO,DOM,MNL HUB,MNLDVO,PR  2821,J,Economy Saver,DOM,Ticket Office,2025-02-06,Thu,MNL,1,81.75,15.0,0
2025-03-28,DRP,DOM,MNL HUB,DRPMNL,PR  2924,Y,Economy Saver,DOM,Corporate Web Portal,2025-02-28,Fri,MNL,1,71.37,43.0,0
2025-02-07,BCD,DOM,MNL HUB,MNLBCD,PR  2137,J,Economy Saver,,WEB/APP,2025-01-14,Fri,LAX,1,44.78,39.0,0
2025-02-27,CEB,DOM,MNL HUB,MNLCEB,PR  2845,J,Business Flex,DOM,WEB/APP,2025-02-22,Thu,MNL,1,237.84,20.0,0
2025-01-05,ILO,DOM,MNL HUB,MNLILO,PR  2143,Y,Economy Saver,,Traditional Travel Agency,2024-12-03,Sun,ILO,2,76.67,48.0,1
2025-02-01,CBO,DOM,MNL HUB,CBOMNL,PR  2960,J,Economy Saver,DOM,WEB/APP,2025-01-08,Sat,CBO,1,68.41,39.0,0
2025-04-26,CEB,DOM,MNL HUB,CEBMNL,PR  2836,Y,Economy Supersaver,DOM,WEB/APP,2025-02-19,Sat,MNL,1,43.67,81.0,0
2025-03-14,LAO,DOM,MNL HUB,LAOMNL,PR  2199,Y,Economy Supersaver,DOM,WEB/APP,2025-01-13,Fri,SIN,1,36.67,75.0,0
2025-04-07,IAO,DOM,MNL HUB,IAOMNL,PR  2974,J,Economy Supersaver,DOM,OTA,2024-09-04,Mon,IAO,4,46.54,230.0,1
2025-04-05,CGY,DOM,MNL HUB,MNLCGY,PR  2527,Y,Economy Supersaver,DOM,WEB/APP,2025-03-24,Sat,CGY,1,42.68,27.0,0
2025-04-12,PPS,DOM,MNL HUB,PPSMNL,PR  2786,Y,Economy Saver,Offline,OTA,2024-08-07,Sat,SYD,1,55.61,263.0,0
2025-03-19,CEB,DOM,MNL HUB,MNLCEB,PR  1841,Y,Economy Supersaver,DOM,Traditional Travel Agency,2025-02-21,Wed,MNL,2,24.24,41.0,1
2025-01-30,MPH,DOM,MNL HUB,MPHMNL,PR  2040,Y,Economy Supersaver,DOM,Traditional Travel Agency,2025-01-24,Thu,MPH,1,25.37,21.0,0
2025-04-12,GES,DOM,MNL HUB,MNLGES,PR  453,J,Economy Supersaver,DOM,Traditional Travel Agency,2024-10-02,Sat,MNL,2,27.65,207.0,1
2025-01-20,CBO,DOM,MNL HUB,MNLCBO,PR  2959,Y,Economy Value,DOM,WEB/APP,2025-01-13,Mon,MNL,1,130.08,22.0,0
2025-03-18,ILO,DOM,MNL HUB,MNLILO,PR  2147,J,Economy Saver,DOM,Traditional Travel Agency,2025-03-18,Tue,MNL,2,64.6,15.0,1
2025-01-27,KLO,DOM,MNL HUB,MNLKLO,PR  2969,Y,Economy Saver,DOM,Traditional Travel Agency,2025-01-24,Mon,MNL,4,54.09,18.0,1
2025-04-13,CGY,DOM,MNL HUB,MNLCGY,PR  2525,J,Economy Value,DOM,Ticket Office,2025-03-18,Sun,MNL,4,90.08,41.0,1
2025-04-24,DVO,DOM,MNL HUB,MNLDVO,PR  2821,W,Premium Economy,DOM,WEB/APP,2025-04-19,Thu,MNL,1,144.48,20.0,0
2025-02-18,CEB,DOM,MNL HUB,MNLCEB,PR  2867,J,Economy Flex,DOM,WEB/APP,2025-02-18,Tue,MNL,5,206.33,15.0,1
2025-03-05,CEB,DOM,MNL HUB,MNLCEB,PR  2849,Y,Economy Saver,,OTA,2024-11-16,Wed,YVR,1,50.31,124.0,0
2025-02-21,DVO,DOM,MNL HUB,DVOMNL,PR  2816,Y,Economy Value,JAP,TMC,2025-01-23,Fri,MNL,1,177.47,44.0,0
2025-04-02,DVO,DOM,MNL HUB,DVOMNL,PR  1802,J,Economy Supersaver,DOM,OTA,2025-03-13,Wed,MNL,9,30.01,35.0,1
2025-04-08,GES,DOM,MNL HUB,MNLGES,PR  453,Y,Economy Supersaver,DOM,WEB/APP,2025-03-21,Tue,MNL,3,63.38,33.0,1
2025-04-06,CEB,DOM,MNL HUB,CEBMNL,PR  2850,Y,Economy Saver,G.CN,Traditional Travel Agency,2025-03-19,Sun,CEB,1,103.0,33.0,0
2025-02-12,PPS,DOM,MNL HUB,MNLPPS,PR  2779,J,Economy Saver,DOM,Ticket Office,2024-11-07,Wed,MNL,1,76.31,112.0,0
2025-03-04,CEB,DOM,MNL HUB,CEBMNL,PR  1846,Y,Economy Supersaver,DOM,WEB/APP,2025-02-06,Tue,CEB,3,28.25,41.0,1
2025-02-05,DVO,DOM,MNL HUB,MNLDVO,PR  1809,Y,Economy Supersaver,DOM,WEB/APP,2025-01-14,Wed,MNL,1,24.41,37.0,0
2025-04-25,ILO,DOM,MNL HUB,ILOMNL,PR  2142,Y,Economy Saver,DOM,WEB/APP,2025-02-18,Fri,MNL,14,65.83,81.0,1
2025-02-15,ILO,DOM,MNL HUB,MNLILO,PR  2139,W,Premium Economy,DOM,Traditional Travel Agency,2025-02-10,Sat,MNL,1,154.21,20.0,0
2025-01-16,BCD,DOM,MNL HUB,MNLBCD,PR  2131,Y,Economy Saver,DOM,WEB/APP,2024-12-09,Thu,MNL,2,54.5,53.0,1
2025-03-09,DGT,DOM,MNL HUB,DGTMNL,PR  2546,Y,Economy Value,DOM,WEB/APP,2025-02-20,Sun,DGT,2,103.7,32.0,1
2025-04-01,DVO,DOM,MNL HUB,MNLDVO,PR  2815,Y,Economy Value,DOM,Traditional Travel Agency,2025-03-27,Tue,MNL,1,97.78,20.0,0
2025-02-07,ZAM,DOM,MNL HUB,MNLZAM,PR  2993,Y,Economy Supersaver,DOM,Traditional Travel Agency,2025-01-27,Fri,ZAM,1,48.62,26.0,0
2025-01-29,CBO,DOM,MNL HUB,MNLCBO,PR  2959,Y,Economy Saver,DOM,WEB/APP,2025-01-13,Wed,MNL,1,81.63,31.0,0
2025-02-04,DVO,DOM,MNL HUB,MNLDVO,PR  1805,Y,Economy Supersaver,DOM,WEB/APP,2024-12-26,Tue,MNL,2,41.35,55.0,1
2025-01-01,RXS,DOM,MNL HUB,RXSMNL,PR  2204,Y,Economy Saver,DOM,WEB/APP,2024-11-27,Wed,RXS,2,74.22,50.0,1
2025-02-25,CEB,DOM,MNL HUB,MNLCEB,PR  2863,Y,Economy Saver,DOM,Traditional Travel Agency,2025-02-23,Tue,MNL,1,53.55,17.0,0
2025-04-30,CEB,DOM,MNL HUB,CEBMNL,PR  2836,Y,Economy Value,DOM,WEB/APP,2025-04-25,Wed,CEB,3,97.24,20.0,1
2025-03-18,ILO,DOM,MNL HUB,ILOMNL,PR  2146,J,Economy Value,DOM,Corporate Web Portal,2025-03-17,Tue,CEB,1,132.21,16.0,0
2025-03-21,PPS,DOM,MNL HUB,MNLPPS,PR  2779,Y,Economy Saver,DOM,Traditional Travel Agency,2025-03-15,Fri,MNL,5,88.87,21.0,1
2025-02-25,DVO,DOM,MNL HUB,MNLDVO,PR  1803,J,Economy Value,DOM,Ticket Office,2025-02-10,Tue,MNL,3,93.07,30.0,1
2025-02-17,DVO,DOM,MNL HUB,MNLDVO,PR  2819,J,Economy Supersaver,DOM,Traditional Travel Agency,2025-02-13,Mon,MNL,1,35.31,19.0,0
2025-01-20,DVO,DOM,MNL HUB,MNLDVO,PR  2811,Y,Economy Value,DOM,Contact Center,2024-12-15,Mon,MNL,1,90.98,51.0,0
2025-04-24,TAC,DOM,MNL HUB,MNLTAC,PR  2987,Y,Economy Value,DOM,WEB/APP,2025-04-19,Thu,MNL,1,135.69,20.0,0
2025-02-13,BCD,DOM,MNL HUB,BCDMNL,PR  2138,Y,Economy Saver,DOM,Contact Center,2025-01-27,Thu,BCD,1,60.93,32.0,0
2025-03-18,GES,DOM,MNL HUB,MNLGES,PR  453,J,Economy Value,DOM,Ticket Office,2025-03-07,Tue,MNL,3,107.41,26.0,1
2025-04-08,TAC,DOM,MNL HUB,TACMNL,PR  2988,J,Economy Flex,DOM,Ticket Office,2025-03-23,Tue,MNL,1,24.17,31.0,0
2025-04-09,CGY,DOM,MNL HUB,MNLCGY,PR  2521,J,Business Flex,DOM,WEB/APP,2025-04-05,Wed,CGY,1,242.96,19.0,0
2025-03-30,DVO,DOM,MNL HUB,DVOMNL,PR  2818,Y,Economy Saver,DOM,WEB/APP,2025-03-22,Sun,MNL,1,75.0,23.0,0
2025-04-12,GES,DOM,MNL HUB,MNLGES,PR  457,Y,Economy Saver,DOM,Contact Center,2025-03-21,Sat,MNL,2,74.19,37.0,1
2025-02-20,BCD,DOM,MNL HUB,BCDMNL,PR  2130,Y,Economy Value,DOM,Traditional Travel Agency,2025-02-04,Thu,BCD,1,89.79,31.0,0
2025-02-11,ILO,DOM,MNL HUB,MNLILO,PR  2145,Y,Economy Supersaver,DOM,WEB/APP,2025-01-23,Tue,MNL,1,24.67,34.0,0
2025-03-04,DGT,DOM,MNL HUB,MNLDGT,PR  2545,Y,Economy Supersaver,DOM,Traditional Travel Agency,2025-02-23,Tue,MNL,1,58.45,24.0,0
2025-01-05,DVO,DOM,MNL HUB,DVOMNL,PR  2824,Y,Economy Value,SEA,WEB/APP,2024-09-04,Sun,SIN,1,106.62,138.0,0
2025-02-27,DVO,DOM,MNL HUB,DVOMNL,PR  1806,J,Economy Value,DOM,Ticket Office,2024-12-29,Thu,DVO,1,93.05,75.0,0
2025-04-11,DVO,DOM,MNL HUB,DVOMNL,PR  1804,Y,Economy Supersaver,DOM,Ticket Office,2025-02-24,Fri,DVO,1,30.24,61.0,0
2025-01-22,IAO,DOM,MNL HUB,IAOMNL,PR  2974,Y,Economy Flex,DOM,Ticket Office,2025-01-07,Wed,MNL,2,200.52,30.0,1
2025-01-11,ZAM,DOM,MNL HUB,ZAMMNL,PR  2998,Y,Economy Value,DOM,Traditional Travel Agency,2025-01-05,Sat,ZAM,3,124.87,21.0,1
2025-01-19,GES,DOM,MNL HUB,GESMNL,PR  2456,Y,Economy Value,DOM,WEB/APP,2025-01-09,Sun,GES,1,102.4,25.0,0
2025-02-27,CGY,DOM,MNL HUB,CGYMNL,PR  2522,Y,Economy Value,DOM,Traditional Travel Agency,2025-02-20,Thu,MNL,1,113.43,22.0,0
2025-04-10,CEB,DOM,MNL HUB,CEBMNL,PR  2854,Y,Economy Saver,DOM,WEB/APP,2025-03-21,Thu,CEB,2,73.61,35.0,1
2025-03-14,MPH,DOM,MNL HUB,MPHMNL,PR  2042,Y,Economy Supersaver,DOM,WEB/APP,2025-01-05,Fri,MNL,2,33.4,83.0,1
2025-02-04,CEB,DOM,MNL HUB,MNLCEB,PR  1845,Y,Economy Supersaver,DOM,WEB/APP,2024-12-13,Tue,MNL,7,36.41,68.0,1
2025-02-25,DVO,DOM,MNL HUB,DVOMNL,PR  2816,J,Economy Value,DOM,Ticket Office,2025-02-21,Tue,DVO,2,136.68,19.0,1
2025-04-05,CEB,DOM,MNL HUB,MNLCEB,PR  2851,J,Economy Supersaver,DOM,Contact Center,2025-03-30,Sat,MNL,1,63.36,21.0,0
2025-03-04,CEB,DOM,MNL HUB,CEBMNL,PR  2854,Y,Economy Saver,DOM,WEB/APP,2025-01-26,Tue,MNL,1,58.26,52.0,0
2025-03-21,USU,DOM,MNL HUB,MNLUSU,PR  2965,Y,Economy Supersaver,DOM,Traditional Travel Agency,2024-06-03,Fri,MNL,1,29.0,306.0,0
2025-04-04,TAG,DOM,MNL HUB,MNLTAG,PR  2775,Y,Economy Saver,DOM,WEB/APP,2025-03-28,Fri,MNL,1,71.29,22.0,0
2025-04-10,DVO,DOM,MNL HUB,MNLDVO,PR  1813,Y,Economy Saver,,OTA,2024-12-25,Thu,CMH,1,127.8,121.0,0
2025-03-19,DVO,DOM,MNL HUB,DVOMNL,PR  2808,Y,Economy Saver,DOM,Traditional Travel Agency,2025-03-17,Wed,DVO,2,80.79,17.0,1
2025-01-06,ZAM,DOM,MNL HUB,MNLZAM,PR  2997,Y,Economy Supersaver,DOM,WEB/APP,2024-10-23,Mon,ZAM,1,42.09,90.0,0
2025-01-30,GES,DOM,MNL HUB,GESMNL,PR  454,J,Economy Value,DOM,Sea Crew,2025-01-28,Thu,GES,1,136.14,17.0,0
2025-04-03,ZAM,DOM,MNL HUB,ZAMMNL,PR  2954,Y,Economy Value,DOM,WEB/APP,2025-03-13,Thu,ZAM,1,96.74,36.0,0
2025-03-17,GES,DOM,MNL HUB,GESMNL,PR  456,Y,Economy Saver,ME,Traditional Travel Agency,2024-12-22,Mon,JED,1,57.9,100.0,0
2025-03-02,CBO,DOM,MNL HUB,MNLCBO,PR  2959,Y,Economy Flex,DOM,Contact Center,2025-03-01,Sun,MNL,1,192.43,16.0,0
2025-04-07,TAC,DOM,MNL HUB,TACMNL,PR  2982,Y,Economy Value,DOM,Corporate Web Portal,2025-03-19,Mon,TAC,2,112.28,34.0,1
2025-03-18,CYP,DOM,MNL HUB,CYPMNL,PR  2672,J,Economy Saver,DOM,WEB/APP,2025-03-14,Tue,CYP,2,119.66,19.0,1
2025-03-06,MPH,DOM,MNL HUB,MPHMNL,PR  2046,Y,Economy Saver,Offline,OTA,2025-02-21,Thu,MPH,2,30.93,28.0,1
2025-04-05,ILO,DOM,MNL HUB,ILOMNL,PR  2148,J,Economy Supersaver,DOM,OTA,2025-03-23,Sat,ILO,1,37.05,28.0,0
2025-01-31,DPL,DOM,MNL HUB,MNLDPL,PR  2557,Y,Economy Value,DOM,WEB/APP,2024-12-30,Fri,DPL,2,81.81,47.0,1
2025-04-04,DVO,DOM,MNL HUB,MNLDVO,PR  1805,Y,Economy Supersaver,DOM,WEB/APP,2025-03-13,Fri,MNL,1,41.59,37.0,0
2025-01-05,DVO,DOM,MNL HUB,DVOMNL,PR  1806,Y,Economy Flex,DOM,WEB/APP,2024-12-17,Sun,DVO,2,159.25,34.0,1
2025-01-13,CGY,DOM,MNL HUB,CGYMNL,PR  2520,Y,Economy Supersaver,DOM,Traditional Travel Agency,2024-12-29,Mon,CGY,1,44.28,30.0,0
2025-02-12,TUG,DOM,MNL HUB,TUGMNL,PR  2015,Y,Economy Flex,DOM,Corporate Web Portal,2025-02-03,Wed,TUG,1,152.2,24.0,0
2025-02-09,CGY,DOM,MNL HUB,CGYMNL,PR  2522,Y,Economy Saver,DOM,Traditional Travel Agency,2025-01-14,Sun,CGY,3,67.37,41.0,1
2025-01-17,BCD,DOM,MNL HUB,BCDMNL,PR  2130,Y,Economy Flex,DOM,WEB/APP,2025-01-15,Fri,BCD,4,143.24,17.0,1
2025-04-26,DRP,DOM,MNL HUB,DRPMNL,PR  2920,Y,Economy Value,DOM,WEB/APP,2025-03-28,Sat,DRP,1,90.27,44.0,0
2025-01-05,PPS,DOM,MNL HUB,PPSMNL,PR  2780,Y,Economy Saver,DOM,Contact Center,2024-11-25,Sun,PPS,1,71.23,56.0,0
2025-02-12,PPS,DOM,MNL HUB,PPSMNL,PR  2780,Y,Economy Supersaver,DOM,Traditional Travel Agency,2025-02-08,Wed,PPS,10,45.32,19.0,1
2025-04-10,CEB,DOM,MNL HUB,CEBMNL,PR  2862,J,Economy Value,DOM,WEB/APP,2025-04-06,Thu,CEB,3,97.39,19.0,1
2025-02-21,CEB,DOM,MNL HUB,CEBMNL,PR  2836,Y,Economy Supersaver,DOM,Ticket Office,2025-02-13,Fri,CEB,2,34.79,23.0,1
2025-04-04,GES,DOM,MNL HUB,MNLGES,PR  453,J,Economy Value,DOM,WEB/APP,2025-04-02,Fri,MNL,10,117.38,17.0,1
2025-01-14,ILO,DOM,MNL HUB,ILOMNL,PR  2142,Y,Economy Supersaver,DOM,WEB/APP,2024-08-04,Tue,MNL,1,21.46,178.0,0
2025-01-11,OZC,DOM,MNL HUB,OZCMNL,PR  2890,Y,Economy Value,DOM,WEB/APP,2024-12-08,Sat,OZC,1,83.6,49.0,0
2025-04-22,BXU,DOM,MNL HUB,BXUMNL,PR  2968,Y,Economy Saver,DOM,WEB/APP,2025-03-24,Tue,MNL,1,85.23,44.0,0
2025-03-02,CEB,DOM,MNL HUB,CEBMNL,PR  2850,Y,Economy Value,DOM,Traditional Travel Agency,2025-02-10,Sun,CEB,1,98.6,35.0,0
2025-03-21,CGY,DOM,MNL HUB,MNLCGY,PR  2527,Y,Economy Supersaver,DOM,Traditional Travel Agency,2025-03-08,Fri,MNL,7,34.99,28.0,1
2025-03-18,MPH,DOM,MNL HUB,MNLMPH,PR  2039,J,Economy Value,DOM,WEB/APP,2025-03-04,Tue,MNL,2,100.43,29.0,1
2025-04-05,BCD,DOM,MNL HUB,BCDMNL,PR  2132,J,Economy Supersaver,DOM,WEB/APP,2025-02-06,Sat,BCD,3,26.92,73.0,1
2025-02-26,CEB,DOM,MNL HUB,MNLCEB,PR  2857,Y,Economy Saver,,WEB/APP,2025-02-17,Wed,HNL,1,63.21,24.0,0
2025-01-07,CBO,DOM,MNL HUB,CBOMNL,PR  2960,Y,Economy Saver,DOM,WEB/APP,2024-10-03,Tue,CBO,1,62.88,111.0,0
2025-01-10,ILO,DOM,MNL HUB,MNLILO,PR  2141,J,Economy Saver,Offline,OTA,2024-12-09,Fri,ILO,1,29.65,47.0,0
2025-02-09,DVO,DOM,MNL HUB,DVOMNL,PR  2818,Y,Economy Value,DOM,WEB/APP,2025-01-31,Sun,DVO,1,92.63,24.0,0
2025-04-12,CEB,DOM,MNL HUB,MNLCEB,PR  2861,Y,Economy Value,DOM,WEB/APP,2025-04-03,Sat,CEB,3,93.87,24.0,1
2025-04-01,DVO,DOM,MNL HUB,DVOMNL,PR  1818,J,Economy Supersaver,DOM,OTA,2025-03-12,Tue,DVO,1,40.66,35.0,0
2025-01-28,OZC,DOM,MNL HUB,OZCMNL,PR  2890,Y,Economy Supersaver,DOM,WEB/APP,2024-12-17,Tue,MNL,1,30.56,57.0,0
2025-02-27,OZC,DOM,MNL HUB,OZCMNL,PR  2890,Y,Economy Supersaver,DOM,Traditional Travel Agency,2025-02-21,Thu,OZC,1,41.73,21.0,0
2025-03-11,DRP,DOM,MNL HUB,MNLDRP,PR  2919,Y,Economy Supersaver,DOM,WEB/APP,2025-02-15,Tue,MNL,1,49.31,39.0,0
2025-04-03,DVO,DOM,MNL HUB,MNLDVO,PR  2825,Y,Economy Supersaver,DOM,OTA,2025-03-23,Thu,MNL,1,39.69,26.0,0
2025-02-10,TAC,DOM,MNL HUB,TACMNL,PR  2986,Y,Economy Value,DOM,WEB/APP,2025-02-06,Mon,TAC,4,122.36,19.0,1
2025-01-02,TAG,DOM,MNL HUB,MNLTAG,PR  2775,Y,Economy Saver,AUS,Traditional Travel Agency,2024-12-19,Thu,PER,2,117.09,29.0,1
2025-03-02,CGY,DOM,MNL HUB,CGYMNL,PR  2530,J,Economy Saver,DOM,Sea Crew,2025-02-21,Sun,CGY,1,56.94,24.0,0
2025-01-30,DVO,DOM,MNL HUB,MNLDVO,PR  2819,W,Premium Economy,DOM,Ticket Office,2025-01-14,Thu,MNL,2,159.39,31.0,1
2025-04-26,DGT,DOM,MNL HUB,DGTMNL,PR  2544,J,Economy Value,DOM,WEB/APP,2025-04-15,Sat,MNL,1,114.15,26.0,0
2025-01-25,TAC,DOM,MNL HUB,MNLTAC,PR  2981,Y,Economy Saver,DOM,Ticket Office,2024-12-03,Sat,MNL,1,69.09,68.0,0
2025-01-29,TUG,DOM,MNL HUB,MNLTUG,PR  2014,J,Economy Supersaver,DOM,WEB/APP,2025-01-08,Wed,MNL,3,39.04,36.0,1
2025-01-12,CEB,DOM,MNL HUB,CEBMNL,PR  2850,Y,Economy Saver,AUS,Traditional Travel Agency,2024-08-16,Sun,TAC,2,143.43,164.0,1
2025-04-08,CGY,DOM,MNL HUB,CGYMNL,PR  2528,Y,Economy Supersaver,DOM,OTA,2025-03-10,Tue,CGY,1,24.36,44.0,0
2025-03-19,PPS,DOM,MNL HUB,MNLPPS,PR  2781,Y,Economy Supersaver,DOM,WEB/APP,2024-06-11,Wed,MNL,3,18.61,296.0,1
2025-02-20,USU,DOM,MNL HUB,USUMNL,PR  2962,Y,Economy Saver,JAP,OTA,2025-01-22,Thu,USU,1,30.24,44.0,0
2025-04-04,CYZ,DOM,MNL HUB,MNLCYZ,PR  2018,Y,Economy Supersaver,DOM,WEB/APP,2025-03-21,Fri,MNL,1,38.21,29.0,0
2025-03-10,TUG,DOM,MNL HUB,TUGMNL,PR  2015,Y,Economy Supersaver,DOM,Traditional Travel Agency,2025-01-15,Mon,TUG,4,19.72,69.0,1
2025-04-01,BSO,DOM,MNL HUB,BSOMNL,PR  2933,Y,Economy Flex,DOM,Traditional Travel Agency,2025-01-24,Tue,MNL,5,203.22,82.0,1
2025-02-11,DVO,DOM,MNL HUB,DVOMNL,PR  2808,Y,Economy Supersaver,DOM,WEB/APP,2025-01-02,Tue,DVO,1,24.39,55.0,0
2025-04-06,DVO,DOM,MNL HUB,DVOMNL,PR  1814,Y,Economy Value,DOM,Traditional Travel Agency,2025-03-16,Sun,DVO,10,96.16,36.0,1
2025-03-05,DVO,DOM,MNL HUB,MNLDVO,PR  2819,Y,Economy Saver,Offline,Sea Crew,2025-02-04,Wed,MCT,1,122.82,44.0,0
2025-02-16,DPL,DOM,MNL HUB,MNLDPL,PR  2557,Y,Economy Value,DOM,Traditional Travel Agency,2025-02-05,Sun,DPL,4,80.87,26.0,1
2025-03-16,TAC,DOM,MNL HUB,MNLTAC,PR  2987,J,Economy Value,DOM,Traditional Travel Agency,2025-02-26,Sun,TAC,1,110.57,33.0,0
2025-04-07,DVO,DOM,MNL HUB,MNLDVO,PR  1805,Y,Economy Value,DOM,Contact Center,2025-02-24,Mon,DXB,2,113.24,57.0,1
2025-01-07,DVO,DOM,MNL HUB,DVOMNL,PR  1804,Y,Economy Flex,DOM,WEB/APP,2024-12-30,Tue,DVO,1,169.79,23.0,0
2025-02-12,TAG,DOM,MNL HUB,MNLTAG,PR  2775,Y,Economy Supersaver,DOM,Traditional Travel Agency,2025-01-22,Wed,MNL,2,24.97,36.0,1
2025-04-29,DVO,DOM,MNL HUB,MNLDVO,PR  2825,Y,Economy Flex,ME,Traditional Travel Agency,2025-04-05,Tue,JED,1,133.9,39.0,0
2025-01-31,DVO,DOM,MNL HUB,DVOMNL,PR  2820,Y,Economy Saver,DOM,Contact Center,2025-01-22,Fri,MNL,1,76.17,24.0,0
2025-04-03,CEB,DOM,MNL HUB,MNLCEB,PR  2859,Y,Economy Saver,DOM,Traditional Travel Agency,2025-01-27,Thu,CEB,3,52.57,81.0,1
2025-01-04,LAO,DOM,MNL HUB,MNLLAO,PR  2196,Y,Economy Supersaver,ME,WEB/APP,2024-05-26,Sat,DXB,1,41.05,238.0,0
2025-01-28,KLO,DOM,MNL HUB,MNLKLO,PR  2969,Y,Economy Supersaver,DOM,Traditional Travel Agency,2025-01-23,Tue,KLO,1,43.43,20.0,0
2025-04-04,CGY,DOM,MNL HUB,MNLCGY,PR  2521,Y,Economy Supersaver,,Traditional Travel Agency,2025-03-05,Fri,MSP,1,46.55,45.0,0
2025-04-30,DPL,DOM,MNL HUB,DPLMNL,PR  2558,Y,Economy Value,DOM,Contact Center,2024-12-06,Wed,DPL,1,84.56,160.0,0
2025-01-06,DVO,DOM,MNL HUB,MNLDVO,PR  1805,J,Business Flex,DOM,Contact Center,2024-11-20,Mon,MNL,1,265.8,62.0,0
2025-04-24,CYZ,DOM,MNL HUB,CYZMNL,PR  2019,Y,Economy Supersaver,DOM,WEB/APP,2025-03-14,Thu,CYZ,3,32.39,56.0,1
2025-02-16,DVO,DOM,MNL HUB,MNLDVO,PR  2813,Y,Economy Saver,DOM,Corporate Web Portal,2025-02-08,Sun,DVO,1,81.06,23.0,0
2025-01-14,ZAM,DOM,MNL HUB,MNLZAM,PR  2997,J,Economy Value,DOM,Traditional Travel Agency,2025-01-13,Tue,MNL,1,105.1,16.0,0
2025-04-23,PPS,DOM,MNL HUB,MNLPPS,PR  2787,Y,Economy Value,DOM,WEB/APP,2025-04-19,Wed,MNL,1,127.27,19.0,0
2025-04-02,CGY,DOM,MNL HUB,MNLCGY,PR  2525,J,Economy Value,DOM,WEB/APP,2025-03-27,Wed,MNL,1,90.26,21.0,0
2025-04-23,CEB,DOM,MNL HUB,MNLCEB,PR  2863,J,Economy Value,SEA,OTA,2025-04-10,Wed,KUL,1,64.44,28.0,0
2025-02-14,ILO,DOM,MNL HUB,MNLILO,PR  2143,Y,Economy Value,DOM,Ticket Office,2025-02-12,Fri,MNL,1,104.68,17.0,0
2025-03-07,BCD,DOM,MNL HUB,BCDMNL,PR  2132,Y,Economy Saver,DOM,Ticket Office,2025-02-06,Fri,BCD,1,98.02,44.0,0
2025-03-11,DRP,DOM,MNL HUB,MNLDRP,PR  2923,Y,Economy Saver,G.CN,OTA,2025-03-08,Tue,HKG,1,32.1,18.0,0
2025-01-15,PPS,DOM,MNL HUB,MNLPPS,PR  2787,Y,Economy Saver,DOM,Traditional Travel Agency,2025-01-14,Wed,MNL,7,66.49,16.0,1
2025-03-12,CEB,DOM,MNL HUB,CEBMNL,PR  2852,Y,Economy Supersaver,DOM,WEB/APP,2025-01-31,Wed,CEB,3,28.37,55.0,1
2025-03-13,DVO,DOM,MNL HUB,DVOMNL,PR  2820,Y,Economy Saver,DOM,Contact Center,2025-03-03,Thu,MNL,1,62.53,25.0,0
2025-03-10,DVO,DOM,MNL HUB,DVOMNL,PR  2824,J,Business Flex,DOM,WEB/APP,2025-03-08,Mon,DVO,1,198.08,17.0,0
2025-04-10,BCD,DOM,MNL HUB,MNLBCD,PR  2137,Y,Economy Value,DOM,WEB/APP,2025-04-07,Thu,MNL,1,101.86,18.0,0
2025-04-13,BCD,DOM,MNL HUB,BCDMNL,PR  2138,Y,Economy Saver,DOM,WEB/APP,2025-03-22,Sun,BCD,1,32.73,37.0,0
2025-04-12,CGY,DOM,MNL HUB,CGYMNL,PR  2526,Y,Economy Value,DOM,WEB/APP,2025-04-10,Sat,CGY,2,89.63,17.0,1
2025-01-16,GES,DOM,MNL HUB,GESMNL,PR  456,J,Economy Value,,Traditional Travel Agency,2024-11-26,Thu,DFW,2,134.65,66.0,1
2025-02-11,LAO,DOM,MNL HUB,LAOMNL,PR  2199,Y,Economy Supersaver,DOM,Ticket Office,2025-01-31,Tue,MNL,1,29.24,26.0,0
2025-02-09,CEB,DOM,MNL HUB,MNLCEB,PR  1841,J,Economy Supersaver,DOM,WEB/APP,2024-12-18,Sun,MNL,2,32.47,68.0,1
2025-04-01,TUG,DOM,MNL HUB,MNLTUG,PR  2014,J,Economy Supersaver,DOM,OTA,2025-01-22,Tue,MNL,3,24.67,84.0,1
2025-03-24,DVO,DOM,MNL HUB,DVOMNL,PR  2814,Y,Economy Saver,DOM,OTA,2025-03-18,Mon,DVO,2,78.51,21.0,1
2025-04-03,DGT,DOM,MNL HUB,DGTMNL,PR  2544,Y,Economy Supersaver,DOM,WEB/APP,2025-01-20,Thu,DGT,1,52.49,88.0,0
2025-03-16,CEB,DOM,MNL HUB,CEBMNL,PR  2864,Y,Economy Supersaver,DOM,Traditional Travel Agency,2025-01-18,Sun,CEB,1,17.81,72.0,0
2025-04-05,OZC,DOM,MNL HUB,MNLOZC,PR  2889,Y,Economy Value,DOM,Sea Crew,2025-03-31,Sat,MNL,1,151.02,20.0,0
2025-03-22,DVO,DOM,MNL HUB,MNLDVO,PR  1809,Y,Economy Supersaver,DOM,Traditional Travel Agency,2025-02-22,Sat,MNL,2,26.16,43.0,1
2025-03-26,ILO,DOM,MNL HUB,ILOMNL,PR  2146,W,Premium Economy,DOM,WEB/APP,2025-03-24,Wed,MNL,1,173.62,17.0,0
2025-01-14,ZAM,DOM,MNL HUB,ZAMMNL,PR  2950,Y,Economy Saver,AUS,OTA,2024-12-29,Tue,ZAM,1,87.19,31.0,0
2025-03-03,BXU,DOM,MNL HUB,MNLBXU,PR  2938,Y,Economy Supersaver,DOM,Ticket Office,2025-02-11,Mon,MNL,1,41.94,35.0,0
2025-04-08,PPS,DOM,MNL HUB,PPSMNL,PR  1790,J,Economy Supersaver,G.CN,WEB/APP,2025-02-15,Tue,TPE,1,46.39,67.0,0
2025-01-06,BCD,DOM,MNL HUB,BCDMNL,PR  2138,Y,Economy Value,DOM,Ticket Office,2024-12-11,Mon,MNL,1,107.34,41.0,0
2025-01-30,TAG,DOM,MNL HUB,MNLTAG,PR  2777,J,Economy Saver,DOM,Ticket Office,2025-01-10,Thu,OZC,1,65.61,35.0,0
2025-02-17,DVO,DOM,MNL HUB,DVOMNL,PR  2816,Y,Economy Value,DOM,WEB/APP,2025-02-15,Mon,DVO,5,120.67,17.0,1
2025-04-09,PPS,DOM,MNL HUB,MNLPPS,PR  2779,J,Economy Supersaver,DOM,WEB/APP,2025-02-23,Wed,MNL,2,34.59,60.0,1
2025-01-11,CEB,DOM,MNL HUB,MNLCEB,PR  1841,Y,Economy Saver,,OTA,2024-11-18,Sat,LPQ,1,56.88,69.0,0
2025-01-20,CGY,DOM,MNL HUB,MNLCGY,PR  2527,Y,Economy Supersaver,DOM,WEB/APP,2025-01-01,Mon,CGY,1,42.01,34.0,0
2025-02-05,OZC,DOM,MNL HUB,OZCMNL,PR  2890,Y,Economy Saver,DOM,Traditional Travel Agency,2025-02-03,Wed,OZC,1,74.23,17.0,0
2025-03-14,DVO,DOM,MNL HUB,MNLDVO,PR  1805,Y,Economy Supersaver,DOM,Contact Center,2025-03-05,Fri,MNL,3,53.82,24.0,1
2025-04-09,MPH,DOM,MNL HUB,MNLMPH,PR  2043,J,Economy Saver,DOM,Contact Center,2025-03-03,Wed,MNL,1,89.51,52.0,0
2025-03-11,LAO,DOM,MNL HUB,LAOMNL,PR  2197,Y,Economy Flex,DOM,Corporate Web Portal,2025-03-03,Tue,MNL,3,161.14,23.0,1
2025-04-27,GES,DOM,MNL HUB,MNLGES,PR  453,J,Business Value,DOM,WEB/APP,2025-03-02,Sun,MNL,1,146.48,71.0,0
2025-04-06,ILO,DOM,MNL HUB,MNLILO,PR  2141,Y,Economy Value,DOM,WEB/APP,2025-04-05,Sun,MNL,3,128.95,16.0,1
2025-01-24,BXU,DOM,MNL HUB,BXUMNL,PR  2968,Y,Economy Supersaver,DOM,Traditional Travel Agency,2025-01-07,Fri,BXU,1,45.89,32.0,0
2025-01-31,DVO,DOM,MNL HUB,DVOMNL,PR  2818,J,Economy Value,DOM,Ticket Office,2025-01-30,Fri,DVO,1,136.68,16.0,0
2025-03-06,DVO,DOM,MNL HUB,MNLDVO,PR  1805,J,Economy Supersaver,DOM,Traditional Travel Agency,2024-11-28,Thu,MNL,1,22.85,113.0,0
2025-03-25,ILO,DOM,MNL HUB,MNLILO,PR  2143,Y,Economy Saver,KOR,Traditional Travel Agency,2025-03-03,Tue,ICN,1,28.27,37.0,0
2025-01-31,CEB,DOM,MNL HUB,CEBMNL,PR  1846,Y,Economy Value,SEA,OTA,2024-12-04,Fri,SGN,5,79.89,73.0,1
2025-03-15,CGY,DOM,MNL HUB,MNLCGY,PR  2521,J,Economy Supersaver,DOM,Traditional Travel Agency,2025-02-28,Sat,CGY,1,46.87,30.0,0
2025-01-24,DGT,DOM,MNL HUB,MNLDGT,PR  2543,Y,Economy Saver,DOM,Corporate Web Portal,2025-01-07,Fri,MNL,2,89.95,32.0,1
2025-03-27,DVO,DOM,MNL HUB,MNLDVO,PR  2817,Y,Economy Supersaver,DOM,WEB/APP,2025-01-19,Thu,MNL,1,26.05,82.0,0
2025-02-18,DVO,DOM,MNL HUB,DVOMNL,PR  2816,Y,Economy Value,Offline,Traditional Travel Agency,2024-12-04,Tue,MNL,1,178.32,91.0,0
2025-04-08,DRP,DOM,MNL HUB,DRPMNL,PR  2922,Y,Economy Saver,DOM,Traditional Travel Agency,2025-03-25,Tue,DRP,1,62.91,29.0,0
2025-01-05,BCD,DOM,MNL HUB,MNLBCD,PR  2131,J,Economy Value,SEA,OTA,2024-12-30,Sun,SIN,1,64.62,21.0,0
2025-04-12,GES,DOM,MNL HUB,MNLGES,PR  453,J,Economy Value,AUS,OTA,2025-03-22,Sat,BKK,1,106.42,36.0,0
2025-02-04,ILO,DOM,MNL HUB,ILOMNL,PR  2144,Y,Economy Saver,DOM,WEB/APP,2024-12-24,Tue,ILO,1,31.24,57.0,0
2025-03-02,DVO,DOM,MNL HUB,MNLDVO,PR  1805,W,Premium Economy,DOM,WEB/APP,2025-02-07,Sun,DVO,2,153.77,38.0,1
2025-04-08,DGT,DOM,MNL HUB,DGTMNL,PR  2544,Y,Economy Value,DOM,Corporate Web Portal,2025-03-17,Tue,MNL,3,99.88,37.0,1
2025-04-02,CGY,DOM,MNL HUB,MNLCGY,PR  1519,Y,Economy Saver,DOM,WEB/APP,2025-03-07,Wed,MNL,2,41.82,41.0,1
2025-02-28,CEB,DOM,MNL HUB,MNLCEB,PR  2867,Y,Economy Saver,DOM,WEB/APP,2025-02-04,Fri,MNL,1,61.22,39.0,0
2025-02-24,CEB,DOM,MNL HUB,CEBMNL,PR  2852,Y,Economy Supersaver,DOM,Traditional Travel Agency,2025-01-31,Mon,CEB,1,30.24,39.0,0
2025-01-07,MPH,DOM,MNL HUB,MPHMNL,PR  2042,Y,Economy Saver,DOM,Traditional Travel Agency,2024-12-19,Tue,MNL,2,88.75,34.0,1
2025-01-31,GES,DOM,MNL HUB,GESMNL,PR  2456,Y,Economy Value,DOM,WEB/APP,2025-01-30,Fri,GES,1,132.88,16.0,0
2025-01-22,OZC,DOM,MNL HUB,OZCMNL,PR  2890,Y,Economy Supersaver,DOM,WEB/APP,2024-11-16,Wed,MNL,1,30.8,82.0,0
2025-03-14,TAC,DOM,MNL HUB,TACMNL,PR  2988,Y,Economy Flex,DOM,WEB/APP,2025-03-12,Fri,TAC,3,150.7,17.0,1
2025-04-02,TUG,DOM,MNL HUB,MNLTUG,PR  2014,Y,Economy Supersaver,DOM,WEB/APP,2025-03-04,Wed,ILO,2,21.68,44.0,1
2025-04-21,TAG,DOM,MNL HUB,MNLTAG,PR  2773,J,Economy Value,SEA,OTA,2025-03-20,Mon,SIN,1,82.95,47.0,0
2025-03-19,TAG,DOM,MNL HUB,TAGMNL,PR  2772,Y,Economy Supersaver,DOM,Traditional Travel Agency,2025-03-05,Wed,TAG,2,31.66,29.0,1
2025-01-27,OZC,DOM,MNL HUB,OZCMNL,PR  2890,Y,Economy Flex,DOM,Traditional Travel Agency,2025-01-23,Mon,OZC,2,181.95,19.0,1
2025-03-13,TUG,DOM,MNL HUB,TUGMNL,PR  2015,Y,Economy Saver,DOM,Traditional Travel Agency,2025-03-12,Thu,TUG,3,69.99,16.0,1
2025-03-21,PPS,DOM,MNL HUB,MNLPPS,PR  2787,Y,Economy Value,DOM,WEB/APP,2025-03-10,Fri,PPS,1,106.79,26.0,0
2025-04-27,TAC,DOM,MNL HUB,MNLTAC,PR  2987,Y,Economy Supersaver,DOM,OTA,2024-11-16,Sun,MNL,1,24.83,177.0,0
2025-04-10,CEB,DOM,MNL HUB,CEBMNL,PR  2854,Y,Economy Saver,DOM,Corporate Web Portal,2025-04-07,Thu,CEB,1,85.31,18.0,0
2025-04-28,BCD,DOM,MNL HUB,BCDMNL,PR  2136,J,Economy Supersaver,DOM,WEB/APP,2025-01-16,Mon,MNL,1,25.78,117.0,0
2025-01-30,MPH,DOM,MNL HUB,MPHMNL,PR  2044,Y,Economy Saver,DOM,Traditional Travel Agency,2025-01-02,Thu,MNL,2,66.15,43.0,1
2025-01-07,CEB,DOM,MNL HUB,MNLCEB,PR  2859,Y,Economy Saver,DOM,Ticket Office,2024-12-20,Tue,CEB,1,69.13,33.0,0
2025-03-16,CEB,DOM,MNL HUB,CEBMNL,PR  2860,W,Premium Economy,DOM,Contact Center,2025-02-26,Sun,MNL,1,193.62,33.0,0
2025-02-15,DVO,DOM,MNL HUB,MNLDVO,PR  2815,Y,Economy Saver,,WEB/APP,2024-12-25,Sat,JFK,1,89.21,67.0,0
2025-04-07,DVO,DOM,MNL HUB,DVOMNL,PR  1806,J,Economy Value,KOR,Traditional Travel Agency,2025-03-28,Mon,DVO,1,61.3,25.0,0
2025-01-21,ILO,DOM,MNL HUB,MNLILO,PR  2145,Y,Economy Flex,,OTA,2025-01-18,Tue,ORD,2,191.1,18.0,1
2025-01-07,CEB,DOM,MNL HUB,CEBMNL,PR  2850,J,Economy Value,DOM,Traditional Travel Agency,2024-12-18,Tue,CEB,5,93.6,35.0,1
2025-04-12,GES,DOM,MNL HUB,MNLGES,PR  453,J,Economy Value,G.CN,WEB/APP,2025-02-01,Sat,HKG,1,91.31,85.0,0
2025-02-26,CGY,DOM,MNL HUB,CGYMNL,PR  2520,Y,Economy Flex,DOM,Traditional Travel Agency,2025-02-19,Wed,CGY,5,143.88,22.0,1
2025-01-30,ILO,DOM,MNL HUB,ILOMNL,PR  2144,Y,Economy Value,DOM,Contact Center,2024-08-06,Thu,MNL,3,99.59,192.0,1
2025-04-25,TAC,DOM,MNL HUB,TACMNL,PR  2986,Y,Economy Saver,G.CN,Traditional Travel Agency,2025-02-06,Fri,HKG,1,38.64,93.0,0
2025-02-02,CRM,DOM,MNL HUB,MNLCRM,PR  2079,J,Economy Value,DOM,WEB/APP,2025-01-27,Sun,CRM,1,146.47,21.0,0
2025-04-05,IAO,DOM,MNL HUB,IAOMNL,PR  2972,Y,Economy Flex,DOM,WEB/APP,2025-02-05,Sat,IAO,2,239.29,74.0,1
2025-04-12,ZAM,DOM,MNL HUB,ZAMMNL,PR  2954,Y,Economy Value,DOM,WEB/APP,2025-04-08,Sat,MNL,3,104.01,19.0,1
2025-03-07,BXU,DOM,MNL HUB,MNLBXU,PR  2938,Y,Economy Supersaver,DOM,Traditional Travel Agency,2024-11-18,Fri,MNL,5,29.72,124.0,1
2025-02-13,DRP,DOM,MNL HUB,DRPMNL,PR  2922,J,Economy Supersaver,DOM,Traditional Travel Agency,2025-01-24,Thu,DRP,3,32.45,35.0,1
2025-01-13,ZAM,DOM,MNL HUB,ZAMMNL,PR  2998,Y,Economy Value,DOM,WEB/APP,2024-12-15,Mon,ZAM,1,87.66,44.0,0
2025-03-20,CEB,DOM,MNL HUB,MNLCEB,PR  2853,J,Economy Flex,Offline,TMC,2025-03-17,Thu,MNL,1,233.17,18.0,0
2025-02-01,DVO,DOM,MNL HUB,MNLDVO,PR  2815,Y,Economy Saver,DOM,WEB/APP,2025-01-06,Sat,MNL,1,70.62,41.0,0
2025-03-17,CYP,DOM,MNL HUB,MNLCYP,PR  4673,J,Economy Saver,DOM,WEB/APP,2025-02-13,Mon,MNL,1,104.97,47.0,0
2025-04-07,GES,DOM,MNL HUB,MNLGES,PR  457,J,Economy Supersaver,DOM,WEB/APP,2025-03-22,Mon,GES,2,47.71,31.0,1
2025-03-19,CEB,DOM,MNL HUB,MNLCEB,PR  2859,Y,Economy Supersaver,DOM,Contact Center,2025-02-18,Wed,CEB,3,49.78,44.0,1
2025-02-22,DVO,DOM,MNL HUB,MNLDVO,PR  2817,W,Premium Economy,DOM,Ticket Office,2025-02-21,Sat,MNL,3,196.29,16.0,1
2025-04-05,CGY,DOM,MNL HUB,CGYMNL,PR  1520,W,Premium Economy,DOM,Ticket Office,2025-03-12,Sat,CGY,1,104.74,39.0,0
2025-01-28,CGY,DOM,MNL HUB,MNLCGY,PR  2525,J,Economy Value,DOM,WEB/APP,2025-01-22,Tue,CGY,1,86.35,21.0,0
2025-03-01,MPH,DOM,MNL HUB,MPHMNL,PR  2046,Y,Economy Value,DOM,WEB/APP,2025-01-27,Sat,MNL,2,119.54,48.0,1
2025-01-03,DPL,DOM,MNL HUB,MNLDPL,PR  2557,J,Economy Flex,ROW,,2024-10-26,Fri,,1,138.93,84.0,0
2025-03-13,CEB,DOM,MNL HUB,CEBMNL,PR  1862,Y,Economy Supersaver,DOM,Traditional Travel Agency,2025-01-01,Thu,CEB,1,19.31,86.0,0
2025-02-13,CGY,DOM,MNL HUB,CGYMNL,PR  2526,J,Economy Value,DOM,Traditional Travel Agency,2025-02-07,Thu,MNL,1,129.56,21.0,0
2025-03-17,DRP,DOM,MNL HUB,MNLDRP,PR  2919,J,Economy Value,DOM,Contact Center,2025-01-17,Mon,MNL,2,81.98,74.0,1
2025-04-10,CEB,DOM,MNL HUB,CEBMNL,PR  2854,J,Economy Saver,DOM,Ticket Office,2025-03-10,Thu,CEB,1,70.63,46.0,0
2025-04-25,PPS,DOM,MNL HUB,MNLPPS,PR  2787,W,Premium Economy,DOM,Ticket Office,2025-04-21,Fri,PPS,1,224.49,19.0,0
2025-04-09,ILO,DOM,MNL HUB,MNLILO,PR  2141,W,Premium Economy,DOM,Ticket Office,2025-03-07,Wed,MNL,1,90.85,48.0,0
2025-04-01,DRP,DOM,MNL HUB,MNLDRP,PR  2921,J,Economy Supersaver,DOM,WEB/APP,2025-02-18,Tue,MNL,2,31.7,57.0,1
2025-01-03,DVO,DOM,MNL HUB,DVOMNL,PR  2822,Y,Economy Flex,DOM,Traditional Travel Agency,2024-12-24,Fri,DVO,1,153.9,25.0,0
2025-01-31,OZC,DOM,MNL HUB,OZCMNL,PR  2890,Y,Economy Supersaver,DOM,Traditional Travel Agency,2024-12-27,Fri,OZC,1,32.46,50.0,0
2025-04-02,ILO,DOM,MNL HUB,MNLILO,PR  2147,Y,Economy Supersaver,DOM,WEB/APP,2025-01-06,Wed,MNL,1,30.75,101.0,0
2025-02-09,DGT,DOM,MNL HUB,DGTMNL,PR  2546,W,Premium Economy,DOM,WEB/APP,2025-02-05,Sun,DGT,1,187.14,19.0,0
2025-03-01,DRP,DOM,MNL HUB,MNLDRP,PR  2919,Y,Economy Saver,DOM,Corporate Web Portal,2025-02-12,Sat,DRP,1,54.7,32.0,0
2025-03-25,CGY,DOM,MNL HUB,MNLCGY,PR  2519,J,Economy Supersaver,DOM,Ticket Office,2024-12-15,Tue,MNL,1,30.26,115.0,0
2025-04-02,IAO,DOM,MNL HUB,IAOMNL,PR  2974,Y,Economy Saver,,Traditional Travel Agency,2025-02-05,Wed,IAO,2,100.46,71.0,1
2025-03-05,GES,DOM,MNL HUB,GESMNL,PR  454,Y,Economy Saver,DOM,Corporate Web Portal,2025-02-27,Wed,GES,1,80.81,21.0,0
2025-04-12,ZAM,DOM,MNL HUB,MNLZAM,PR  2997,Y,Economy Saver,ME,Traditional Travel Agency,2025-02-01,Sat,RUH,1,74.42,85.0,0
2025-03-28,TAG,DOM,MNL HUB,TAGMNL,PR  2774,Y,Economy Value,DOM,WEB/APP,2025-03-28,Fri,TAG,1,135.4,15.0,0
2025-03-15,CEB,DOM,MNL HUB,MNLCEB,PR  1841,Y,Economy Supersaver,DOM,Traditional Travel Agency,2024-12-31,Sat,MNL,2,19.43,89.0,1
2025-02-25,USU,DOM,MNL HUB,USUMNL,PR  2964,Y,Economy Flex,DOM,Traditional Travel Agency,2025-01-30,Tue,USU,1,241.11,41.0,0
2025-01-02,TAC,DOM,MNL HUB,MNLTAC,PR  2987,W,Premium Economy,DOM,Ticket Office,2024-12-31,Thu,MNL,1,200.9,17.0,0
2025-02-24,TAC,DOM,MNL HUB,MNLTAC,PR  2981,Y,Economy Value,DOM,Traditional Travel Agency,2025-02-23,Mon,MNL,1,142.65,16.0,0
2025-04-29,DVO,DOM,MNL HUB,MNLDVO,PR  1819,Y,Economy Value,DOM,OTA,2025-04-26,Tue,MNL,3,127.69,18.0,1
2025-04-09,CEB,DOM,MNL HUB,MNLCEB,PR  1841,W,Premium Economy,DOM,Ticket Office,2025-04-04,Wed,CEB,1,31.46,20.0,0
2025-04-06,MPH,DOM,MNL HUB,MNLMPH,PR  2035,Y,Economy Value,DOM,Ticket Office,2025-01-30,Sun,MNL,1,116.01,81.0,0
2025-02-25,CEB,DOM,MNL HUB,CEBMNL,PR  2860,Y,Economy Saver,,WEB/APP,2025-01-03,Tue,LAX,2,53.14,68.0,1
2025-03-23,DPL,DOM,MNL HUB,DPLMNL,PR  2558,J,Economy Value,DOM,WEB/APP,2025-02-08,Sun,MNL,1,85.23,58.0,0
2025-03-29,BCD,DOM,MNL HUB,MNLBCD,PR  2133,J,Economy Supersaver,DOM,WEB/APP,2025-02-11,Sat,BCD,1,34.84,61.0,0
2025-03-06,GES,DOM,MNL HUB,GESMNL,PR  456,Y,Economy Saver,DOM,Traditional Travel Agency,2025-02-25,Thu,MNL,2,69.32,24.0,1
2025-04-29,CEB,DOM,MNL HUB,CEBMNL,PR  2868,J,Economy Value,,Traditional Travel Agency,2025-04-25,Tue,BCD,1,67.88,19.0,0
2025-01-27,BCD,DOM,MNL HUB,BCDMNL,PR  2132,Y,Economy Value,DOM,WEB/APP,2025-01-17,Mon,BCD,3,77.21,25.0,1
2025-03-28,DVO,DOM,MNL HUB,MNLDVO,PR  2815,J,Economy Supersaver,ME,WEB/APP,2025-01-06,Fri,RUH,1,76.96,96.0,0
2025-04-22,TAG,DOM,MNL HUB,MNLTAG,PR  2777,Y,Economy Value,DOM,GSA/DSA,2025-04-12,Tue,MNL,1,109.93,25.0,0
2025-01-29,CEB,DOM,MNL HUB,MNLCEB,PR  2859,Y,Economy Saver,DOM,Contact Center,2024-08-13,Wed,MNL,1,69.8,184.0,0
2025-02-15,MPH,DOM,MNL HUB,MNLMPH,PR  2047,Y,Economy Supersaver,DOM,WEB/APP,2025-02-08,Sat,MNL,3,44.89,22.0,1
2025-04-29,LAO,DOM,MNL HUB,LAOMNL,PR  2197,Y,Economy Saver,,Traditional Travel Agency,2025-04-02,Tue,HNL,2,52.96,42.0,1
2025-02-12,IAO,DOM,MNL HUB,MNLIAO,PR  2973,J,Economy Flex,DOM,WEB/APP,2025-02-04,Wed,MNL,1,199.3,23.0,0
2025-04-02,BCD,DOM,MNL HUB,MNLBCD,PR  2137,W,Premium Economy,DOM,Contact Center,2025-03-31,Wed,MNL,1,147.52,17.0,0
2025-04-05,DRP,DOM,MNL HUB,DRPMNL,PR  2924,Y,Economy Value,DOM,Contact Center,2025-03-27,Sat,DRP,1,80.88,24.0,0
2025-04-27,GES,DOM,MNL HUB,GESMNL,PR  2456,Y,Economy Value,DOM,WEB/APP,2025-04-07,Sun,MNL,1,139.07,35.0,0
2025-03-03,ILO,DOM,MNL HUB,ILOMNL,PR  2140,Y,Economy Supersaver,DOM,WEB/APP,2025-02-19,Mon,MNL,1,29.29,27.0,0
2025-01-13,CEB,DOM,MNL HUB,CEBMNL,PR  1846,J,Economy Value,DOM,Sea Crew,2024-11-13,Mon,CEB,2,102.18,76.0,1
2025-02-20,TAC,DOM,MNL HUB,TACMNL,PR  2986,J,Economy Saver,DOM,WEB/APP,2025-01-02,Thu,MNL,1,68.39,64.0,0
2025-03-28,DVO,DOM,MNL HUB,MNLDVO,PR  2817,Y,Economy Flex,DOM,WEB/APP,2025-03-24,Fri,DVO,1,159.2,19.0,0
2025-02-24,CEB,DOM,MNL HUB,CEBMNL,PR  1846,Y,Economy Value,DOM,Ticket Office,2025-02-22,Mon,CEB,1,121.87,17.0,0
2025-01-14,CEB,DOM,MNL HUB,MNLCEB,PR  2853,Y,Economy Saver,ROW,,2024-12-04,Tue,MNL,1,144.3,56.0,0
2025-04-06,MPH,DOM,MNL HUB,MNLMPH,PR  2041,Y,Economy Supersaver,DOM,WEB/APP,2024-07-06,Sun,MNL,4,29.32,289.0,1
2025-04-25,DVO,DOM,MNL HUB,MNLDVO,PR  1813,Y,Economy Value,DOM,Corporate Web Portal,2025-04-11,Fri,DVO,1,96.96,29.0,0
2025-02-16,CEB,DOM,MNL HUB,CEBMNL,PR  2854,Y,Economy Saver,,Traditional Travel Agency,2024-11-05,Sun,HNL,1,61.7,118.0,0
2025-03-11,GES,DOM,MNL HUB,GESMNL,PR  456,Y,Economy Saver,DOM,WEB/APP,2025-03-08,Tue,GES,7,73.65,18.0,1
2025-03-04,DGT,DOM,MNL HUB,DGTMNL,PR  2546,Y,Economy Value,DOM,WEB/APP,2025-01-02,Tue,DGT,1,103.04,76.0,0
2025-01-23,CYP,DOM,MNL HUB,CYPMNL,PR  2672,Y,Economy Value,DOM,Traditional Travel Agency,2025-01-09,Thu,MNL,3,139.45,29.0,1
2025-02-27,GES,DOM,MNL HUB,GESMNL,PR  454,Y,Economy Supersaver,DOM,WEB/APP,2024-12-01,Thu,GES,6,21.48,103.0,1
2025-03-01,MPH,DOM,MNL HUB,MNLMPH,PR  2037,W,Premium Economy,DOM,WEB/APP,2025-01-30,Sat,MNL,2,146.73,45.0,1
2025-02-08,CEB,DOM,MNL HUB,MNLCEB,PR  2851,Y,Economy Supersaver,DOM,Traditional Travel Agency,2024-11-22,Sat,MNL,3,14.39,93.0,1
2025-02-28,ILO,DOM,MNL HUB,MNLILO,PR  2141,Y,Economy Supersaver,DOM,WEB/APP,2024-12-23,Fri,MNL,2,39.01,82.0,1
2025-03-17,CGY,DOM,MNL HUB,CGYMNL,PR  2520,J,Economy Value,DOM,Ticket Office,2025-03-13,Mon,CGY,1,106.94,19.0,0
2025-03-23,DVO,DOM,MNL HUB,DVOMNL,PR  2820,J,Economy Supersaver,DOM,WEB/APP,2025-01-30,Sun,MNL,1,35.93,67.0,0
2025-04-01,MPH,DOM,MNL HUB,MNLMPH,PR  2039,Y,Economy Value,DOM,WEB/APP,2025-03-08,Tue,MNL,2,109.64,39.0,1
2025-03-19,TAG,DOM,MNL HUB,MNLTAG,PR  2775,J,Economy Supersaver,DOM,Traditional Travel Agency,2025-01-28,Wed,CYZ,2,21.81,65.0,1
2025-03-18,BCD,DOM,MNL HUB,BCDMNL,PR  2130,Y,Economy Value,DOM,WEB/APP,2025-03-11,Tue,BCD,1,80.47,22.0,0
2025-04-10,MPH,DOM,MNL HUB,MNLMPH,PR  2035,Y,Economy Saver,SEA,OTA,2025-04-09,Thu,MNL,3,116.73,16.0,1
2025-04-06,CBO,DOM,MNL HUB,CBOMNL,PR  2960,J,Economy Value,DOM,Traditional Travel Agency,2025-03-18,Sun,CBO,2,93.79,34.0,1
2025-03-26,TAG,DOM,MNL HUB,MNLTAG,PR  2777,Y,Economy Saver,DOM,WEB/APP,2025-03-25,Wed,MNL,3,67.1,16.0,1
2025-01-22,CEB,DOM,MNL HUB,CEBMNL,PR  2854,Y,Economy Saver,DOM,Corporate Web Portal,2025-01-08,Wed,MNL,1,83.9,29.0,0
2025-03-26,BCD,DOM,MNL HUB,MNLBCD,PR  2131,Y,Economy Flex,DOM,WEB/APP,2025-03-24,Wed,MNL,1,132.21,17.0,0
2025-01-09,TUG,DOM,MNL HUB,TUGMNL,PR  2015,Y,Economy Supersaver,DOM,Traditional Travel Agency,2024-10-08,Thu,TUG,1,26.57,108.0,0
2025-04-26,BXU,DOM,MNL HUB,BXUMNL,PR  2939,Y,Economy Supersaver,DOM,OTA,2024-11-08,Sat,BXU,2,26.01,184.0,1
2025-04-09,ZAM,DOM,MNL HUB,ZAMMNL,PR  2954,Y,Economy Supersaver,DOM,Contact Center,2025-03-20,Wed,ZAM,1,50.36,35.0,0
2025-04-08,BXU,DOM,MNL HUB,MNLBXU,PR  2938,J,Economy Saver,ME,Traditional Travel Agency,2025-01-12,Tue,DOH,2,84.64,101.0,1
2025-01-06,CEB,DOM,MNL HUB,CEBMNL,PR  2868,Y,Economy Flex,DOM,WEB/APP,2025-01-04,Mon,CEB,4,181.35,17.0,1
2025-04-08,CEB,DOM,MNL HUB,MNLCEB,PR  2859,J,Economy Saver,,WEB/APP,2025-02-26,Tue,LAX,3,82.2,56.0,1
2025-03-27,BXU,DOM,MNL HUB,BXUMNL,PR  2939,Y,Economy Flex,DOM,WEB/APP,2025-03-25,Thu,MNL,1,154.0,17.0,0
2025-03-10,CGY,DOM,MNL HUB,CGYMNL,PR  2522,Y,Economy Saver,DOM,Ticket Office,2024-09-23,Mon,CGY,2,68.02,183.0,1
2025-04-29,DRP,DOM,MNL HUB,DRPMNL,PR  2920,Y,Economy Saver,DOM,Ticket Office,2025-03-16,Tue,MNL,1,62.99,59.0,0
2025-01-07,TUG,DOM,MNL HUB,TUGMNL,PR  2015,Y,Economy Value,DOM,WEB/APP,2024-12-09,Tue,MNL,1,98.67,44.0,0
2025-03-03,CEB,DOM,MNL HUB,CEBMNL,PR  1862,Y,Economy Supersaver,DOM,Traditional Travel Agency,2024-12-11,Mon,MNL,3,18.44,97.0,1
2025-01-13,CEB,DOM,MNL HUB,MNLCEB,PR  2863,J,Economy Value,DOM,Traditional Travel Agency,2025-01-13,Mon,MNL,5,94.95,15.0,1
2025-01-14,DVO,DOM,MNL HUB,DVOMNL,PR  2822,Y,Economy Supersaver,DOM,Traditional Travel Agency,2024-12-22,Tue,DVO,1,29.0,38.0,0
2025-01-05,CEB,DOM,MNL HUB,CEBMNL,PR  1862,J,Economy Value,DOM,Traditional Travel Agency,2025-01-03,Sun,CEB,1,111.37,17.0,0
2025-04-13,DGT,DOM,MNL HUB,DGTMNL,PR  2546,Y,Economy Saver,DOM,WEB/APP,2025-03-27,Sun,MNL,2,84.4,32.0,1
2025-04-05,ILO,DOM,MNL HUB,ILOMNL,PR  2142,J,Economy Supersaver,DOM,WEB/APP,2025-02-22,Sat,MNL,1,23.33,57.0,0
2025-02-07,CBO,DOM,MNL HUB,CBOMNL,PR  2960,Y,Economy Value,DOM,WEB/APP,2025-01-19,Fri,CBO,1,87.36,34.0,0
2025-03-06,BCD,DOM,MNL HUB,MNLBCD,PR  2133,Y,Economy Value,DOM,Ticket Office,2024-08-11,Thu,MNL,2,76.26,222.0,1
2025-03-01,LAO,DOM,MNL HUB,MNLLAO,PR  2198,Y,Economy Saver,DOM,WEB/APP,2024-12-18,Sat,USU,2,69.23,88.0,1
2025-04-12,USU,DOM,MNL HUB,USUMNL,PR  2966,Y,Economy Value,Others,OTA,2024-10-21,Sat,BKK,2,49.26,188.0,1
2025-01-07,PPS,DOM,MNL HUB,MNLPPS,PR  2785,Y,Economy Saver,DOM,Traditional Travel Agency,2025-01-03,Tue,MNL,1,88.35,19.0,0
2025-01-29,CYZ,DOM,MNL HUB,CYZMNL,PR  2019,Y,Economy Supersaver,DOM,Traditional Travel Agency,2025-01-27,Wed,CYZ,1,50.04,17.0,0
2025-04-30,ZAM,DOM,MNL HUB,ZAMMNL,PR  2954,J,Economy Saver,DOM,Traditional Travel Agency,2025-03-22,Wed,ZAM,1,60.07,54.0,0
2025-02-04,TUG,DOM,MNL HUB,TUGMNL,PR  2015,J,Economy Saver,G.CN,OTA,2024-12-11,Tue,HKG,1,39.24,70.0,0
2025-04-02,MPH,DOM,MNL HUB,MNLMPH,PR  2041,Y,Economy Supersaver,DOM,Ticket Office,2025-01-30,Wed,MNL,4,37.93,77.0,1
2025-03-16,CEB,DOM,MNL HUB,MNLCEB,PR  2849,Y,Economy Value,DOM,Corporate Web Portal,2025-02-13,Sun,CEB,3,82.24,46.0,1
2025-03-11,DVO,DOM,MNL HUB,DVOMNL,PR  1806,Y,Economy Supersaver,DOM,Traditional Travel Agency,2025-03-05,Tue,DVO,3,52.11,21.0,1
2025-02-08,CEB,DOM,MNL HUB,CEBMNL,PR  2864,J,Economy Value,DOM,Sea Crew,2025-02-05,Sat,CEB,1,83.19,18.0,0
2025-02-01,TAC,DOM,MNL HUB,TACMNL,PR  2988,Y,Economy Supersaver,DOM,WEB/APP,2024-07-04,Sat,TAC,3,50.93,227.0,1
2025-01-07,TAC,DOM,MNL HUB,TACMNL,PR  2982,Y,Economy Supersaver,ROW,,2025-01-06,Tue,TAC,2,72.24,16.0,1
2025-01-10,CGY,DOM,MNL HUB,CGYMNL,PR  2530,J,Economy Value,DOM,Traditional Travel Agency,2024-12-13,Fri,MNL,7,90.02,43.0,1
2025-04-13,DVO,DOM,MNL HUB,DVOMNL,PR  2824,J,Economy Supersaver,DOM,OTA,2025-02-16,Sun,DVO,1,28.74,71.0,0
2025-04-03,CYP,DOM,MNL HUB,MNLCYP,PR  2671,Y,Economy Flex,SEA,OTA,2025-04-02,Thu,MNL,1,239.63,16.0,0
2025-04-11,LAO,DOM,MNL HUB,MNLLAO,PR  2198,Y,Economy Supersaver,,Traditional Travel Agency,2025-01-21,Fri,HNL,2,43.13,95.0,1
2025-02-25,OZC,DOM,MNL HUB,MNLOZC,PR  2889,Y,Economy Supersaver,DOM,Traditional Travel Agency,2024-11-18,Tue,MNL,3,29.9,114.0,1
2025-04-22,DRP,DOM,MNL HUB,DRPMNL,PR  2920,W,Premium Economy,DOM,Ticket Office,2025-04-01,Tue,DRP,1,191.48,36.0,0
2025-01-10,TAG,DOM,MNL HUB,MNLTAG,PR  2775,Y,Economy Supersaver,DOM,Traditional Travel Agency,2024-12-17,Fri,MNL,1,40.3,39.0,0
2025-04-10,BXU,DOM,MNL HUB,MNLBXU,PR  2967,Y,Economy Saver,DOM,Corporate Web Portal,2025-04-05,Thu,MNL,1,83.25,20.0,0
2025-01-06,ILO,DOM,MNL HUB,MNLILO,PR  2147,Y,Economy Saver,AUS,WEB/APP,2024-05-06,Mon,SYD,1,44.24,260.0,0
2025-01-22,CBO,DOM,MNL HUB,CBOMNL,PR  2960,Y,Economy Saver,Offline,OTA,2024-10-28,Wed,KWI,1,6.27,101.0,0
2025-01-30,DVO,DOM,MNL HUB,MNLDVO,PR  2813,Y,Economy Flex,DOM,Traditional Travel Agency,2025-01-27,Thu,MNL,5,173.16,18.0,1
2025-02-08,USU,DOM,MNL HUB,USUMNL,PR  2964,Y,Economy Value,DOM,WEB/APP,2025-01-07,Sat,USU,3,56.5,47.0,1
2025-04-07,TAG,DOM,MNL HUB,TAGMNL,PR  2778,J,Economy Saver,DOM,OTA,2025-03-29,Mon,TAG,1,73.15,24.0,0
2025-04-11,BXU,DOM,MNL HUB,MNLBXU,PR  2967,Y,Economy Saver,DOM,OTA,2025-04-01,Fri,MNL,1,74.84,25.0,0
2025-03-29,BCD,DOM,MNL HUB,MNLBCD,PR  2131,Y,Economy Flex,DOM,WEB/APP,2025-03-28,Sat,MNL,2,189.92,16.0,1
2025-04-02,DGT,DOM,MNL HUB,DGTMNL,PR  2544,Y,Economy Supersaver,DOM,Ticket Office,2025-02-14,Wed,MNL,1,59.55,62.0,0
2025-03-06,DVO,DOM,MNL HUB,DVOMNL,PR  1810,J,Economy Saver,AUS,OTA,2025-03-04,Thu,DVO,1,72.55,17.0,0
2025-02-12,DVO,DOM,MNL HUB,DVOMNL,PR  2818,Y,Economy Saver,DOM,WEB/APP,2025-01-23,Wed,MNL,2,70.58,35.0,1
2025-01-24,DGT,DOM,MNL HUB,DGTMNL,PR  2546,Y,Economy Supersaver,Offline,OTA,2024-11-29,Fri,DGT,1,34.5,71.0,0
2025-01-30,DPL,DOM,MNL HUB,DPLMNL,PR  2558,Y,Economy Value,DOM,WEB/APP,2025-01-19,Thu,DPL,1,95.88,26.0,0
2025-02-06,OZC,DOM,MNL HUB,MNLOZC,PR  2889,J,Economy Saver,DOM,WEB/APP,2025-02-02,Thu,MNL,1,72.68,19.0,0
2025-01-06,CEB,DOM,MNL HUB,CEBMNL,PR  2850,Y,Economy Saver,G.CN,OTA,2024-11-08,Mon,KIX,4,62.86,74.0,1
2025-04-23,CBO,DOM,MNL HUB,MNLCBO,PR  2959,Y,Economy Value,DOM,OTA,2025-04-07,Wed,MNL,1,91.01,31.0,0
2025-04-05,USU,DOM,MNL HUB,USUMNL,PR  2966,Y,Economy Flex,DOM,WEB/APP,2025-03-03,Sat,USU,3,281.38,48.0,1
2025-04-01,DVO,DOM,MNL HUB,DVOMNL,PR  2822,Y,Economy Supersaver,DOM,WEB/APP,2025-03-31,Tue,DVO,2,51.14,16.0,1
2025-04-12,ZAM,DOM,MNL HUB,ZAMMNL,PR  2954,Y,Economy Saver,DOM,WEB/APP,2025-03-10,Sat,ZAM,1,43.3,48.0,0
2025-02-08,BCD,DOM,MNL HUB,MNLBCD,PR  2131,Y,Economy Flex,DOM,Corporate Web Portal,2025-02-07,Sat,MNL,2,122.09,16.0,1
2025-02-11,MPH,DOM,MNL HUB,MPHMNL,PR  2040,Y,Economy Saver,Offline,OTA,2024-10-23,Tue,MPH,2,31.52,126.0,1
2025-02-08,CYP,DOM,MNL HUB,CYPMNL,PR  2672,Y,Economy Value,DOM,WEB/APP,2025-01-29,Sat,CYP,1,128.72,25.0,0
2025-02-14,MPH,DOM,MNL HUB,MPHMNL,PR  2046,Y,Economy Supersaver,DOM,WEB/APP,2024-11-23,Fri,MNL,4,16.71,98.0,1
2025-04-03,DGT,DOM,MNL HUB,MNLDGT,PR  2545,Y,Economy Saver,DOM,WEB/APP,2025-03-14,Thu,MNL,4,93.25,35.0,1
2025-04-27,GES,DOM,MNL HUB,GESMNL,PR  2456,J,Economy Supersaver,DOM,OTA,2025-01-12,Sun,GES,1,29.23,120.0,0
2025-01-04,DVO,DOM,MNL HUB,DVOMNL,PR  1810,Y,Economy Value,DOM,WEB/APP,2024-11-06,Sat,DVO,1,167.93,74.0,0
2025-04-04,DVO,DOM,MNL HUB,MNLDVO,PR  1809,Y,Economy Supersaver,DOM,WEB/APP,2025-03-10,Fri,LAO,1,30.15,40.0,0
2025-01-06,CEB,DOM,MNL HUB,MNLCEB,PR  2863,Y,Economy Saver,AUS,Sea Crew,2024-12-02,Mon,SYD,1,33.95,50.0,0
2025-02-02,CEB,DOM,MNL HUB,CEBMNL,PR  2866,W,Premium Economy,DOM,Traditional Travel Agency,2025-01-30,Sun,CEB,2,231.32,18.0,1
2025-04-29,DVO,DOM,MNL HUB,DVOMNL,PR  2822,J,Non-Rev,DOM,WEB/APP,2025-04-27,Tue,DVO,1,107.75,17.0,0
2025-04-24,PPS,DOM,MNL HUB,MNLPPS,PR  2787,Y,Economy Supersaver,,Traditional Travel Agency,2025-04-22,Thu,MNL,3,51.15,17.0,1
2025-03-31,DVO,DOM,MNL HUB,MNLDVO,PR  1817,J,Economy Saver,DOM,Corporate Web Portal,2025-03-29,Mon,MNL,1,75.82,17.0,0
2025-04-11,PPS,DOM,MNL HUB,PPSMNL,PR  2790,Y,Economy Flex,DOM,Ticket Office,2025-03-24,Fri,MNL,2,212.52,33.0,1
2025-03-12,PPS,DOM,MNL HUB,PPSMNL,PR  2786,Y,Economy Value,DOM,Traditional Travel Agency,2025-03-05,Wed,MNL,1,102.75,22.0,0
2025-03-07,DPL,DOM,MNL HUB,MNLDPL,PR  2557,Y,Economy Saver,,OTA,2024-11-17,Fri,MNL,1,88.8,125.0,0
2025-02-08,ZAM,DOM,MNL HUB,MNLZAM,PR  2949,Y,Economy Supersaver,DOM,Traditional Travel Agency,2025-01-24,Sat,MNL,4,46.3,30.0,1
2025-01-09,BCD,DOM,MNL HUB,BCDMNL,PR  2134,Y,Economy Flex,DOM,WEB/APP,2025-01-03,Thu,BCD,3,134.92,21.0,1
2025-04-10,USU,DOM,MNL HUB,MNLUSU,PR  2965,J,Economy Saver,G.CN,OTA,2025-03-03,Thu,TPE,2,43.36,53.0,1
2025-03-23,GES,DOM,MNL HUB,MNLGES,PR  453,Y,Economy Supersaver,DOM,Traditional Travel Agency,2025-03-05,Sun,MNL,2,45.27,33.0,1
2025-02-04,BXU,DOM,MNL HUB,BXUMNL,PR  2939,Y,Economy Supersaver,DOM,WEB/APP,2025-01-05,Tue,BXU,1,23.91,45.0,0
2025-03-22,CEB,DOM,MNL HUB,CEBMNL,PR  1846,Y,Economy Saver,DOM,Traditional Travel Agency,2025-01-29,Sat,IAO,2,59.7,67.0,1
2025-03-25,CEB,DOM,MNL HUB,CEBMNL,PR  1842,Y,Economy Saver,,Contact Center,2025-03-03,Tue,CEB,1,59.05,37.0,0
2025-03-17,TUG,DOM,MNL HUB,MNLTUG,PR  2014,Y,Economy Supersaver,DOM,Contact Center,2025-03-03,Mon,ILO,1,35.99,29.0,0
2025-01-23,CEB,DOM,MNL HUB,CEBMNL,PR  2868,Y,Economy Value,DOM,WEB/APP,2024-12-11,Thu,CEB,4,94.07,58.0,1
2025-02-21,MPH,DOM,MNL HUB,MNLMPH,PR  2041,J,Economy Flex,DOM,Ticket Office,2025-01-18,Fri,MNL,2,234.47,49.0,1
2025-03-03,CGY,DOM,MNL HUB,MNLCGY,PR  2519,J,Economy Saver,G.CN,Traditional Travel Agency,2025-02-28,Mon,XMN,4,68.63,18.0,1
2025-04-26,BSO,DOM,MNL HUB,BSOMNL,PR  2933,Y,Economy Value,DOM,Traditional Travel Agency,2025-02-18,Sat,MNL,7,208.13,82.0,1
2025-02-14,CEB,DOM,MNL HUB,CEBMNL,PR  2868,Y,Economy Value,DOM,Traditional Travel Agency,2025-02-05,Fri,MNL,1,95.84,24.0,0
2025-03-15,ILO,DOM,MNL HUB,MNLILO,PR  2147,Y,Economy Value,DOM,Traditional Travel Agency,2025-02-27,Sat,ILO,2,96.08,31.0,1
2025-04-12,BSO,DOM,MNL HUB,MNLBSO,PR  2932,J,Economy Saver,DOM,GSA/DSA,2024-10-06,Sat,TAG,1,117.87,203.0,0
2025-04-09,PPS,DOM,MNL HUB,PPSMNL,PR  2788,Y,Economy Saver,DOM,WEB/APP,2025-03-14,Wed,MNL,1,68.36,41.0,0
2025-01-06,DVO,DOM,MNL HUB,DVOMNL,PR  2816,Y,Economy Value,G.CN,OTA,2024-09-20,Mon,HKG,1,98.55,123.0,0
2025-01-31,DRP,DOM,MNL HUB,MNLDRP,PR  2925,Y,Economy Supersaver,DOM,Traditional Travel Agency,2025-01-10,Fri,MNL,6,30.22,36.0,1
2025-04-02,CEB,DOM,MNL HUB,MNLCEB,PR  2861,Y,Economy Flex,SEA,TMC,2025-03-21,Wed,KUL,1,135.97,27.0,0
2025-01-15,PPS,DOM,MNL HUB,MNLPPS,PR  2785,Y,Economy Value,DOM,Contact Center,2025-01-04,Wed,MNL,1,94.73,26.0,0
2025-01-17,MPH,DOM,MNL HUB,MPHMNL,PR  2042,W,Premium Economy,DOM,WEB/APP,2025-01-11,Fri,MPH,1,191.22,21.0,0
2025-04-11,CGY,DOM,MNL HUB,CGYMNL,PR  2530,Y,Economy Saver,DOM,Corporate Web Portal,2025-04-07,Fri,CGY,1,69.61,19.0,0
2025-04-07,DVO,DOM,MNL HUB,DVOMNL,PR  1804,Y,Economy Saver,DOM,WEB/APP,2025-03-31,Mon,DVO,2,62.37,22.0,1
2025-02-17,DGT,DOM,MNL HUB,MNLDGT,PR  2545,Y,Economy Supersaver,DOM,Traditional Travel Agency,2025-01-14,Mon,MNL,3,65.72,49.0,1
2025-03-18,CBO,DOM,MNL HUB,CBOMNL,PR  2960,Y,Economy Supersaver,DOM,Traditional Travel Agency,2024-10-20,Tue,MNL,1,26.78,164.0,0
2025-02-19,CEB,DOM,MNL HUB,CEBMNL,PR  2852,Y,Economy Value,DOM,Traditional Travel Agency,2025-02-13,Wed,CEB,1,94.53,21.0,0
2025-04-08,CEB,DOM,MNL HUB,CEBMNL,PR  1842,J,Economy Supersaver,Offline,Traditional Travel Agency,2025-02-03,Tue,RUH,1,51.35,79.0,0
2025-02-24,RXS,DOM,MNL HUB,MNLRXS,PR  2203,Y,Economy Supersaver,DOM,Ticket Office,2025-01-31,Mon,MNL,1,18.15,39.0,0
2025-03-06,IAO,DOM,MNL HUB,IAOMNL,PR  2972,Y,Economy Supersaver,DOM,WEB/APP,2024-11-26,Thu,MNL,2,52.48,115.0,1
2025-03-11,TAG,DOM,MNL HUB,TAGMNL,PR  2776,Y,Economy Saver,DOM,GSA/DSA,2025-03-09,Tue,TAG,1,81.87,17.0,0
2025-04-11,DVO,DOM,MNL HUB,MNLDVO,PR  2815,J,Economy Saver,DOM,WEB/APP,2024-12-05,Fri,MNL,1,76.49,142.0,0
2025-03-26,CEB,DOM,MNL HUB,MNLCEB,PR  2861,Y,Economy Saver,DOM,WEB/APP,2025-03-21,Wed,MNL,3,61.44,20.0,1
2025-04-10,TAG,DOM,MNL HUB,TAGMNL,PR  2772,Y,Economy Saver,DOM,OTA,2025-04-04,Thu,TAG,2,67.3,21.0,1
2025-04-30,DGT,DOM,MNL HUB,DGTMNL,PR  2544,Y,Economy Value,DOM,Traditional Travel Agency,2025-03-25,Wed,DGT,1,99.2,51.0,0
2025-02-07,ZAM,DOM,MNL HUB,ZAMMNL,PR  2994,Y,Economy Flex,DOM,Traditional Travel Agency,2025-02-03,Fri,MNL,1,149.32,19.0,0
2025-04-12,ILO,DOM,MNL HUB,MNLILO,PR  2147,J,Economy Value,DOM,Traditional Travel Agency,2025-03-19,Sat,ILO,1,105.37,39.0,0
2025-01-06,DVO,DOM,MNL HUB,DVOMNL,PR  2814,Y,Economy Saver,DOM,WEB/APP,2024-11-06,Mon,MNL,1,54.72,76.0,0
2025-03-28,CEB,DOM,MNL HUB,MNLCEB,PR  2869,Y,Economy Supersaver,DOM,OTA,2025-01-30,Fri,MNL,1,36.96,72.0,0
2025-03-18,BCD,DOM,MNL HUB,BCDMNL,PR  2136,Y,Economy Flex,DOM,WEB/APP,2025-03-11,Tue,MNL,1,129.01,22.0,0
2025-02-05,TUG,DOM,MNL HUB,MNLTUG,PR  2014,Y,Economy Saver,AUS,OTA,2025-01-19,Wed,HKG,1,46.46,32.0,0
2025-02-21,MPH,DOM,MNL HUB,MPHMNL,PR  2042,Y,Economy Value,DOM,WEB/APP,2025-01-28,Fri,MNL,1,101.12,39.0,0
2025-02-22,DVO,DOM,MNL HUB,MNLDVO,PR  2817,Y,Economy Saver,DOM,WEB/APP,2025-02-11,Sat,DVO,1,70.8,26.0,0
2025-04-03,DVO,DOM,MNL HUB,DVOMNL,PR  1806,Y,Economy Supersaver,DOM,Sea Crew,2025-03-12,Thu,MNL,2,39.55,37.0,1
2025-02-28,CEB,DOM,MNL HUB,CEBMNL,PR  2880,J,Economy Saver,DOM,Traditional Travel Agency,2025-02-18,Fri,MNL,1,61.6,25.0,0
2025-04-01,DVO,DOM,MNL HUB,MNLDVO,PR  1803,J,Economy Saver,G.CN,Traditional Travel Agency,2025-03-26,Tue,JJN,1,89.44,21.0,0
2025-04-08,CEB,DOM,MNL HUB,MNLCEB,PR  1851,Y,Economy Saver,SEA,TMC,2025-04-01,Tue,MNL,1,27.39,22.0,0
2025-01-06,DRP,DOM,MNL HUB,DRPMNL,PR  2920,Y,Economy Flex,DOM,Corporate Web Portal,2024-12-22,Mon,DRP,1,161.76,30.0,0
2025-04-28,CEB,DOM,MNL HUB,MNLCEB,PR  1863,Y,Economy Saver,DOM,WEB/APP,2025-04-12,Mon,CEB,4,73.22,31.0,1
2025-02-21,CRM,DOM,MNL HUB,CRMMNL,PR  2080,Y,Economy Value,DOM,WEB/APP,2025-02-09,Fri,CRM,1,125.49,27.0,0
2025-04-12,CBO,DOM,MNL HUB,CBOMNL,PR  2960,Y,Economy Saver,DOM,WEB/APP,2025-02-15,Sat,CBO,1,72.36,71.0,0
2025-04-06,DVO,DOM,MNL HUB,DVOMNL,PR  1806,Y,Economy Saver,DOM,Traditional Travel Agency,2025-03-28,Sun,MNL,1,63.21,24.0,0
2025-04-23,CBO,DOM,MNL HUB,CBOMNL,PR  2958,Y,Economy Saver,DOM,WEB/APP,2025-03-15,Wed,CBO,1,57.26,54.0,0
2025-04-04,CEB,DOM,MNL HUB,CEBMNL,PR  1864,Y,Economy Saver,DOM,Traditional Travel Agency,2025-03-14,Fri,MNL,1,75.74,36.0,0
2025-03-22,CGY,DOM,MNL HUB,CGYMNL,PR  2528,Y,Economy Saver,DOM,WEB/APP,2025-03-20,Sat,CGY,5,73.31,17.0,1
2025-03-08,DGT,DOM,MNL HUB,MNLDGT,PR  2545,W,Premium Economy,,Traditional Travel Agency,2025-03-04,Sat,YYC,3,163.87,19.0,1
2025-02-14,LAO,DOM,MNL HUB,MNLLAO,PR  2196,Y,Economy Saver,G.CN,OTA,2024-12-14,Fri,HKG,2,53.44,77.0,1
2025-04-09,BCD,DOM,MNL HUB,BCDMNL,PR  2132,Y,Economy Value,DOM,Traditional Travel Agency,2025-04-02,Wed,BCD,1,90.63,22.0,0
2025-04-25,CEB,DOM,MNL HUB,MNLCEB,PR  1863,J,Economy Value,DOM,WEB/APP,2025-01-27,Fri,CEB,1,83.24,103.0,0
2025-04-07,TAG,DOM,MNL HUB,MNLTAG,PR  2773,Y,Economy Saver,DOM,WEB/APP,2025-03-28,Mon,MNL,1,90.43,25.0,0
2025-03-15,BCD,DOM,MNL HUB,MNLBCD,PR  2137,Y,Economy Saver,SEA,WEB/APP,2025-01-28,Sat,BKK,2,56.35,61.0,1
2025-04-27,CGY,DOM,MNL HUB,CGYMNL,PR  2526,Y,Economy Saver,DOM,OTA,2025-03-07,Sun,CGY,8,43.3,66.0,1
2025-04-07,BCD,DOM,MNL HUB,BCDMNL,PR  2134,J,Economy Value,DOM,WEB/APP,2025-03-31,Mon,MNL,1,79.98,22.0,0
2025-03-03,DVO,DOM,MNL HUB,DVOMNL,PR  2820,Y,Economy Supersaver,ROW,,2025-03-01,Mon,DVO,2,40.51,17.0,1
2025-03-21,BCD,DOM,MNL HUB,MNLBCD,PR  2129,J,Economy Supersaver,DOM,WEB/APP,2025-02-19,Fri,MNL,1,24.79,45.0,0
2025-02-09,DVO,DOM,MNL HUB,DVOMNL,PR  2818,Y,Economy Supersaver,DOM,WEB/APP,2024-12-27,Sun,MNL,11,40.49,59.0,1
2025-02-15,DVO,DOM,MNL HUB,MNLDVO,PR  1809,J,Business Value,KOR,GSA/DSA,2025-01-05,Sat,ICN,1,162.63,56.0,0
2025-01-08,DVO,DOM,MNL HUB,DVOMNL,PR  2822,Y,Economy Saver,DOM,Traditional Travel Agency,2024-11-27,Wed,DVO,2,53.21,57.0,1
2025-03-24,TAG,DOM,MNL HUB,TAGMNL,PR  2772,J,Economy Supersaver,DOM,OTA,2025-03-05,Mon,TAG,5,31.89,34.0,1
2025-02-02,CEB,DOM,MNL HUB,MNLCEB,PR  2849,Y,Economy Value,DOM,Contact Center,2025-01-17,Sun,CEB,1,90.8,31.0,0
2025-01-16,USU,DOM,MNL HUB,USUMNL,PR  2964,J,Economy Value,DOM,WEB/APP,2024-05-31,Thu,MNL,2,132.5,245.0,1
2025-01-21,DVO,DOM,MNL HUB,DVOMNL,PR  2818,Y,Economy Flex,ME,Traditional Travel Agency,2024-11-02,Tue,DOH,1,130.0,95.0,0
2025-04-27,ZAM,DOM,MNL HUB,MNLZAM,PR  2953,Y,Economy Saver,ME,Traditional Travel Agency,2025-04-09,Sun,RUH,1,82.86,33.0,0
2025-03-14,TAC,DOM,MNL HUB,MNLTAC,PR  2985,Y,Economy Value,DOM,Traditional Travel Agency,2025-03-07,Fri,BCD,5,74.87,22.0,1
2025-02-07,PPS,DOM,MNL HUB,PPSMNL,PR  2782,Y,Economy Saver,DOM,Corporate Web Portal,2025-01-31,Fri,MNL,3,87.53,22.0,1
2025-04-08,ILO,DOM,MNL HUB,MNLILO,PR  2139,Y,Economy Saver,G.CN,Traditional Travel Agency,2025-02-15,Tue,HKG,1,37.64,67.0,0
2025-04-05,OZC,DOM,MNL HUB,MNLOZC,PR  2889,Y,Economy Flex,ME,Traditional Travel Agency,2025-03-19,Sat,RUH,1,257.23,32.0,0
2025-04-12,DRP,DOM,MNL HUB,DRPMNL,PR  2922,Y,Economy Saver,DOM,WEB/APP,2025-02-11,Sat,DRP,1,63.08,75.0,0
2025-04-24,TAC,DOM,MNL HUB,MNLTAC,PR  2987,Y,Economy Flex,DOM,OTA,2025-04-24,Thu,MNL,2,189.62,15.0,1
2025-03-04,CGY,DOM,MNL HUB,CGYMNL,PR  2520,J,Economy Supersaver,DOM,WEB/APP,2025-02-13,Tue,CGY,1,30.71,34.0,0
2025-01-23,CEB,DOM,MNL HUB,MNLCEB,PR  1861,Y,Economy Saver,DOM,Contact Center,2025-01-01,Thu,PER,1,158.8,37.0,0
2025-01-30,LAO,DOM,MNL HUB,MNLLAO,PR  2198,Y,Economy Value,DOM,WEB/APP,2025-01-24,Thu,MNL,9,99.0,21.0,1
2025-03-14,BCD,DOM,MNL HUB,MNLBCD,PR  2135,Y,Economy Saver,DOM,Traditional Travel Agency,2025-02-18,Fri,BCD,1,68.77,39.0,0
2025-03-10,TAG,DOM,MNL HUB,MNLTAG,PR  2775,Y,Economy Value,DOM,WEB/APP,2025-02-14,Mon,MNL,1,100.13,39.0,0
2025-03-25,TAC,DOM,MNL HUB,TACMNL,PR  2988,Y,Economy Saver,DOM,WEB/APP,2025-03-21,Tue,TAC,1,107.3,19.0,0
2025-04-05,ILO,DOM,MNL HUB,MNLILO,PR  2141,Y,Economy Value,DOM,WEB/APP,2025-03-26,Sat,ILO,3,95.48,25.0,1
2025-02-06,CGY,DOM,MNL HUB,MNLCGY,PR  2527,Y,Economy Supersaver,DOM,Traditional Travel Agency,2025-01-25,Thu,MNL,2,32.41,27.0,1
2025-01-17,ZAM,DOM,MNL HUB,ZAMMNL,PR  2998,W,Premium Economy,DOM,WEB/APP,2025-01-16,Fri,ZAM,1,215.46,16.0,0
2025-04-30,CEB,DOM,MNL HUB,MNLCEB,PR  2859,J,Economy Supersaver,DOM,OTA,2025-03-08,Wed,MNL,4,24.05,68.0,1
2025-01-12,GES,DOM,MNL HUB,MNLGES,PR  453,Y,Economy Supersaver,AUS,OTA,2025-01-01,Sun,NGO,1,38.68,26.0,0
2025-02-14,DVO,DOM,MNL HUB,MNLDVO,PR  2819,J,Economy Saver,DOM,WEB/APP,2025-02-06,Fri,DVO,1,73.37,23.0,0
2025-04-24,DVO,DOM,MNL HUB,DVOMNL,PR  2812,Y,Economy Saver,DOM,Traditional Travel Agency,2025-04-11,Thu,DVO,3,83.84,28.0,1
2025-04-05,ZAM,DOM,MNL HUB,MNLZAM,PR  2953,Y,Economy Flex,DOM,WEB/APP,2025-04-05,Sat,MNL,2,157.73,15.0,1
2025-02-18,USU,DOM,MNL HUB,USUMNL,PR  2962,Y,Economy Value,,OTA,2024-12-29,Tue,MNL,1,220.23,66.0,0
2025-04-30,CEB,DOM,MNL HUB,MNLCEB,PR  2863,J,Economy Saver,AUS,Traditional Travel Agency,2025-04-14,Wed,SYD,1,54.3,31.0,0
2025-01-12,GES,DOM,MNL HUB,GESMNL,PR  2456,J,Economy Supersaver,DOM,WEB/APP,2024-11-08,Sun,GES,1,48.13,80.0,0
2025-04-06,USU,DOM,MNL HUB,MNLUSU,PR  2961,Y,Economy Value,DOM,OTA,2025-03-09,Sun,MNL,3,181.32,43.0,1
2025-02-21,ILO,DOM,MNL HUB,MNLILO,PR  2139,J,Economy Flex,DOM,Contact Center,2025-02-20,Fri,MNL,1,181.75,16.0,0
2025-04-30,TAG,DOM,MNL HUB,MNLTAG,PR  2771,Y,Economy Value,Offline,Traditional Travel Agency,2025-03-09,Wed,MNL,2,143.78,67.0,1
2025-03-21,OZC,DOM,MNL HUB,OZCMNL,PR  2890,J,Economy Saver,DOM,WEB/APP,2025-03-10,Fri,OZC,1,75.14,26.0,0
2025-02-19,GES,DOM,MNL HUB,MNLGES,PR  455,Y,Economy Supersaver,DOM,Contact Center,2025-01-13,Wed,MNL,1,58.27,52.0,0
2025-04-11,DRP,DOM,MNL HUB,DRPMNL,PR  2922,Y,Economy Saver,ROW,,2025-03-13,Fri,MNL,1,63.31,44.0,0
2025-03-24,GES,DOM,MNL HUB,MNLGES,PR  455,J,Economy Supersaver,DOM,WEB/APP,2024-10-07,Mon,MNL,2,27.48,183.0,1
2025-03-23,LAO,DOM,MNL HUB,LAOMNL,PR  2199,Y,Economy Supersaver,DOM,WEB/APP,2025-01-22,Sun,LAO,4,26.75,75.0,1
2025-03-15,GES,DOM,MNL HUB,MNLGES,PR  455,J,Economy Saver,DOM,Traditional Travel Agency,2025-02-26,Sat,GES,4,72.91,32.0,1
2025-02-06,DVO,DOM,MNL HUB,DVOMNL,PR  1804,Y,Economy Supersaver,DOM,WEB/APP,2025-01-23,Thu,DVO,5,41.2,29.0,1
2025-01-05,GES,DOM,MNL HUB,GESMNL,PR  456,Y,Economy Saver,DOM,Traditional Travel Agency,2024-11-17,Sun,GES,2,101.65,64.0,1
2025-01-23,LAO,DOM,MNL HUB,MNLLAO,PR  2198,Y,Economy Supersaver,DOM,Ticket Office,2025-01-14,Thu,MNL,1,61.3,24.0,0
2025-02-01,ZAM,DOM,MNL HUB,MNLZAM,PR  2997,J,Economy Saver,Offline,OTA,2025-01-26,Sat,KWI,1,26.76,21.0,0
2025-01-18,ZAM,DOM,MNL HUB,ZAMMNL,PR  2950,Y,Economy Value,DOM,WEB/APP,2025-01-06,Sat,ZAM,2,88.67,27.0,1
2025-01-23,DVO,DOM,MNL HUB,MNLDVO,PR  2823,Y,Economy Saver,DOM,Traditional Travel Agency,2025-01-09,Thu,DVO,1,50.72,29.0,0
2025-02-14,DVO,DOM,MNL HUB,DVOMNL,PR  1810,J,Economy Value,DOM,Ticket Office,2025-02-10,Fri,DVO,1,93.16,19.0,0
2025-01-23,DVO,DOM,MNL HUB,MNLDVO,PR  2817,J,Economy Value,DOM,Ticket Office,2024-12-04,Thu,MNL,1,117.59,65.0,0
2025-03-21,CEB,DOM,MNL HUB,MNLCEB,PR  2869,Y,Economy Supersaver,DOM,WEB/APP,2025-03-11,Fri,CEB,1,35.61,25.0,0
2025-04-12,GES,DOM,MNL HUB,MNLGES,PR  453,J,Economy Value,DOM,WEB/APP,2025-03-20,Sat,MNL,1,109.14,38.0,0
2025-04-11,MPH,DOM,MNL HUB,MPHMNL,PR  2046,Y,Economy Supersaver,DOM,WEB/APP,2024-05-19,Fri,MNL,6,18.9,342.0,1
2025-04-28,DVO,DOM,MNL HUB,MNLDVO,PR  1813,Y,Economy Flex,DOM,Corporate Web Portal,2025-04-24,Mon,MNL,1,191.96,19.0,0
2025-03-23,DVO,DOM,MNL HUB,MNLDVO,PR  1809,J,Economy Saver,DOM,WEB/APP,2025-03-14,Sun,MNL,1,63.84,24.0,0
2025-04-02,BXU,DOM,MNL HUB,BXUMNL,PR  2968,Y,Economy Saver,DOM,WEB/APP,2025-03-24,Wed,BXU,1,74.04,24.0,0
2025-01-12,MPH,DOM,MNL HUB,MPHMNL,PR  2040,Y,Economy Value,,Traditional Travel Agency,2024-12-02,Sun,MPH,1,80.19,56.0,0
2025-02-12,CGY,DOM,MNL HUB,MNLCGY,PR  2529,Y,Economy Saver,AUS,Traditional Travel Agency,2025-01-30,Wed,MEL,1,63.21,28.0,0
2025-03-06,DVO,DOM,MNL HUB,MNLDVO,PR  2815,W,Premium Economy,DOM,Traditional Travel Agency,2025-02-03,Thu,ONT,1,123.5,46.0,0
2025-03-23,DRP,DOM,MNL HUB,DRPMNL,PR  2924,W,Premium Economy,DOM,Corporate Web Portal,2025-03-21,Sun,DRP,1,200.57,17.0,0
2025-03-31,BCD,DOM,MNL HUB,BCDMNL,PR  2130,J,Economy Saver,ME,Traditional Travel Agency,2025-01-20,Mon,BCD,1,50.26,85.0,0
2025-01-14,CEB,DOM,MNL HUB,MNLCEB,PR  2853,J,Economy Supersaver,DOM,Traditional Travel Agency,2024-06-15,Tue,MNL,1,21.83,228.0,0
2025-02-24,DRP,DOM,MNL HUB,MNLDRP,PR  2919,Y,Economy Supersaver,DOM,WEB/APP,2024-09-02,Mon,DRP,1,29.3,190.0,0
2025-01-27,CBO,DOM,MNL HUB,MNLCBO,PR  2959,Y,Economy Saver,ROW,,2025-01-19,Mon,MNL,1,70.07,23.0,0
2025-01-09,CBO,DOM,MNL HUB,MNLCBO,PR  2959,J,Economy Value,DOM,Ticket Office,2024-12-20,Thu,CBO,1,88.4,35.0,0
2025-03-21,CEB,DOM,MNL HUB,CEBMNL,PR  2868,W,Premium Economy,DOM,WEB/APP,2025-03-08,Fri,CEB,2,104.68,28.0,1
2025-03-05,ILO,DOM,MNL HUB,MNLILO,PR  2147,J,Economy Saver,DOM,WEB/APP,2024-08-24,Wed,MNL,1,58.18,208.0,0
2025-02-06,CGY,DOM,MNL HUB,MNLCGY,PR  2533,J,Economy Supersaver,DOM,Corporate Web Portal,2025-02-03,Thu,CGY,1,39.47,18.0,0
2025-01-07,DRP,DOM,MNL HUB,DRPMNL,PR  2920,Y,Economy Saver,SEA,WEB/APP,2024-07-30,Tue,SIN,1,26.75,176.0,0
2025-04-10,EUQ,DOM,MNL HUB,MNLEUQ,PR  2905,Y,Economy Saver,G.CN,Traditional Travel Agency,2025-02-23,Thu,HKG,1,106.3,61.0,0
2025-04-13,CEB,DOM,MNL HUB,MNLCEB,PR  2853,Y,Economy Supersaver,DOM,WEB/APP,2024-09-18,Sun,MNL,1,14.07,222.0,0
2025-04-25,DVO,DOM,MNL HUB,MNLDVO,PR  1809,W,Premium Economy,DOM,Traditional Travel Agency,2025-04-15,Fri,MNL,1,252.57,25.0,0
2025-04-10,CGY,DOM,MNL HUB,MNLCGY,PR  2521,J,Economy Value,DOM,WEB/APP,2025-02-07,Thu,MNL,1,90.92,77.0,0
2025-01-10,TAC,DOM,MNL HUB,MNLTAC,PR  2987,Y,Economy Supersaver,DOM,Ticket Office,2024-10-08,Fri,MNL,1,49.7,109.0,0
2025-04-12,RXS,DOM,MNL HUB,MNLRXS,PR  2203,Y,Economy Value,DOM,WEB/APP,2025-03-31,Sat,MNL,3,106.13,27.0,1
2025-02-15,DGT,DOM,MNL HUB,DGTMNL,PR  2544,Y,Economy Supersaver,DOM,Traditional Travel Agency,2024-06-21,Sat,MNL,1,23.32,254.0,0
2025-02-17,CEB,DOM,MNL HUB,CEBMNL,PR  2850,Y,Economy Saver,JAP,Traditional Travel Agency,2025-02-03,Mon,KIX,1,52.35,29.0,0
2025-03-24,DGT,DOM,MNL HUB,DGTMNL,PR  2544,W,Premium Economy,DOM,Traditional Travel Agency,2025-03-20,Mon,DGT,1,229.15,19.0,0
2025-04-13,BCD,DOM,MNL HUB,MNLBCD,PR  2131,Y,Economy Supersaver,,OTA,2025-03-13,Sun,ATL,1,25.01,46.0,0
2025-02-22,DVO,DOM,MNL HUB,DVOMNL,PR  2814,W,Premium Economy,DOM,WEB/APP,2025-01-24,Sat,DVO,1,291.02,44.0,0
2025-04-21,DVO,DOM,MNL HUB,DVOMNL,PR  1806,Y,Economy Value,DOM,WEB/APP,2025-04-07,Mon,DVO,5,92.46,29.0,1
2025-04-09,DVO,DOM,MNL HUB,DVOMNL,PR  1802,J,Economy Value,DOM,Traditional Travel Agency,2025-04-09,Wed,DVO,2,97.6,15.0,1
2025-02-08,DVO,DOM,MNL HUB,MNLDVO,PR  1809,W,Premium Economy,,Traditional Travel Agency,2024-10-16,Sat,YYZ,1,154.56,130.0,0
2025-03-28,LAO,DOM,MNL HUB,MNLLAO,PR  2196,Y,Economy Value,DOM,WEB/APP,2025-03-26,Fri,MNL,2,97.75,17.0,1
2025-03-17,CBO,DOM,MNL HUB,CBOMNL,PR  2960,Y,Economy Saver,DOM,Traditional Travel Agency,2025-03-05,Mon,CBO,1,86.32,27.0,0
2025-02-12,DVO,DOM,MNL HUB,DVOMNL,PR  2820,Y,Economy Saver,DOM,WEB/APP,2025-01-28,Wed,DVO,1,46.25,30.0,0
2025-04-22,CEB,DOM,MNL HUB,CEBMNL,PR  2836,Y,Economy Supersaver,DOM,WEB/APP,2025-02-19,Tue,CEB,1,44.52,77.0,0
2025-04-10,CGY,DOM,MNL HUB,CGYMNL,PR  2528,J,Economy Supersaver,DOM,OTA,2025-03-22,Thu,CGY,2,34.24,34.0,1
2025-01-05,TAC,DOM,MNL HUB,TACMNL,PR  2986,J,Economy Saver,ROW,,2024-12-28,Sun,TAC,2,123.39,23.0,1
2025-01-25,BCD,DOM,MNL HUB,MNLBCD,PR  2129,J,Economy Value,DOM,WEB/APP,2025-01-11,Sat,MNL,1,79.28,29.0,0
2025-03-30,IAO,DOM,MNL HUB,IAOMNL,PR  2972,W,Premium Economy,DOM,WEB/APP,2025-03-25,Sun,IAO,1,392.04,20.0,0
2025-02-25,KLO,DOM,MNL HUB,KLOMNL,PR  2970,Y,Economy Value,DOM,WEB/APP,2025-02-13,Tue,KLO,1,73.59,27.0,0
2025-04-01,BXU,DOM,MNL HUB,BXUMNL,PR  2939,Y,Economy Supersaver,DOM,WEB/APP,2025-03-21,Tue,BXU,6,44.82,26.0,1
2025-03-03,BCD,DOM,MNL HUB,BCDMNL,PR  2130,Y,Economy Value,DOM,Traditional Travel Agency,2025-02-14,Mon,CGY,1,79.4,32.0,0
2025-03-08,ILO,DOM,MNL HUB,ILOMNL,PR  2148,Y,Economy Supersaver,DOM,Traditional Travel Agency,2025-02-25,Sat,ILO,1,18.04,26.0,0
2025-01-17,GES,DOM,MNL HUB,GESMNL,PR  454,Y,Economy Saver,SEA,OTA,2024-11-11,Fri,GES,2,55.11,82.0,1
2025-01-20,BCD,DOM,MNL HUB,MNLBCD,PR  2131,Y,Economy Supersaver,DOM,Contact Center,,Mon,MNL,2,24.16,,1
2025-04-09,DPL,DOM,MNL HUB,DPLMNL,PR  2558,Y,Economy Supersaver,DOM,Traditional Travel Agency,2025-03-10,Wed,DPL,1,33.05,45.0,0
2025-01-21,GES,DOM,MNL HUB,MNLGES,PR  453,Y,Economy Supersaver,DOM,WEB/APP,2024-11-27,Tue,GES,6,32.27,70.0,1
2025-04-12,GES,DOM,MNL HUB,MNLGES,PR  457,J,Economy Value,DOM,Contact Center,2025-04-12,Sat,MNL,1,125.48,15.0,0
2025-03-18,CEB,DOM,MNL HUB,MNLCEB,PR  1841,Y,Economy Saver,DOM,WEB/APP,2025-02-24,Tue,MNL,4,59.7,37.0,1
2025-02-14,CGY,DOM,MNL HUB,CGYMNL,PR  2522,Y,Economy Saver,DOM,Traditional Travel Agency,2025-01-28,Fri,MNL,2,67.36,32.0,1
2025-04-02,TAC,DOM,MNL HUB,MNLTAC,PR  2985,Y,Economy Saver,DOM,WEB/APP,2025-03-13,Wed,TAC,1,83.53,35.0,0
2025-04-08,USU,DOM,MNL HUB,USUMNL,PR  2962,Y,Economy Value,G.CN,Traditional Travel Agency,2025-02-26,Tue,TPE,5,56.35,56.0,1
2025-02-14,DVO,DOM,MNL HUB,MNLDVO,PR  2817,W,Premium Economy,DOM,WEB/APP,2025-02-11,Fri,DVO,1,199.77,18.0,0
2025-02-28,OZC,DOM,MNL HUB,MNLOZC,PR  2889,Y,Economy Supersaver,DOM,Ticket Office,2024-09-23,Fri,MNL,1,25.49,173.0,0
2025-01-20,CEB,DOM,MNL HUB,CEBMNL,PR  1846,J,Economy Saver,DOM,Traditional Travel Agency,2025-01-06,Mon,MNL,1,91.22,29.0,0
2025-04-21,ILO,DOM,MNL HUB,ILOMNL,PR  2144,Y,Economy Flex,DOM,Traditional Travel Agency,2025-04-20,Mon,ILO,1,141.48,16.0,0
2025-01-05,CGY,DOM,MNL HUB,MNLCGY,PR  2529,Y,Economy Supersaver,DOM,WEB/APP,2024-08-15,Sun,MNL,2,44.72,158.0,1
2025-04-08,CYP,DOM,MNL HUB,CYPMNL,PR  2672,Y,Economy Value,DOM,Ticket Office,2025-04-03,Tue,CYP,1,119.27,20.0,0
2025-01-11,CBO,DOM,MNL HUB,MNLCBO,PR  2959,J,Economy Value,ME,Traditional Travel Agency,2024-12-29,Sat,RUH,1,143.0,28.0,0
2025-03-27,TAG,DOM,MNL HUB,MNLTAG,PR  2771,Y,Economy Value,DOM,WEB/APP,2025-03-24,Thu,MNL,1,117.66,18.0,0
2025-01-23,BCD,DOM,MNL HUB,MNLBCD,PR  2131,Y,Economy Supersaver,DOM,Traditional Travel Agency,2024-11-19,Thu,MNL,1,19.8,80.0,0
2025-04-03,TAG,DOM,MNL HUB,TAGMNL,PR  2772,Y,Economy Supersaver,DOM,WEB/APP,2025-03-30,Thu,TAG,1,37.09,19.0,0
2025-03-06,BSO,DOM,MNL HUB,MNLBSO,PR  2932,Y,Economy Value,DOM,Traditional Travel Agency,2025-02-02,Thu,MNL,1,198.39,47.0,0
2025-01-31,CGY,DOM,MNL HUB,CGYMNL,PR  2526,Y,Economy Value,DOM,Traditional Travel Agency,2025-01-27,Fri,MNL,4,117.94,19.0,1
2025-03-17,DGT,DOM,MNL HUB,DGTMNL,PR  2546,W,Premium Economy,DOM,WEB/APP,2025-03-10,Mon,DGT,1,99.98,22.0,0
2025-01-07,PPS,DOM,MNL HUB,MNLPPS,PR  2787,Y,Economy Saver,G.CN,Traditional Travel Agency,2024-12-06,Tue,TPE,2,55.8,47.0,1
2025-04-12,GES,DOM,MNL HUB,GESMNL,PR  454,Y,Economy Saver,ME,Traditional Travel Agency,2025-02-09,Sat,RUH,1,88.92,77.0,0
2025-04-09,ILO,DOM,MNL HUB,ILOMNL,PR  2140,J,Economy Flex,ROW,,2025-04-08,Wed,,5,103.52,16.0,1
2025-02-25,DVO,DOM,MNL HUB,DVOMNL,PR  2808,J,Economy Supersaver,DOM,Traditional Travel Agency,2025-01-25,Tue,DVO,3,26.39,46.0,1
2025-01-30,KLO,DOM,MNL HUB,KLOMNL,PR  2970,Y,Economy Supersaver,DOM,Traditional Travel Agency,2025-01-07,Thu,KLO,3,33.71,38.0,1
2025-04-30,CRM,DOM,MNL HUB,MNLCRM,PR  2079,Y,Economy Value,DOM,Contact Center,2025-03-20,Wed,MNL,2,143.59,56.0,1
2025-04-12,BCD,DOM,MNL HUB,MNLBCD,PR  2137,J,Economy Flex,DOM,WEB/APP,2025-03-26,Sat,BCD,1,164.27,32.0,0
2025-04-05,BXU,DOM,MNL HUB,MNLBXU,PR  2938,Y,Economy Saver,DOM,Sea Crew,2025-03-20,Sat,BXU,1,75.74,31.0,0
2025-02-01,GES,DOM,MNL HUB,MNLGES,PR  455,J,Economy Supersaver,DOM,Corporate Web Portal,2025-01-15,Sat,GES,4,57.25,32.0,1
2025-02-19,DVO,DOM,MNL HUB,DVOMNL,PR  2822,Y,Economy Supersaver,DOM,Traditional Travel Agency,2025-01-14,Wed,DVO,2,35.43,51.0,1
2025-04-02,CGY,DOM,MNL HUB,CGYMNL,PR  1520,Y,Economy Saver,G.CN,Traditional Travel Agency,2024-10-25,Wed,CGY,1,79.76,174.0,0
2025-01-11,BCD,DOM,MNL HUB,MNLBCD,PR  2131,W,Premium Economy,DOM,Ticket Office,2024-11-07,Sat,MNL,2,121.41,80.0,1
2025-04-27,BSO,DOM,MNL HUB,BSOMNL,PR  2933,W,Premium Economy,DOM,WEB/APP,2025-04-22,Sun,BSO,1,318.34,20.0,0
2025-03-10,CGY,DOM,MNL HUB,MNLCGY,PR  2519,Y,Economy Value,DOM,WEB/APP,2025-03-07,Mon,MNL,8,136.37,18.0,1
2025-04-07,ZAM,DOM,MNL HUB,MNLZAM,PR  2997,Y,Economy Saver,DOM,WEB/APP,2025-03-09,Mon,MNL,3,45.59,44.0,1
2025-02-16,CEB,DOM,MNL HUB,MNLCEB,PR  1861,J,Economy Supersaver,DOM,WEB/APP,2024-11-19,Sun,CEB,1,19.58,104.0,0
2025-03-13,OZC,DOM,MNL HUB,MNLOZC,PR  2889,Y,Economy Saver,DOM,WEB/APP,2025-02-23,Thu,MNL,6,61.94,33.0,1
2025-02-20,TAC,DOM,MNL HUB,TACMNL,PR  2982,J,Economy Value,ME,Traditional Travel Agency,2024-12-18,Thu,MNL,1,166.33,79.0,0
2025-01-22,GES,DOM,MNL HUB,GESMNL,PR  454,J,Economy Supersaver,DOM,Traditional Travel Agency,2025-01-21,Wed,GES,10,49.08,16.0,1
2025-01-02,EUQ,DOM,MNL HUB,EUQMNL,PR  2906,J,Economy Flex,,Traditional Travel Agency,2024-09-30,Thu,SFO,2,127.36,109.0,1
2025-01-14,TAC,DOM,MNL HUB,TACMNL,PR  2982,Y,Economy Supersaver,Offline,OTA,2024-11-15,Tue,TAC,2,26.78,75.0,1
2025-04-30,ZAM,DOM,MNL HUB,MNLZAM,PR  2993,J,Economy Flex,ROW,,2025-04-14,Wed,,1,114.09,31.0,0
2025-03-02,CGY,DOM,MNL HUB,CGYMNL,PR  2526,Y,Economy Supersaver,DOM,WEB/APP,2024-12-05,Sun,MNL,4,21.43,102.0,1
2025-03-29,CEB,DOM,MNL HUB,MNLCEB,PR  2863,Y,Economy Supersaver,DOM,OTA,2025-02-11,Sat,MNL,2,24.14,61.0,1
2025-01-10,MPH,DOM,MNL HUB,MNLMPH,PR  2039,Y,Economy Supersaver,DOM,Traditional Travel Agency,2024-06-10,Fri,MNL,8,27.76,229.0,1
2025-04-26,GES,DOM,MNL HUB,MNLGES,PR  453,J,Economy Value,G.CN,Traditional Travel Agency,2025-04-12,Sat,HKG,1,111.66,29.0,0
2025-02-05,CRM,DOM,MNL HUB,CRMMNL,PR  2080,Y,Economy Flex,ROW,,2025-01-15,Wed,,6,218.26,36.0,1
2025-01-22,TAC,DOM,MNL HUB,TACMNL,PR  2986,Y,Economy Value,DOM,WEB/APP,2025-01-17,Wed,TAC,1,129.6,20.0,0
2025-04-10,CGY,DOM,MNL HUB,MNLCGY,PR  2519,J,Economy Saver,G.CN,Traditional Travel Agency,2025-01-07,Thu,HKG,1,63.32,108.0,0
2025-01-14,DVO,DOM,MNL HUB,MNLDVO,PR  2819,Y,Economy Flex,DOM,Ticket Office,2025-01-11,Tue,DVO,1,192.84,18.0,0
2025-04-03,CEB,DOM,MNL HUB,MNLCEB,PR  2867,J,Economy Flex,ROW,,2025-04-01,Thu,,2,120.04,17.0,1
2025-04-12,DVO,DOM,MNL HUB,DVOMNL,PR  2824,J,Economy Supersaver,DOM,Ticket Office,2025-03-14,Sat,MNL,1,42.64,44.0,0
2025-04-13,CGY,DOM,MNL HUB,MNLCGY,PR  2529,Y,Economy Saver,DOM,Traditional Travel Agency,2025-03-31,Sun,MNL,2,81.99,28.0,1
2025-02-12,DGT,DOM,MNL HUB,MNLDGT,PR  2543,Y,Economy Saver,DOM,Traditional Travel Agency,2024-12-05,Wed,MNL,6,40.46,84.0,1
2025-02-14,BCD,DOM,MNL HUB,BCDMNL,PR  1124,W,Premium Economy,,TMC,2025-01-31,Fri,MNL,1,236.3,29.0,0
2025-04-02,ILO,DOM,MNL HUB,MNLILO,PR  2139,Y,Economy Supersaver,DOM,WEB/APP,2025-03-22,Wed,ILO,1,35.88,26.0,0
2025-01-02,TAC,DOM,MNL HUB,TACMNL,PR  2988,Y,Economy Value,DOM,WEB/APP,2024-12-07,Thu,MNL,1,146.64,41.0,0
2025-04-09,CBO,DOM,MNL HUB,CBOMNL,PR  2958,Y,Economy Saver,,Traditional Travel Agency,2025-04-06,Wed,CBO,1,71.41,18.0,0
2025-01-31,GES,DOM,MNL HUB,GESMNL,PR  2456,Y,Economy Value,DOM,WEB/APP,2025-01-28,Fri,MNL,2,101.44,18.0,1
2025-01-14,CBO,DOM,MNL HUB,CBOMNL,PR  2958,Y,Economy Supersaver,DOM,Traditional Travel Agency,2024-10-11,Tue,CBO,3,31.4,110.0,1
2025-01-21,CEB,DOM,MNL HUB,CEBMNL,PR  1862,Y,Economy Saver,DOM,Ticket Office,2025-01-13,Tue,BXU,2,85.22,23.0,1
2025-01-10,CGY,DOM,MNL HUB,CGYMNL,PR  2520,Y,Economy Value,DOM,WEB/APP,2025-01-05,Fri,CGY,1,115.41,20.0,0
2025-03-28,DRP,DOM,MNL HUB,DRPMNL,PR  2920,Y,Economy Flex,DOM,WEB/APP,2025-03-16,Fri,DRP,1,144.17,27.0,0
2025-01-06,ZAM,DOM,MNL HUB,ZAMMNL,PR  2998,Y,Economy Saver,DOM,Traditional Travel Agency,2024-11-26,Mon,ZAM,1,74.84,56.0,0
2025-02-22,CEB,DOM,MNL HUB,CEBMNL,PR  1842,Y,Economy Saver,DOM,Ticket Office,2025-01-03,Sat,CEB,1,45.46,65.0,0
2025-03-30,DRP,DOM,MNL HUB,MNLDRP,PR  2919,Y,Economy Value,DOM,Contact Center,2025-03-26,Sun,MNL,1,83.57,19.0,0
2025-01-09,DVO,DOM,MNL HUB,DVOMNL,PR  1806,J,Business Flex,DOM,Ticket Office,2024-11-05,Thu,DVO,1,183.17,80.0,0
2025-04-10,CEB,DOM,MNL HUB,MNLCEB,PR  2849,Y,Economy Flex,,Traditional Travel Agency,2025-04-02,Thu,CEB,1,162.68,23.0,0
2025-04-12,CEB,DOM,MNL HUB,CEBMNL,PR  2860,Y,Economy Saver,DOM,OTA,2025-02-28,Sat,PPS,2,38.0,58.0,1
2025-02-27,DVO,DOM,MNL HUB,DVOMNL,PR  2824,Y,Economy Saver,DOM,Sea Crew,2025-02-19,Thu,DVO,2,61.75,23.0,1
2025-01-23,PPS,DOM,MNL HUB,PPSMNL,PR  2788,Y,Economy Supersaver,DOM,WEB/APP,2025-01-13,Thu,PPS,2,53.27,25.0,1
2025-03-02,MPH,DOM,MNL HUB,MNLMPH,PR  2041,Y,Economy Saver,DOM,Traditional Travel Agency,2025-02-20,Sun,MNL,3,75.45,25.0,1
2025-03-18,CGY,DOM,MNL HUB,MNLCGY,PR  2529,Y,Economy Saver,SEA,WEB/APP,2025-03-13,Tue,SIN,1,52.24,20.0,0
2025-02-27,DVO,DOM,MNL HUB,MNLDVO,PR  1809,J,Economy Value,DOM,Corporate Web Portal,2025-02-21,Thu,MNL,2,91.89,21.0,1
2025-01-23,DVO,DOM,MNL HUB,MNLDVO,PR  1809,Y,Economy Saver,DOM,WEB/APP,2025-01-10,Thu,MNL,1,85.9,28.0,0
2025-02-11,DVO,DOM,MNL HUB,MNLDVO,PR  2813,J,Business Flex,DOM,Traditional Travel Agency,2024-12-17,Tue,DVO,1,405.74,71.0,0
2025-02-20,CGY,DOM,MNL HUB,MNLCGY,PR  2529,Y,Economy Supersaver,DOM,WEB/APP,2025-01-29,Thu,MNL,2,37.12,37.0,1
2025-01-28,TAC,DOM,MNL HUB,TACMNL,PR  2988,Y,Economy Supersaver,DOM,Traditional Travel Agency,2024-10-08,Tue,TAC,3,17.04,127.0,1
2025-04-02,USU,DOM,MNL HUB,MNLUSU,PR  2961,Y,Economy Flex,DOM,Traditional Travel Agency,2025-03-21,Wed,MNL,3,279.58,27.0,1
2025-01-24,LAO,DOM,MNL HUB,LAOMNL,PR  2197,Y,Economy Saver,,Traditional Travel Agency,2024-09-10,Fri,OGG,4,56.66,151.0,1
2025-03-31,DRP,DOM,MNL HUB,DRPMNL,PR  2920,Y,Economy Supersaver,DOM,OTA,2025-02-04,Mon,DRP,4,25.47,70.0,1
2025-01-19,GES,DOM,MNL HUB,MNLGES,PR  2455,Y,Economy Value,DOM,Traditional Travel Agency,2025-01-15,Sun,GES,1,100.04,19.0,0
2025-02-15,CEB,DOM,MNL HUB,CEBMNL,PR  2868,J,Economy Value,DOM,Corporate Web Portal,2025-02-07,Sat,MNL,2,91.9,23.0,1
2025-04-22,DVO,DOM,MNL HUB,MNLDVO,PR  1809,J,Economy Supersaver,DOM,Traditional Travel Agency,2025-03-06,Tue,MNL,7,38.26,62.0,1
2025-01-25,KLO,DOM,MNL HUB,KLOMNL,PR  2970,Y,Economy Supersaver,DOM,Traditional Travel Agency,2025-01-03,Sat,KLO,3,33.56,37.0,1
2025-01-06,CGY,DOM,MNL HUB,CGYMNL,PR  2530,Y,Economy Supersaver,DOM,Traditional Travel Agency,2025-01-05,Mon,CGY,1,51.42,16.0,0
2025-01-01,DVO,DOM,MNL HUB,DVOMNL,PR  2824,J,Economy Value,DOM,Traditional Travel Agency,2024-12-09,Wed,DVO,1,108.44,38.0,0
2025-04-22,BCD,DOM,MNL HUB,MNLBCD,PR  2137,J,Economy Value,AUS,OTA,2025-04-22,Tue,MNL,1,144.89,15.0,0
2025-03-13,USU,DOM,MNL HUB,MNLUSU,PR  2961,Y,Economy Saver,Offline,OTA,2025-02-24,Thu,DPS,2,50.94,32.0,1
2025-02-22,DRP,DOM,MNL HUB,MNLDRP,PR  2919,J,Economy Saver,DOM,WEB/APP,2025-01-08,Sat,MNL,1,53.78,60.0,0
2025-03-20,BCD,DOM,MNL HUB,BCDMNL,PR  2130,Y,Economy Saver,DOM,WEB/APP,2025-02-24,Thu,BCD,1,62.85,39.0,0
2025-01-30,TAG,DOM,MNL HUB,MNLTAG,PR  2775,Y,Economy Supersaver,DOM,WEB/APP,2025-01-28,Thu,MNL,1,40.39,17.0,0
2025-02-16,ILO,DOM,MNL HUB,MNLILO,PR  2139,Y,Economy Saver,ME,Traditional Travel Agency,2025-02-04,Sun,AUH,1,154.56,27.0,0
2025-04-29,BCD,DOM,MNL HUB,BCDMNL,PR  2134,J,Non-Rev,DOM,Ticket Office,2025-01-14,Tue,MNL,1,28.28,120.0,0
2025-03-10,CEB,DOM,MNL HUB,CEBMNL,PR  2858,Y,Economy Supersaver,DOM,Traditional Travel Agency,2025-03-01,Mon,CEB,1,35.82,24.0,0
2025-01-29,CEB,DOM,MNL HUB,CEBMNL,PR  2862,J,Economy Supersaver,DOM,Traditional Travel Agency,2024-12-20,Wed,CEB,2,33.62,55.0,1
2025-04-02,PPS,DOM,MNL HUB,MNLPPS,PR  2781,Y,Economy Value,DOM,Traditional Travel Agency,2025-03-31,Wed,MNL,1,125.13,17.0,0
2025-02-27,ILO,DOM,MNL HUB,MNLILO,PR  2145,J,Economy Supersaver,DOM,Traditional Travel Agency,2025-02-20,Thu,MNL,1,33.74,22.0,0
2025-04-23,BCD,DOM,MNL HUB,MNLBCD,PR  2137,J,Economy Value,DOM,WEB/APP,2025-04-17,Wed,MNL,1,79.27,21.0,0
2025-04-11,OZC,DOM,MNL HUB,OZCMNL,PR  2890,J,Economy Saver,DOM,OTA,2025-04-02,Fri,OZC,1,85.85,24.0,0
2025-02-21,TUG,DOM,MNL HUB,TUGMNL,PR  2015,J,Economy Value,DOM,Traditional Travel Agency,2025-02-17,Fri,TUG,1,98.28,19.0,0
2025-04-24,PPS,DOM,MNL HUB,PPSMNL,PR  2786,W,Premium Economy,DOM,WEB/APP,2025-04-14,Thu,MNL,1,206.67,25.0,0
2025-04-02,DVO,DOM,MNL HUB,DVOMNL,PR  2808,Y,Economy Supersaver,DOM,WEB/APP,2025-02-25,Wed,DVO,2,32.68,51.0,1
2025-01-11,DVO,DOM,MNL HUB,MNLDVO,PR  1803,Y,Economy Value,DOM,WEB/APP,2025-01-08,Sat,MNL,1,91.98,18.0,0
2025-03-12,DVO,DOM,MNL HUB,MNLDVO,PR  2819,Y,Economy Supersaver,DOM,WEB/APP,2025-02-05,Wed,DVO,3,24.54,50.0,1
2025-04-13,DVO,DOM,MNL HUB,MNLDVO,PR  2813,Y,Economy Saver,,Traditional Travel Agency,2025-03-28,Sun,SFO,1,117.18,31.0,0
2025-02-18,TAG,DOM,MNL HUB,TAGMNL,PR  2774,J,Economy Flex,DOM,Traditional Travel Agency,2025-02-16,Tue,TAG,2,143.9,17.0,1
2025-04-04,RXS,DOM,MNL HUB,MNLRXS,PR  2205,J,Economy Supersaver,DOM,OTA,2025-02-26,Fri,MNL,1,33.42,52.0,0
2025-04-23,MPH,DOM,MNL HUB,MPHMNL,PR  2044,Y,Economy Saver,DOM,WEB/APP,2025-03-31,Wed,MNL,2,90.17,38.0,1
2025-04-10,CEB,DOM,MNL HUB,MNLCEB,PR  2861,J,Economy Supersaver,DOM,WEB/APP,2025-02-09,Thu,CEB,2,35.65,75.0,1
2025-02-08,BCD,DOM,MNL HUB,MNLBCD,PR  2133,Y,Economy Supersaver,DOM,WEB/APP,2025-01-06,Sat,MNL,2,34.42,48.0,1
2025-01-21,GES,DOM,MNL HUB,GESMNL,PR  2456,Y,Economy Supersaver,DOM,Traditional Travel Agency,2025-01-16,Tue,GES,1,62.34,20.0,0
2025-02-20,DVO,DOM,MNL HUB,DVOMNL,PR  2820,Y,Economy Supersaver,DOM,Traditional Travel Agency,2025-01-02,Thu,DVO,1,35.65,64.0,0
2025-04-13,DPL,DOM,MNL HUB,MNLDPL,PR  2557,J,Economy Value,DOM,WEB/APP,2025-03-18,Sun,MNL,1,116.1,41.0,0
2025-01-03,DGT,DOM,MNL HUB,DGTMNL,PR  2546,Y,Economy Flex,DOM,Ticket Office,2024-11-07,Fri,DGT,1,20.22,72.0,0
2025-04-13,CEB,DOM,MNL HUB,MNLCEB,PR  2835,J,Economy Supersaver,DOM,OTA,2024-08-31,Sun,MNL,1,18.26,240.0,0
2025-01-03,DVO,DOM,MNL HUB,MNLDVO,PR  2825,Y,Economy Saver,DOM,Traditional Travel Agency,2024-12-31,Fri,MNL,1,87.91,18.0,0
2025-03-22,CGY,DOM,MNL HUB,MNLCGY,PR  2529,Y,Economy Supersaver,DOM,Traditional Travel Agency,2025-03-10,Sat,MNL,3,34.51,27.0,1
2025-03-06,DVO,DOM,MNL HUB,DVOMNL,PR  1810,J,Economy Supersaver,DOM,Traditional Travel Agency,2025-02-25,Thu,DVO,2,49.02,24.0,1
2025-01-18,TAG,DOM,MNL HUB,MNLTAG,PR  2775,Y,Economy Supersaver,DOM,Traditional Travel Agency,2024-12-09,Sat,MNL,1,26.03,55.0,0
2025-02-12,CBO,DOM,MNL HUB,CBOMNL,PR  2960,Y,Economy Supersaver,DOM,WEB/APP,2024-12-20,Wed,MNL,1,44.35,69.0,0
2025-04-07,ILO,DOM,MNL HUB,ILOMNL,PR  2142,Y,Economy Value,DOM,Ticket Office,2025-03-31,Mon,ILO,1,89.1,22.0,0
2025-04-22,CBO,DOM,MNL HUB,MNLCBO,PR  2959,J,Economy Supersaver,DOM,WEB/APP,2025-01-25,Tue,MNL,1,45.04,102.0,0
2025-01-16,ILO,DOM,MNL HUB,MNLILO,PR  2141,J,Economy Saver,,Traditional Travel Agency,2024-06-26,Thu,YVR,2,50.26,219.0,1
2025-01-31,DGT,DOM,MNL HUB,MNLDGT,PR  2543,Y,Economy Supersaver,ME,Traditional Travel Agency,2024-08-23,Fri,RUH,1,52.69,176.0,0
2025-01-24,BCD,DOM,MNL HUB,BCDMNL,PR  2136,Y,Economy Saver,,Ticket Office,2024-12-12,Fri,BCD,1,101.34,58.0,0
2025-02-14,ILO,DOM,MNL HUB,ILOMNL,PR  2140,J,Economy Supersaver,DOM,WEB/APP,2024-10-20,Fri,ILO,2,17.01,132.0,1
2025-03-08,BXU,DOM,MNL HUB,MNLBXU,PR  2967,W,Premium Economy,,Sea Crew,2025-02-06,Sat,MIA,1,130.0,45.0,0
2025-04-27,CEB,DOM,MNL HUB,CEBMNL,PR  2860,Y,Economy Supersaver,DOM,OTA,2025-02-06,Sun,MNL,1,33.67,95.0,0
2025-02-09,DVO,DOM,MNL HUB,DVOMNL,PR  2816,W,Premium Economy,DOM,WEB/APP,2025-02-08,Sun,DVO,1,200.82,16.0,0
2025-03-10,MPH,DOM,MNL HUB,MPHMNL,PR  2042,Y,Economy Supersaver,Offline,Traditional Travel Agency,2024-11-20,Mon,FRA,2,117.0,125.0,1
2025-02-21,CEB,DOM,MNL HUB,CEBMNL,PR  2850,Y,Economy Value,DOM,WEB/APP,2025-02-13,Fri,MNL,2,138.35,23.0,1
2025-01-18,BCD,DOM,MNL HUB,MNLBCD,PR  2135,J,Economy Supersaver,ME,WEB/APP,2024-11-30,Sat,DOH,1,45.36,64.0,0
2025-02-12,PPS,DOM,MNL HUB,MNLPPS,PR  2781,Y,Economy Supersaver,DOM,Traditional Travel Agency,2024-07-29,Wed,MNL,6,26.72,213.0,1
2025-03-12,MPH,DOM,MNL HUB,MPHMNL,PR  2046,Y,Economy Saver,AUS,WEB/APP,2025-01-19,Wed,PER,2,50.3,67.0,1
2025-03-07,CEB,DOM,MNL HUB,CEBMNL,PR  1862,Y,Economy Value,DOM,WEB/APP,2025-02-12,Fri,MNL,4,97.65,38.0,1
2025-01-01,MPH,DOM,MNL HUB,MPHMNL,PR  2046,Y,Economy Flex,DOM,WEB/APP,2024-09-09,Wed,MNL,1,258.08,129.0,0
2025-04-29,ZAM,DOM,MNL HUB,ZAMMNL,PR  2950,J,Economy Saver,Offline,Traditional Travel Agency,2025-03-20,Tue,MNL,1,135.89,55.0,0
2025-04-29,MPH,DOM,MNL HUB,MPHMNL,PR  2042,J,Economy Value,SEA,OTA,2025-04-28,Tue,MPH,2,146.27,16.0,1
2025-04-22,ILO,DOM,MNL HUB,MNLILO,PR  1149,Y,Economy Value,DOM,OTA,2025-04-19,Tue,MNL,1,95.0,18.0,0
2025-03-04,CGY,DOM,MNL HUB,MNLCGY,PR  2519,J,Economy Saver,DOM,Ticket Office,2025-02-26,Tue,MNL,1,79.5,21.0,0
2025-02-16,BCD,DOM,MNL HUB,BCDMNL,PR  2130,Y,Economy Flex,ME,Traditional Travel Agency,2024-12-22,Sun,BCD,1,127.23,71.0,0
2025-01-19,USU,DOM,MNL HUB,MNLUSU,PR  2965,Y,Economy Supersaver,DOM,WEB/APP,2024-04-21,Sun,MNL,2,43.64,288.0,1
2025-04-07,CYZ,DOM,MNL HUB,MNLCYZ,PR  2018,Y,Economy Saver,Offline,Traditional Travel Agency,2025-03-24,Mon,BAH,1,9.72,29.0,0
2025-02-11,BXU,DOM,MNL HUB,MNLBXU,PR  2967,Y,Economy Supersaver,DOM,Traditional Travel Agency,2025-02-03,Tue,MNL,7,49.05,23.0,1
2025-02-25,DVO,DOM,MNL HUB,MNLDVO,PR  1809,Y,Economy Saver,DOM,WEB/APP,2025-02-11,Tue,MNL,1,47.43,29.0,0
2025-02-07,DRP,DOM,MNL HUB,DRPMNL,PR  2924,Y,Economy Saver,DOM,WEB/APP,2025-01-27,Fri,MNL,4,63.13,26.0,1
2025-03-24,RXS,DOM,MNL HUB,MNLRXS,PR  2203,Y,Economy Supersaver,DOM,OTA,2025-02-02,Mon,MNL,1,14.01,65.0,0
2025-04-09,CGY,DOM,MNL HUB,MNLCGY,PR  2525,J,Economy Value,DOM,WEB/APP,2025-04-01,Wed,MNL,2,89.9,23.0,1
2025-04-29,DVO,DOM,MNL HUB,MNLDVO,PR  1819,J,Economy Saver,G.CN,OTA,2025-02-06,Tue,KIX,1,81.61,97.0,0
2025-02-14,CGY,DOM,MNL HUB,MNLCGY,PR  2527,J,Economy Value,DOM,Corporate Web Portal,2025-02-04,Fri,CGY,1,85.35,25.0,0
2025-04-07,CEB,DOM,MNL HUB,CEBMNL,PR  2862,Y,Economy Value,,Traditional Travel Agency,2025-04-02,Mon,IAO,1,155.18,20.0,0
2025-03-13,CEB,DOM,MNL HUB,CEBMNL,PR  2858,Y,Economy Supersaver,DOM,Traditional Travel Agency,2025-03-04,Thu,CGY,1,20.03,24.0,0
2025-03-25,CGY,DOM,MNL HUB,MNLCGY,PR  2529,Y,Economy Value,DOM,Ticket Office,2025-03-23,Tue,MNL,4,105.64,17.0,1
2025-02-01,USU,DOM,MNL HUB,MNLUSU,PR  2961,Y,Economy Saver,DOM,Traditional Travel Agency,2025-01-13,Sat,MNL,1,115.36,34.0,0
2025-03-29,DVO,DOM,MNL HUB,MNLDVO,PR  2815,Y,Economy Value,DOM,Traditional Travel Agency,2025-03-22,Sat,MNL,1,97.2,22.0,0
2025-03-25,PPS,DOM,MNL HUB,MNLPPS,PR  2781,J,Economy Supersaver,DOM,OTA,2025-01-15,Tue,MNL,6,17.24,84.0,1
2025-02-12,CGY,DOM,MNL HUB,MNLCGY,PR  2519,W,Premium Economy,DOM,WEB/APP,2025-02-08,Wed,MNL,1,130.9,19.0,0
2025-02-25,BCD,DOM,MNL HUB,BCDMNL,PR  2130,Y,Economy Supersaver,DOM,Ticket Office,2025-02-02,Tue,BCD,1,35.93,38.0,0
2025-02-06,GES,DOM,MNL HUB,GESMNL,PR  456,Y,Economy Saver,ME,Traditional Travel Agency,2024-12-01,Thu,DOH,1,65.76,82.0,0
2025-01-24,DVO,DOM,MNL HUB,MNLDVO,PR  2811,J,Business Flex,DOM,WEB/APP,2025-01-22,Fri,MNL,3,256.43,17.0,1
2025-03-08,ILO,DOM,MNL HUB,MNLILO,PR  2139,J,Economy Supersaver,DOM,WEB/APP,2025-03-02,Sat,MNL,6,35.55,21.0,1
2025-04-02,DPL,DOM,MNL HUB,DPLMNL,PR  2558,Y,Economy Supersaver,DOM,OTA,2025-03-14,Wed,DPL,1,40.54,34.0,0
2025-02-19,CGY,DOM,MNL HUB,MNLCGY,PR  2527,Y,Economy Value,G.CN,WEB/APP,2024-12-08,Wed,HKG,1,80.17,88.0,0
2025-04-11,CGY,DOM,MNL HUB,CGYMNL,PR  2528,Y,Economy Supersaver,DOM,Ticket Office,2025-02-11,Fri,CGY,78,24.76,74.0,1
2025-03-25,ILO,DOM,MNL HUB,MNLILO,PR  2143,J,Economy Saver,KOR,Traditional Travel Agency,2025-02-05,Tue,ICN,2,28.48,63.0,1
2025-01-01,BCD,DOM,MNL HUB,BCDMNL,PR  2138,Y,Economy Value,DOM,WEB/APP,2024-11-07,Wed,MNL,3,98.72,70.0,1
2025-03-22,DVO,DOM,MNL HUB,MNLDVO,PR  1809,Y,Economy Saver,DOM,Traditional Travel Agency,2025-03-05,Sat,DVO,1,48.85,32.0,0
2025-01-05,DPL,DOM,MNL HUB,DPLMNL,PR  2558,J,Economy Saver,,Traditional Travel Agency,2024-12-13,Sun,MNL,1,92.77,38.0,0
2025-01-23,CEB,DOM,MNL HUB,CEBMNL,PR  2836,Y,Economy Value,DOM,Corporate Web Portal,2025-01-21,Thu,CEB,1,107.65,17.0,0
2025-03-13,BSO,DOM,MNL HUB,BSOMNL,PR  2933,Y,Economy Saver,SEA,OTA,2025-02-07,Thu,BSO,2,189.44,49.0,1
2025-02-11,CGY,DOM,MNL HUB,CGYMNL,PR  2530,Y,Economy Flex,DOM,WEB/APP,2025-02-08,Tue,CGY,2,163.27,18.0,1
2025-02-05,TAG,DOM,MNL HUB,TAGMNL,PR  2778,J,Economy Saver,DOM,Traditional Travel Agency,2025-01-22,Wed,TAG,1,66.1,29.0,0
2025-03-21,DRP,DOM,MNL HUB,MNLDRP,PR  2921,W,Premium Economy,DOM,WEB/APP,2025-03-11,Fri,MNL,1,85.03,25.0,0
2025-04-24,BXU,DOM,MNL HUB,MNLBXU,PR  2938,Y,Economy Flex,DOM,Traditional Travel Agency,2025-04-23,Thu,MNL,1,175.46,16.0,0
2025-04-22,CEB,DOM,MNL HUB,MNLCEB,PR  2859,J,Economy Saver,DOM,Contact Center,2025-02-28,Tue,MNL,3,31.7,68.0,1
2025-02-17,DVO,DOM,MNL HUB,MNLDVO,PR  2817,Y,Economy Saver,DOM,WEB/APP,2025-01-14,Mon,DVO,1,79.21,49.0,0
2025-04-04,DVO,DOM,MNL HUB,MNLDVO,PR  1809,Y,Economy Value,DOM,Traditional Travel Agency,2025-03-24,Fri,DVO,1,97.64,26.0,0
2025-04-27,DVO,DOM,MNL HUB,DVOMNL,PR  2808,Y,Economy Supersaver,JAP,Traditional Travel Agency,2025-04-08,Sun,DVO,2,75.66,34.0,1
2025-02-02,DVO,DOM,MNL HUB,MNLDVO,PR  1809,Y,Economy Supersaver,ROW,,2025-01-08,Sun,TYS,1,263.9,40.0,0
2025-02-03,MPH,DOM,MNL HUB,MNLMPH,PR  2047,Y,Economy Supersaver,DOM,Traditional Travel Agency,2024-11-24,Mon,MNL,2,29.25,86.0,1
2025-01-11,CGY,DOM,MNL HUB,MNLCGY,PR  2521,Y,Economy Value,DOM,Ticket Office,2025-01-06,Sat,MNL,1,100.5,20.0,0
2025-01-05,DVO,DOM,MNL HUB,DVOMNL,PR  2816,Y,Economy Flex,DOM,WEB/APP,2024-12-04,Sun,MNL,2,187.41,47.0,1
2025-04-10,CGY,DOM,MNL HUB,CGYMNL,PR  2522,Y,Economy Flex,DOM,Sea Crew,2025-04-09,Thu,CGY,1,174.73,16.0,0
2025-02-21,DVO,DOM,MNL HUB,MNLDVO,PR  2815,Y,Economy Value,DOM,Traditional Travel Agency,2025-02-12,Fri,DVO,1,94.25,24.0,0
2025-01-06,CEB,DOM,MNL HUB,MNLCEB,PR  2835,Y,Economy Supersaver,DOM,Traditional Travel Agency,2024-09-05,Mon,MNL,1,20.16,138.0,0
2025-02-14,PPS,DOM,MNL HUB,PPSMNL,PR  2788,J,Economy Supersaver,DOM,Traditional Travel Agency,2025-01-16,Fri,MNL,2,33.71,44.0,1
2025-04-10,CGY,DOM,MNL HUB,MNLCGY,PR  2527,Y,Economy Supersaver,DOM,OTA,2025-03-14,Thu,MNL,1,50.43,42.0,0
2025-01-05,PPS,DOM,MNL HUB,MNLPPS,PR  2781,Y,Economy Supersaver,DOM,WEB/APP,2024-07-27,Sun,ZAM,1,32.33,177.0,0
2025-02-27,CYZ,DOM,MNL HUB,CYZMNL,PR  2019,J,Economy Saver,,OTA,2024-11-08,Thu,BNA,1,36.71,126.0,0
2025-04-09,CGY,DOM,MNL HUB,CGYMNL,PR  1520,Y,Economy Value,DOM,OTA,2025-04-06,Wed,CGY,1,122.0,18.0,0
2025-04-30,BXU,DOM,MNL HUB,MNLBXU,PR  2938,J,Economy Value,DOM,WEB/APP,2025-04-14,Wed,BXU,1,94.49,31.0,0
2025-02-15,TAG,DOM,MNL HUB,TAGMNL,PR  2774,J,Economy Saver,DOM,Traditional Travel Agency,2024-12-14,Sat,TAG,3,64.81,78.0,1
2025-04-12,CEB,DOM,MNL HUB,CEBMNL,PR  2868,Y,Economy Value,DOM,WEB/APP,2025-04-02,Sat,CEB,2,108.25,25.0,1
2025-02-28,DVO,DOM,MNL HUB,DVOMNL,PR  2824,Y,Economy Value,DOM,Sea Crew,2025-01-24,Fri,DVO,1,129.47,50.0,0
2025-01-02,BCD,DOM,MNL HUB,BCDMNL,PR  2138,J,Economy Value,SEA,WEB/APP,2024-08-19,Thu,SIN,1,76.72,151.0,0
2025-01-09,DVO,DOM,MNL HUB,DVOMNL,PR  1806,Y,Economy Supersaver,DOM,Traditional Travel Agency,2024-10-22,Thu,DVO,1,34.2,94.0,0
2025-01-10,MPH,DOM,MNL HUB,MPHMNL,PR  2038,Y,Economy Supersaver,DOM,Contact Center,2024-06-04,Fri,MNL,2,26.42,235.0,1
2025-01-28,GES,DOM,MNL HUB,GESMNL,PR  456,Y,Economy Supersaver,DOM,Traditional Travel Agency,2025-01-22,Tue,GES,5,56.15,21.0,1
2025-02-17,CYZ,DOM,MNL HUB,CYZMNL,PR  2019,J,Economy Supersaver,DOM,WEB/APP,2025-02-13,Mon,CYZ,1,36.98,19.0,0
2025-01-02,CEB,DOM,MNL HUB,MNLCEB,PR  2845,Y,Economy Saver,DOM,WEB/APP,2024-09-26,Thu,MNL,5,68.65,113.0,1
2025-04-09,ILO,DOM,MNL HUB,MNLILO,PR  2143,J,Economy Value,DOM,WEB/APP,2025-03-30,Wed,MNL,1,88.23,25.0,0
2025-01-07,CGY,DOM,MNL HUB,MNLCGY,PR  2527,Y,Economy Saver,DOM,Traditional Travel Agency,2024-12-16,Tue,MNL,2,60.88,37.0,1
2025-02-22,CEB,DOM,MNL HUB,MNLCEB,PR  2859,J,Economy Supersaver,JAP,Traditional Travel Agency,2024-09-04,Sat,KIX,5,24.92,186.0,1
2025-03-10,DRP,DOM,MNL HUB,MNLDRP,PR  2923,W,Premium Economy,DOM,Traditional Travel Agency,2025-03-04,Mon,TUG,1,194.89,21.0,0
2025-02-13,OZC,DOM,MNL HUB,OZCMNL,PR  2890,Y,Economy Flex,ROW,,2025-02-12,Thu,,1,256.63,16.0,0
2025-01-27,DRP,DOM,MNL HUB,DRPMNL,PR  2920,Y,Economy Supersaver,DOM,Traditional Travel Agency,2024-12-03,Mon,DRP,2,29.14,70.0,1
2025-02-01,CEB,DOM,MNL HUB,MNLCEB,PR  2853,Y,Economy Saver,,WEB/APP,2025-01-28,Sat,SFO,1,55.74,19.0,0
2025-01-07,DPL,DOM,MNL HUB,DPLMNL,PR  2558,Y,Economy Value,DOM,WEB/APP,2024-10-30,Tue,DPL,1,76.17,84.0,0
2025-04-26,BCD,DOM,MNL HUB,MNLBCD,PR  2131,Y,Economy Supersaver,DOM,Ticket Office,2025-03-14,Sat,CEB,1,9.09,58.0,0
2025-01-13,OZC,DOM,MNL HUB,MNLOZC,PR  2889,Y,Economy Saver,DOM,WEB/APP,2024-12-22,Mon,OZC,1,65.82,37.0,0
2025-04-04,CEB,DOM,MNL HUB,MNLCEB,PR  1841,Y,Economy Saver,DOM,WEB/APP,2025-02-01,Fri,MNL,2,64.14,77.0,1
2025-03-12,CEB,DOM,MNL HUB,CEBMNL,PR  2860,Y,Economy Saver,,OTA,2024-10-23,Wed,SFO,1,47.11,155.0,0
2025-04-28,TUG,DOM,MNL HUB,MNLTUG,PR  2014,J,Economy Value,G.CN,Traditional Travel Agency,2025-04-25,Mon,MNL,1,193.53,18.0,0
2025-03-31,DVO,DOM,MNL HUB,DVOMNL,PR  2808,Y,Economy Value,DOM,Traditional Travel Agency,2025-03-28,Mon,DVO,1,97.28,18.0,0
2025-02-15,TAG,DOM,MNL HUB,TAGMNL,PR  2774,Y,Economy Saver,,Traditional Travel Agency,2024-10-13,Sat,MNL,1,112.35,140.0,0
2025-04-05,IAO,DOM,MNL HUB,MNLIAO,PR  2973,Y,Economy Value,DOM,WEB/APP,2025-03-15,Sat,MNL,1,244.23,36.0,0
2025-04-11,USU,DOM,MNL HUB,USUMNL,PR  2964,Y,Economy Flex,DOM,WEB/APP,2025-03-16,Fri,USU,2,253.35,41.0,1
2025-01-19,DPL,DOM,MNL HUB,MNLDPL,PR  2557,Y,Economy Value,DOM,Ticket Office,2025-01-15,Sun,MNL,1,95.5,19.0,0
2025-02-27,PPS,DOM,MNL HUB,PPSMNL,PR  2786,Y,Economy Supersaver,DOM,WEB/APP,2025-01-22,Thu,MNL,6,29.07,51.0,1
2025-03-18,USU,DOM,MNL HUB,MNLUSU,PR  2961,J,Economy Saver,,Traditional Travel Agency,2025-03-02,Tue,MNL,1,144.45,31.0,0
2025-01-01,CEB,DOM,MNL HUB,MNLCEB,PR  2849,Y,Economy Saver,DOM,Ticket Office,2024-12-16,Wed,YVR,2,72.62,31.0,1
2025-02-03,CEB,DOM,MNL HUB,MNLCEB,PR  2849,Y,Economy Value,DOM,WEB/APP,2025-01-26,Mon,MNL,1,119.25,23.0,0
2025-03-19,USU,DOM,MNL HUB,USUMNL,PR  2966,Y,Economy Saver,,Traditional Travel Agency,2025-03-12,Wed,USU,1,43.13,22.0,0
2025-01-01,DVO,DOM,MNL HUB,DVOMNL,PR  2816,J,Economy Value,DOM,Traditional Travel Agency,2024-12-11,Wed,DVO,4,121.31,36.0,1
2025-03-30,ZAM,DOM,MNL HUB,MNLZAM,PR  2997,J,Economy Flex,DOM,WEB/APP,2025-03-29,Sun,MNL,7,219.07,16.0,1
2025-03-25,CEB,DOM,MNL HUB,MNLCEB,PR  2835,Y,Economy Supersaver,DOM,WEB/APP,2025-03-06,Tue,MNL,2,52.6,34.0,1
2025-01-11,CBO,DOM,MNL HUB,MNLCBO,PR  2959,W,Premium Economy,DOM,Ticket Office,2024-12-16,Sat,MNL,1,217.17,41.0,0
2025-04-09,USU,DOM,MNL HUB,USUMNL,PR  2964,J,Economy Saver,,Traditional Travel Agency,2025-02-13,Wed,USU,1,144.33,70.0,0
2025-01-24,DPL,DOM,MNL HUB,DPLMNL,PR  2558,Y,Economy Value,DOM,WEB/APP,2025-01-09,Fri,DPL,1,81.55,30.0,0
2025-01-02,DVO,DOM,MNL HUB,MNLDVO,PR  2813,Y,Economy Saver,DOM,WEB/APP,2024-12-02,Thu,DVO,4,75.11,46.0,1
2025-03-22,LAO,DOM,MNL HUB,MNLLAO,PR  2196,Y,Economy Value,DOM,Ticket Office,2025-03-20,Sat,MNL,3,100.66,17.0,1
2025-03-22,DRP,DOM,MNL HUB,DRPMNL,PR  2920,Y,Economy Supersaver,DOM,WEB/APP,2025-01-08,Sat,DRP,1,23.67,88.0,0
2025-01-30,BCD,DOM,MNL HUB,BCDMNL,PR  2134,Y,Economy Value,DOM,Ticket Office,2025-01-08,Thu,MNL,3,75.86,37.0,1
2025-03-03,ILO,DOM,MNL HUB,MNLILO,PR  2143,Y,Economy Supersaver,DOM,WEB/APP,2024-12-13,Mon,ILO,1,42.83,95.0,0
2025-03-19,CGY,DOM,MNL HUB,CGYMNL,PR  2522,Y,Economy Supersaver,DOM,WEB/APP,2025-01-13,Wed,CGY,1,47.17,80.0,0
2025-04-22,BCD,DOM,MNL HUB,MNLBCD,PR  2131,Y,Economy Flex,DOM,WEB/APP,2025-03-13,Tue,MNL,3,143.16,55.0,1
2025-04-04,BCD,DOM,MNL HUB,BCDMNL,PR  2130,Y,Economy Value,DOM,Contact Center,2025-01-12,Fri,MNL,1,85.32,97.0,0
2025-02-15,ZAM,DOM,MNL HUB,ZAMMNL,PR  2950,Y,Economy Supersaver,DOM,WEB/APP,2024-07-20,Sat,ZAM,1,32.6,225.0,0
2025-01-16,ILO,DOM,MNL HUB,ILOMNL,PR  2142,Y,Economy Value,DOM,WEB/APP,2025-01-13,Thu,ILO,2,79.34,18.0,1
2025-03-27,DVO,DOM,MNL HUB,DVOMNL,PR  2814,Y,Economy Flex,DOM,WEB/APP,2025-03-26,Thu,DVO,3,175.55,16.0,1
2025-03-22,RXS,DOM,MNL HUB,MNLRXS,PR  2203,Y,Economy Supersaver,DOM,Traditional Travel Agency,2025-02-17,Sat,RXS,1,31.49,48.0,0
2025-01-03,CEB,DOM,MNL HUB,CEBMNL,PR  1880,J,Economy Saver,DOM,Traditional Travel Agency,2024-12-23,Fri,DVO,1,40.95,26.0,0
2025-02-12,ILO,DOM,MNL HUB,ILOMNL,PR  2146,Y,Economy Value,DOM,WEB/APP,2025-02-12,Wed,ILO,2,126.82,15.0,1
2025-02-07,DVO,DOM,MNL HUB,MNLDVO,PR  1809,Y,Economy Supersaver,DOM,Traditional Travel Agency,2025-02-03,Fri,MNL,1,39.5,19.0,0
2025-02-03,DVO,DOM,MNL HUB,MNLDVO,PR  2819,Y,Economy Value,DOM,WEB/APP,2025-01-25,Mon,DVO,1,93.29,24.0,0
2025-01-25,CEB,DOM,MNL HUB,CEBMNL,PR  1860,Y,Economy Value,AUS,TMC,2025-01-10,Sat,CEB,1,319.71,30.0,0
2025-01-01,CEB,DOM,MNL HUB,CEBMNL,PR  2862,Y,Economy Value,DOM,WEB/APP,2024-12-28,Wed,ZAM,1,75.83,19.0,0
2025-03-28,TAC,DOM,MNL HUB,TACMNL,PR  2988,J,Economy Supersaver,DOM,OTA,2024-12-03,Fri,TAC,1,12.82,130.0,0
2025-01-09,ILO,DOM,MNL HUB,MNLILO,PR  2141,Y,Economy Saver,DOM,Traditional Travel Agency,2025-01-07,Thu,MNL,6,71.43,17.0,1
2025-02-04,PPS,DOM,MNL HUB,MNLPPS,PR  2787,Y,Economy Supersaver,DOM,Traditional Travel Agency,2024-10-22,Tue,MNL,2,53.38,120.0,1
2025-04-09,DVO,DOM,MNL HUB,MNLDVO,PR  2823,Y,Economy Saver,DOM,Ticket Office,2025-03-21,Wed,DVO,1,85.36,34.0,0
2025-01-01,CEB,DOM,MNL HUB,CEBMNL,PR  2852,Y,Economy Supersaver,DOM,Contact Center,2024-07-08,Wed,DVO,6,20.76,192.0,1
2025-04-06,ILO,DOM,MNL HUB,MNLILO,PR  2139,W,Premium Economy,DOM,Ticket Office,2024-12-10,Sun,ILO,1,76.05,132.0,0
2025-02-22,CEB,DOM,MNL HUB,CEBMNL,PR  2850,Y,Economy Value,DOM,Traditional Travel Agency,2025-02-11,Sat,MNL,6,124.15,26.0,1
2025-01-13,KLO,DOM,MNL HUB,MNLKLO,PR  2969,J,Economy Saver,DOM,Traditional Travel Agency,2025-01-05,Mon,MNL,1,58.99,23.0,0
2025-04-05,ILO,DOM,MNL HUB,ILOMNL,PR  2140,W,Premium Economy,DOM,WEB/APP,2025-04-02,Sat,ILO,1,178.1,18.0,0
2025-02-15,PPS,DOM,MNL HUB,MNLPPS,PR  2785,J,Economy Supersaver,DOM,Traditional Travel Agency,2025-01-21,Sat,MNL,4,40.02,40.0,1
2025-02-27,CBO,DOM,MNL HUB,CBOMNL,PR  2958,J,Economy Supersaver,DOM,WEB/APP,2024-12-02,Thu,CBO,1,44.34,102.0,0
2025-04-02,BSO,DOM,MNL HUB,BSOMNL,PR  2933,Y,Economy Value,DOM,OTA,2025-01-16,Wed,BSO,4,202.71,91.0,1
2025-04-04,ILO,DOM,MNL HUB,MNLILO,PR  2143,Y,Economy Supersaver,ME,Traditional Travel Agency,2024-08-07,Fri,DXB,1,39.64,255.0,0
2025-03-20,ILO,DOM,MNL HUB,ILOMNL,PR  2140,W,Premium Economy,DOM,WEB/APP,2025-03-18,Thu,ILO,1,171.27,17.0,0
2025-03-01,BCD,DOM,MNL HUB,BCDMNL,PR  2138,Y,Economy Supersaver,DOM,Traditional Travel Agency,2025-01-06,Sat,BCD,2,21.86,69.0,1
2025-04-07,DPL,DOM,MNL HUB,MNLDPL,PR  2557,Y,Economy Saver,DOM,WEB/APP,2025-02-24,Mon,DPL,2,52.81,57.0,1
2025-01-15,CGY,DOM,MNL HUB,MNLCGY,PR  2529,Y,Economy Supersaver,DOM,Traditional Travel Agency,2025-01-14,Wed,MNL,12,44.88,16.0,1
2025-04-21,TUG,DOM,MNL HUB,MNLTUG,PR  2014,Y,Economy Saver,DOM,Traditional Travel Agency,2025-04-11,Mon,MNL,1,76.49,25.0,0
2025-04-04,IAO,DOM,MNL HUB,IAOMNL,PR  2972,J,Economy Saver,G.CN,WEB/APP,2025-01-22,Fri,TPE,5,63.65,87.0,1
2025-02-28,TAC,DOM,MNL HUB,TACMNL,PR  2982,W,Premium Economy,DOM,WEB/APP,2025-02-25,Fri,TAC,1,211.6,18.0,0
2025-04-26,PPS,DOM,MNL HUB,MNLPPS,PR  2787,Y,Economy Supersaver,G.CN,Traditional Travel Agency,2024-10-29,Sat,TPE,2,46.89,194.0,1
2025-04-04,LAO,DOM,MNL HUB,MNLLAO,PR  2196,Y,Economy Value,DOM,Corporate Web Portal,2025-03-28,Fri,MNL,1,96.8,22.0,0
2025-03-05,DRP,DOM,MNL HUB,DRPMNL,PR  2920,Y,Economy Value,DOM,WEB/APP,2025-02-25,Wed,MNL,3,87.45,23.0,1
2025-04-01,BCD,DOM,MNL HUB,BCDMNL,PR  2134,Y,Economy Supersaver,DOM,WEB/APP,2024-11-14,Tue,MNL,2,58.43,153.0,1
2025-04-03,BCD,DOM,MNL HUB,MNLBCD,PR  2137,Y,Economy Saver,DOM,Ticket Office,2025-04-03,Thu,MNL,2,77.45,15.0,1
2025-01-19,TAC,DOM,MNL HUB,TACMNL,PR  2986,W,Premium Economy,DOM,Ticket Office,2025-01-17,Sun,TAC,1,224.43,17.0,0
2025-04-24,DVO,DOM,MNL HUB,MNLDVO,PR  1805,Y,Economy Saver,DOM,WEB/APP,2025-04-12,Thu,MNL,5,80.25,27.0,1
2025-04-21,CEB,DOM,MNL HUB,CEBMNL,PR  2846,Y,Economy Saver,DOM,Contact Center,2025-03-12,Mon,MNL,1,96.93,55.0,0
2025-04-07,DVO,DOM,MNL HUB,DVOMNL,PR  2824,J,Economy Supersaver,DOM,OTA,2025-03-02,Mon,DVO,2,29.73,51.0,1
2025-02-02,ILO,DOM,MNL HUB,ILOMNL,PR  2146,W,Premium Economy,DOM,WEB/APP,2025-01-31,Sun,ILO,1,168.83,17.0,0
2025-03-26,CEB,DOM,MNL HUB,CEBMNL,PR  2852,Y,Economy Saver,DOM,WEB/APP,2025-03-18,Wed,CEB,2,61.22,23.0,1
2025-04-10,ZAM,DOM,MNL HUB,MNLZAM,PR  2949,J,Economy Value,ME,Traditional Travel Agency,2025-03-24,Thu,MNL,1,244.65,32.0,0
2025-04-13,DVO,DOM,MNL HUB,DVOMNL,PR  2812,Y,Economy Supersaver,DOM,WEB/APP,2025-03-13,Sun,DVO,1,44.36,46.0,0
2025-04-26,TAC,DOM,MNL HUB,TACMNL,PR  2986,Y,Economy Supersaver,DOM,WEB/APP,2024-09-18,Sat,MNL,4,14.57,235.0,1
2025-02-17,DVO,DOM,MNL HUB,DVOMNL,PR  2812,Y,Economy Value,DOM,WEB/APP,2025-02-12,Mon,DVO,9,120.67,20.0,1
2025-03-25,CEB,DOM,MNL HUB,CEBMNL,PR  2850,J,Economy Saver,AUS,OTA,2025-02-08,Tue,CEB,2,52.18,60.0,1
2025-03-31,CEB,DOM,MNL HUB,CEBMNL,PR  1864,Y,Economy Supersaver,DOM,WEB/APP,2025-01-23,Mon,MNL,1,18.13,82.0,0
2025-02-21,CEB,DOM,MNL HUB,CEBMNL,PR  2864,Y,Economy Supersaver,DOM,Traditional Travel Agency,2025-02-21,Fri,CEB,4,34.79,15.0,1
2025-03-28,ILO,DOM,MNL HUB,ILOMNL,PR  2140,Y,Economy Supersaver,ME,Traditional Travel Agency,2025-01-28,Fri,DXB,1,39.29,74.0,0
2025-01-14,TAC,DOM,MNL HUB,MNLTAC,PR  2985,Y,Economy Value,DOM,WEB/APP,2024-12-21,Tue,MNL,1,104.52,39.0,0
2025-03-30,ILO,DOM,MNL HUB,MNLILO,PR  2147,Y,Economy Supersaver,DOM,Traditional Travel Agency,2025-03-14,Sun,MNL,1,26.52,31.0,0
2025-04-27,TAG,DOM,MNL HUB,TAGMNL,PR  2778,Y,Economy Saver,,WEB/APP,2024-12-27,Sun,LAX,5,45.44,136.0,1
2025-02-22,CBO,DOM,MNL HUB,CBOMNL,PR  2960,J,Economy Saver,DOM,WEB/APP,2025-01-30,Sat,CBO,1,68.61,38.0,0
2025-03-30,CBO,DOM,MNL HUB,MNLCBO,PR  2957,Y,Economy Saver,DOM,OTA,2025-03-05,Sun,MNL,1,63.4,40.0,0
2025-02-24,CEB,DOM,MNL HUB,CEBMNL,PR  2860,Y,Economy Value,DOM,WEB/APP,2025-02-18,Mon,MNL,1,121.87,21.0,0
2025-04-12,DGT,DOM,MNL HUB,MNLDGT,PR  2545,Y,Economy Value,DOM,WEB/APP,2025-02-20,Sat,MNL,4,117.19,66.0,1
2025-03-20,TAC,DOM,MNL HUB,MNLTAC,PR  2985,Y,Economy Value,DOM,Corporate Web Portal,2025-03-18,Thu,TAC,1,132.55,17.0,0
2025-02-11,DVO,DOM,MNL HUB,MNLDVO,PR  2825,Y,Economy Value,DOM,Contact Center,2025-02-11,Tue,MNL,1,92.59,15.0,0
2025-02-24,CEB,DOM,MNL HUB,CEBMNL,PR  1846,Y,Economy Saver,DOM,Traditional Travel Agency,2025-02-17,Mon,CEB,1,60.31,22.0,0
2025-04-23,ZAM,DOM,MNL HUB,ZAMMNL,PR  2994,Y,Economy Saver,JAP,OTA,2025-03-12,Wed,SIN,1,46.84,57.0,0
2025-01-06,ZAM,DOM,MNL HUB,ZAMMNL,PR  2998,Y,Economy Flex,DOM,WEB/APP,2024-12-27,Mon,MNL,2,235.45,25.0,1
2025-04-01,ILO,DOM,MNL HUB,ILOMNL,PR  2144,J,Economy Saver,AUS,OTA,2024-12-01,Tue,ILO,1,53.68,136.0,0
2025-02-27,MPH,DOM,MNL HUB,MPHMNL,PR  2040,J,Economy Value,DOM,WEB/APP,2025-01-08,Thu,MNL,2,97.39,65.0,1
2025-03-28,CGY,DOM,MNL HUB,MNLCGY,PR  2521,J,Economy Flex,DOM,WEB/APP,2025-03-18,Fri,CGY,1,150.68,25.0,0
2025-02-09,DVO,DOM,MNL HUB,DVOMNL,PR  2816,Y,Economy Saver,DOM,WEB/APP,2025-01-18,Sun,MNL,1,46.28,37.0,0
2025-02-13,DPL,DOM,MNL HUB,DPLMNL,PR  2558,Y,Economy Saver,AUS,OTA,2024-12-29,Thu,HKG,1,49.08,61.0,0
2025-04-10,CBO,DOM,MNL HUB,CBOMNL,PR  2960,Y,Economy Value,DOM,Traditional Travel Agency,2025-04-04,Thu,CBO,2,127.65,21.0,1
2025-04-05,CEB,DOM,MNL HUB,MNLCEB,PR  1841,Y,Economy Supersaver,DOM,OTA,2025-02-26,Sat,MNL,4,32.97,53.0,1
2025-02-11,DVO,DOM,MNL HUB,MNLDVO,PR  2817,Y,Economy Saver,DOM,WEB/APP,2025-02-05,Tue,MNL,1,70.75,21.0,0
2025-04-11,DVO,DOM,MNL HUB,MNLDVO,PR  2825,Y,Economy Supersaver,DOM,Ticket Office,2025-04-03,Fri,DVO,1,27.62,23.0,0
2025-01-14,DVO,DOM,MNL HUB,DVOMNL,PR  2808,Y,Economy Flex,DOM,WEB/APP,2024-10-24,Tue,DVO,1,169.68,97.0,0
2025-04-30,TAG,DOM,MNL HUB,TAGMNL,PR  2774,J,Economy Saver,JAP,Traditional Travel Agency,2025-03-03,Wed,HND,1,54.05,73.0,0
2025-03-24,CEB,DOM,MNL HUB,MNLCEB,PR  2859,J,Economy Saver,DOM,WEB/APP,2025-03-21,Mon,MNL,7,70.3,18.0,1
2025-04-08,TAG,DOM,MNL HUB,MNLTAG,PR  2775,Y,Economy Supersaver,SEA,OTA,2025-02-05,Tue,SIN,1,38.44,77.0,0
2025-02-17,BCD,DOM,MNL HUB,BCDMNL,PR  2138,Y,Economy Saver,DOM,WEB/APP,2025-02-11,Mon,MNL,9,61.3,21.0,1
2025-04-12,LAO,DOM,MNL HUB,LAOMNL,PR  2197,J,Economy Supersaver,,Traditional Travel Agency,2025-02-04,Sat,HNL,1,50.86,82.0,0
2025-03-14,DVO,DOM,MNL HUB,DVOMNL,PR  2818,J,Economy Supersaver,DOM,Traditional Travel Agency,2025-01-31,Fri,DVO,1,43.1,57.0,0
2025-03-19,DVO,DOM,MNL HUB,MNLDVO,PR  2817,Y,Economy Saver,DOM,Traditional Travel Agency,2025-03-12,Wed,DVO,3,62.78,22.0,1
2025-03-21,CGY,DOM,MNL HUB,CGYMNL,PR  2528,Y,Economy Saver,DOM,WEB/APP,2025-02-24,Fri,MNL,1,58.42,40.0,0
2025-04-11,IAO,DOM,MNL HUB,IAOMNL,PR  2974,W,Premium Economy,DOM,WEB/APP,2025-03-26,Fri,MNL,3,386.32,31.0,1
2025-01-09,MPH,DOM,MNL HUB,MNLMPH,PR  2045,Y,Economy Saver,DOM,Ticket Office,2024-12-28,Thu,MNL,1,89.92,27.0,0
2025-02-26,ILO,DOM,MNL HUB,ILOMNL,PR  2148,Y,Economy Supersaver,DOM,Traditional Travel Agency,2025-01-24,Wed,CEB,1,15.08,48.0,0
2025-04-01,MPH,DOM,MNL HUB,MNLMPH,PR  2039,Y,Economy Saver,,Contact Center,2024-12-09,Tue,LAX,1,41.98,128.0,0
2025-04-25,BCD,DOM,MNL HUB,MNLBCD,PR  2133,Y,Economy Value,DOM,WEB/APP,2025-04-22,Fri,MNL,2,109.63,18.0,1
2025-02-24,DRP,DOM,MNL HUB,DRPMNL,PR  2924,Y,Economy Saver,SEA,TMC,2025-02-08,Mon,DRP,1,98.69,31.0,0
2025-02-28,DVO,DOM,MNL HUB,DVOMNL,PR  2818,Y,Economy Value,DOM,WEB/APP,2025-02-05,Fri,DVO,1,123.35,38.0,0
2025-03-16,DVO,DOM,MNL HUB,DVOMNL,PR  2824,Y,Economy Supersaver,DOM,WEB/APP,2025-02-10,Sun,MNL,2,25.27,49.0,1
2025-03-21,OZC,DOM,MNL HUB,OZCMNL,PR  2890,Y,Economy Saver,DOM,Traditional Travel Agency,2025-02-27,Fri,OZC,2,75.14,37.0,1
2025-02-25,CEB,DOM,MNL HUB,MNLCEB,PR  1845,Y,Economy Value,DOM,Traditional Travel Agency,2025-02-19,Tue,MNL,4,92.92,21.0,1
2025-04-04,ZAM,DOM,MNL HUB,MNLZAM,PR  2997,W,Premium Economy,DOM,WEB/APP,2025-03-30,Fri,MNL,1,227.19,20.0,0
2025-03-15,BCD,DOM,MNL HUB,MNLBCD,PR  2135,Y,Economy Saver,DOM,WEB/APP,2025-03-07,Sat,BCD,1,56.36,23.0,0
2025-04-21,LAO,DOM,MNL HUB,MNLLAO,PR  2196,Y,Economy Saver,SEA,TMC,2025-03-24,Mon,MNL,1,128.93,43.0,0
2025-01-13,OZC,DOM,MNL HUB,MNLOZC,PR  2889,Y,Economy Supersaver,DOM,Traditional Travel Agency,2024-12-12,Mon,MNL,9,35.21,47.0,1
2025-01-14,PPS,DOM,MNL HUB,PPSMNL,PR  2788,Y,Economy Supersaver,DOM,WEB/APP,2025-01-10,Tue,MNL,1,53.22,19.0,0
2025-04-12,DVO,DOM,MNL HUB,DVOMNL,PR  1818,J,Economy Saver,DOM,WEB/APP,2025-02-01,Sat,DVO,1,50.29,85.0,0
2025-01-19,TAC,DOM,MNL HUB,MNLTAC,PR  2987,Y,Economy Value,DOM,WEB/APP,2025-01-18,Sun,MNL,4,133.28,16.0,1
2025-04-04,TAC,DOM,MNL HUB,MNLTAC,PR  2987,J,Economy Saver,DOM,Ticket Office,2025-03-14,Fri,MNL,1,85.84,36.0,0
2025-03-20,CEB,DOM,MNL HUB,MNLCEB,PR  1841,Y,Economy Supersaver,DOM,Traditional Travel Agency,2024-11-27,Thu,MNL,2,14.46,128.0,1
2025-01-09,DRP,DOM,MNL HUB,DRPMNL,PR  2922,Y,Economy Value,DOM,Ticket Office,2025-01-05,Thu,DRP,1,109.21,19.0,0
2025-02-28,OZC,DOM,MNL HUB,OZCMNL,PR  2890,Y,Economy Saver,SEA,OTA,2025-02-19,Fri,OZC,1,59.55,24.0,0
2025-04-24,LAO,DOM,MNL HUB,LAOMNL,PR  2199,J,Economy Saver,DOM,Contact Center,2025-04-03,Thu,LAO,1,51.69,36.0,0
2025-02-08,DVO,DOM,MNL HUB,MNLDVO,PR  1809,Y,Economy Saver,DOM,WEB/APP,2025-01-14,Sat,MNL,1,46.33,40.0,0
2025-04-01,BCD,DOM,MNL HUB,MNLBCD,PR  2137,Y,Economy Saver,JAP,Traditional Travel Agency,2025-01-28,Tue,FUK,2,45.43,78.0,1
2025-03-14,ILO,DOM,MNL HUB,ILOMNL,PR  2142,Y,Economy Flex,Offline,Sea Crew,2025-03-13,Fri,ILO,1,191.76,16.0,0
2025-04-22,ZAM,DOM,MNL HUB,ZAMMNL,PR  2954,Y,Economy Saver,,OTA,2025-04-14,Tue,ZAM,1,77.4,23.0,0
2025-03-28,ZAM,DOM,MNL HUB,ZAMMNL,PR  2998,Y,Economy Supersaver,DOM,WEB/APP,2024-11-18,Fri,MNL,1,35.73,145.0,0
2025-04-05,CGY,DOM,MNL HUB,MNLCGY,PR  2527,Y,Economy Supersaver,DOM,Ticket Office,2025-03-17,Sat,MNL,1,42.68,34.0,0
2025-03-18,DVO,DOM,MNL HUB,MNLDVO,PR  2817,Y,Economy Saver,DOM,Traditional Travel Agency,2025-01-15,Tue,DVO,3,54.53,77.0,1
2025-02-25,PPS,DOM,MNL HUB,PPSMNL,PR  2780,Y,Economy Supersaver,DOM,Traditional Travel Agency,2025-01-22,Tue,MNL,6,22.14,49.0,1
2025-04-25,CEB,DOM,MNL HUB,CEBMNL,PR  2862,J,Economy Value,DOM,Ticket Office,2025-02-06,Fri,MNL,7,110.86,93.0,1
2025-04-09,CGY,DOM,MNL HUB,MNLCGY,PR  2521,J,Business Flex,DOM,WEB/APP,2025-04-05,Wed,CGY,1,242.96,19.0,0
2025-03-05,TAC,DOM,MNL HUB,MNLTAC,PR  2981,J,Economy Supersaver,DOM,Traditional Travel Agency,2024-12-07,Wed,MNL,1,13.93,103.0,0
2025-03-26,CEB,DOM,MNL HUB,MNLCEB,PR  2849,Y,Economy Value,DOM,WEB/APP,2025-03-07,Wed,MNL,4,96.46,34.0,1
2025-03-10,CGY,DOM,MNL HUB,CGYMNL,PR  2530,Y,Economy Saver,DOM,WEB/APP,2025-03-06,Mon,CGY,6,58.28,19.0,1
2025-01-01,TAC,DOM,MNL HUB,TACMNL,PR  2986,Y,Economy Supersaver,DOM,Traditional Travel Agency,2024-07-29,Wed,TAC,3,41.19,171.0,1
2025-04-06,ILO,DOM,MNL HUB,MNLILO,PR  2141,J,Economy Saver,DOM,Corporate Web Portal,2025-03-27,Sun,MNL,1,66.64,25.0,0
2025-04-28,TUG,DOM,MNL HUB,MNLTUG,PR  2014,J,Economy Saver,G.CN,OTA,2025-04-14,Mon,HKG,1,42.48,29.0,0
2025-01-05,CEB,DOM,MNL HUB,CEBMNL,PR  2846,J,Economy Flex,ME,WEB/APP,2024-09-26,Sun,DOH,1,86.89,116.0,0
2025-04-01,DVO,DOM,MNL HUB,DVOMNL,PR  2822,Y,Economy Saver,DOM,Traditional Travel Agency,2025-03-31,Tue,DVO,1,74.58,16.0,0
2025-02-17,ZAM,DOM,MNL HUB,MNLZAM,PR  2997,Y,Economy Supersaver,DOM,WEB/APP,2025-01-27,Mon,ZAM,1,47.3,36.0,0
2025-04-24,CGY,DOM,MNL HUB,MNLCGY,PR  2519,Y,Economy Value,DOM,WEB/APP,2025-04-16,Thu,MNL,1,89.73,23.0,0
2025-04-05,CEB,DOM,MNL HUB,CEBMNL,PR  1842,J,Economy Supersaver,DOM,OTA,2025-02-27,Sat,CEB,4,33.3,52.0,1
2025-03-19,TAG,DOM,MNL HUB,MNLTAG,PR  2775,Y,Economy Supersaver,DOM,Traditional Travel Agency,2024-10-14,Wed,MNL,2,20.72,171.0,1
2025-03-02,DRP,DOM,MNL HUB,DRPMNL,PR  2922,J,Economy Value,DOM,WEB/APP,2025-02-28,Sun,DRP,3,84.58,17.0,1
2025-03-16,USU,DOM,MNL HUB,USUMNL,PR  2966,J,Economy Value,KOR,Traditional Travel Agency,2024-12-04,Sun,ICN,3,29.44,117.0,1
2025-03-02,CGY,DOM,MNL HUB,MNLCGY,PR  2521,Y,Economy Supersaver,DOM,Traditional Travel Agency,2025-02-27,Sun,TUG,1,44.23,18.0,0
2025-03-06,BXU,DOM,MNL HUB,MNLBXU,PR  2967,Y,Economy Supersaver,DOM,Traditional Travel Agency,2025-02-28,Thu,MNL,4,41.81,21.0,1
2025-01-28,EUQ,DOM,MNL HUB,EUQMNL,PR  2906,Y,Economy Supersaver,DOM,WEB/APP,2024-09-26,Tue,EUQ,1,21.93,139.0,0
2025-04-08,BCD,DOM,MNL HUB,MNLBCD,PR  2129,Y,Economy Supersaver,DOM,OTA,2025-02-22,Tue,MNL,1,28.39,60.0,0
2025-03-12,MPH,DOM,MNL HUB,MNLMPH,PR  2041,J,Economy Saver,AUS,OTA,2024-11-29,Wed,SYD,2,108.25,118.0,1
2025-04-09,CEB,DOM,MNL HUB,CEBMNL,PR  1842,Y,Economy Saver,DOM,WEB/APP,2025-04-05,Wed,CEB,1,73.07,19.0,0
2025-01-08,CEB,DOM,MNL HUB,MNLCEB,PR  2849,W,Premium Economy,DOM,WEB/APP,2025-01-06,Wed,MNL,2,182.37,17.0,1
2025-04-25,RXS,DOM,MNL HUB,MNLRXS,PR  2203,J,Economy Flex,DOM,Traditional Travel Agency,2025-04-15,Fri,MNL,1,136.64,25.0,0
2025-04-22,GES,DOM,MNL HUB,GESMNL,PR  454,Y,Economy Value,DOM,WEB/APP,2025-03-31,Tue,MNL,1,120.15,37.0,0
2025-02-18,CEB,DOM,MNL HUB,CEBMNL,PR  2868,Y,Economy Value,DOM,Traditional Travel Agency,2025-02-13,Tue,CEB,2,72.23,20.0,1
2025-04-03,DGT,DOM,MNL HUB,MNLDGT,PR  2545,Y,Economy Value,DOM,WEB/APP,2025-03-31,Thu,MNL,2,118.31,18.0,1
2025-03-23,ILO,DOM,MNL HUB,ILOMNL,PR  2142,Y,Economy Saver,Offline,Traditional Travel Agency,2025-01-23,Sun,ILO,1,9.74,74.0,0
2025-04-04,DVO,DOM,MNL HUB,DVOMNL,PR  2824,Y,Economy Supersaver,DOM,WEB/APP,2025-03-25,Fri,MNL,1,41.08,25.0,0
2025-04-29,CBO,DOM,MNL HUB,CBOMNL,PR  2960,Y,Economy Value,DOM,WEB/APP,2025-04-11,Tue,CBO,6,102.73,33.0,1
2025-01-05,CEB,DOM,MNL HUB,CEBMNL,PR  1842,Y,Economy Value,DOM,WEB/APP,2024-12-14,Sun,CEB,1,118.43,37.0,0
2025-04-06,IAO,DOM,MNL HUB,IAOMNL,PR  2974,Y,Economy Value,DOM,OTA,2025-03-18,Sun,MNL,1,231.79,34.0,0
2025-04-07,CEB,DOM,MNL HUB,MNLCEB,PR  2867,J,Economy Value,DOM,Traditional Travel Agency,2025-04-04,Mon,MNL,1,95.94,18.0,0
2025-04-03,TAC,DOM,MNL HUB,TACMNL,PR  2986,J,Economy Value,DOM,Sea Crew,2025-03-27,Thu,TAC,2,118.56,22.0,1
2025-04-11,LAO,DOM,MNL HUB,MNLLAO,PR  2196,W,Premium Economy,DOM,WEB/APP,2025-04-05,Fri,MNL,1,210.98,21.0,0
2025-02-01,CEB,DOM,MNL HUB,CEBMNL,PR  2854,Y,Economy Saver,DOM,WEB/APP,2024-12-29,Sat,CEB,4,102.3,49.0,1
2025-02-10,DRP,DOM,MNL HUB,DRPMNL,PR  2924,Y,Economy Supersaver,DOM,Ticket Office,2024-09-23,Mon,MNL,3,42.71,155.0,1
2025-02-28,PPS,DOM,MNL HUB,MNLPPS,PR  2781,Y,Economy Value,Offline,OTA,2024-10-20,Fri,NAN,2,130.0,146.0,1
2025-01-22,CEB,DOM,MNL HUB,MNLCEB,PR  2863,Y,Economy Value,DOM,Traditional Travel Agency,2025-01-14,Wed,CEB,3,92.89,23.0,1
2025-04-12,USU,DOM,MNL HUB,MNLUSU,PR  2961,Y,Economy Saver,AUS,OTA,2025-01-10,Sat,BKK,1,44.37,107.0,0
2025-01-17,CEB,DOM,MNL HUB,CEBMNL,PR  1842,Y,Economy Supersaver,DOM,WEB/APP,2025-01-14,Fri,MNL,1,64.22,18.0,0
2025-04-30,MPH,DOM,MNL HUB,MNLMPH,PR  2045,Y,Economy Supersaver,DOM,OTA,2024-06-26,Wed,MNL,6,26.67,323.0,1
2025-02-16,USU,DOM,MNL HUB,MNLUSU,PR  2965,Y,Economy Supersaver,ROW,,2025-02-11,Sun,MNL,1,48.3,20.0,0
2025-02-15,TAC,DOM,MNL HUB,MNLTAC,PR  2985,Y,Economy Supersaver,,WEB/APP,2024-08-25,Sat,YXY,2,46.59,189.0,1
2025-02-12,OZC,DOM,MNL HUB,OZCMNL,PR  2890,Y,Economy Saver,DOM,WEB/APP,2025-02-05,Wed,OZC,6,83.71,22.0,1
2025-03-21,CEB,DOM,MNL HUB,MNLCEB,PR  1861,W,Premium Economy,DOM,Ticket Office,2025-03-21,Fri,MNL,2,241.08,15.0,1
2025-01-28,DPL,DOM,MNL HUB,DPLMNL,PR  2558,Y,Economy Saver,DOM,WEB/APP,2025-01-11,Tue,DPL,4,66.96,32.0,1
2025-02-14,DVO,DOM,MNL HUB,DVOMNL,PR  2824,Y,Economy Supersaver,DOM,Contact Center,2025-01-24,Fri,DVO,2,26.55,36.0,1
2025-02-07,BCD,DOM,MNL HUB,MNLBCD,PR  2131,Y,Economy Saver,,Ticket Office,2025-01-13,Fri,SFO,1,53.33,40.0,0
2025-04-26,CEB,DOM,MNL HUB,CEBMNL,PR  2854,J,Economy Value,DOM,WEB/APP,2025-03-10,Sat,MNL,1,95.82,62.0,0
2025-03-18,BXU,DOM,MNL HUB,MNLBXU,PR  2967,Y,Economy Saver,DOM,Traditional Travel Agency,2025-02-25,Tue,MNL,4,72.54,36.0,1
2025-04-22,CEB,DOM,MNL HUB,MNLCEB,PR  1867,Y,Economy Value,DOM,Traditional Travel Agency,2025-04-07,Tue,MNL,1,109.67,30.0,0
2025-04-22,BXU,DOM,MNL HUB,BXUMNL,PR  2968,Y,Economy Saver,DOM,Ticket Office,2025-03-15,Tue,MNL,1,62.02,53.0,0
2025-04-04,DVO,DOM,MNL HUB,DVOMNL,PR  2808,Y,Economy Supersaver,DOM,OTA,2025-03-18,Fri,DVO,1,29.88,32.0,0
2025-01-09,ILO,DOM,MNL HUB,ILOMNL,PR  2144,J,Economy Value,DOM,WEB/APP,2025-01-04,Thu,ILO,1,86.85,20.0,0
2025-01-04,CEB,DOM,MNL HUB,CEBMNL,PR  2854,Y,Economy Value,AUS,GSA/DSA,2024-12-11,Sat,MEL,1,276.51,39.0,0
2025-03-06,CEB,DOM,MNL HUB,CEBMNL,PR  2860,Y,Economy Saver,DOM,WEB/APP,2025-02-19,Thu,ZAM,2,35.85,30.0,1
2025-01-04,ILO,DOM,MNL HUB,ILOMNL,PR  2148,Y,Economy Saver,DOM,Contact Center,2024-12-24,Sat,TUG,1,55.52,26.0,0
2025-04-08,DGT,DOM,MNL HUB,MNLDGT,PR  2545,Y,Economy Saver,DOM,WEB/APP,2025-03-20,Tue,MNL,2,91.95,34.0,1
2025-03-10,USU,DOM,MNL HUB,MNLUSU,PR  2965,J,Economy Supersaver,DOM,Traditional Travel Agency,2025-01-21,Mon,MNL,4,40.95,63.0,1
2025-04-07,CBO,DOM,MNL HUB,CBOMNL,PR  2958,Y,Economy Saver,DOM,WEB/APP,2025-03-14,Mon,CBO,4,61.49,39.0,1
2025-04-27,TAC,DOM,MNL HUB,MNLTAC,PR  2985,Y,Economy Flex,DOM,Corporate Web Portal,2025-04-23,Sun,MNL,1,195.79,19.0,0
2025-02-14,MPH,DOM,MNL HUB,MNLMPH,PR  2039,Y,Economy Supersaver,DOM,WEB/APP,2024-06-07,Fri,MNL,3,25.48,267.0,1
2025-01-21,CEB,DOM,MNL HUB,MNLCEB,PR  1845,Y,Economy Supersaver,DOM,WEB/APP,2025-01-17,Tue,MNL,4,36.78,19.0,1
2025-04-08,DVO,DOM,MNL HUB,DVOMNL,PR  2822,Y,Economy Saver,,Traditional Travel Agency,2024-12-10,Tue,YEG,1,55.55,134.0,0
2025-02-03,CEB,DOM,MNL HUB,CEBMNL,PR  1842,J,Economy Supersaver,DOM,WEB/APP,2024-06-22,Mon,MNL,4,17.37,241.0,1
2025-01-23,DVO,DOM,MNL HUB,MNLDVO,PR  2813,Y,Economy Saver,DOM,Traditional Travel Agency,2025-01-02,Thu,MNL,1,85.9,36.0,0
2025-04-05,MPH,DOM,MNL HUB,MNLMPH,PR  2041,Y,Economy Value,DOM,Traditional Travel Agency,2025-03-21,Sat,MNL,1,118.81,30.0,0
2025-02-15,MPH,DOM,MNL HUB,MPHMNL,PR  2042,Y,Economy Saver,Offline,Traditional Travel Agency,2025-01-29,Sat,MNL,4,117.72,32.0,1
2025-01-13,ILO,DOM,MNL HUB,ILOMNL,PR  2144,Y,Economy Saver,DOM,Traditional Travel Agency,2025-01-09,Mon,MNL,1,72.83,19.0,0
2025-01-29,DVO,DOM,MNL HUB,DVOMNL,PR  2818,W,Premium Economy,DOM,Traditional Travel Agency,2025-01-28,Wed,MNL,1,192.53,16.0,0
2025-02-20,TAC,DOM,MNL HUB,TACMNL,PR  2986,Y,Economy Supersaver,DOM,WEB/APP,2024-11-27,Thu,TAC,1,22.05,100.0,0
2025-02-03,CEB,DOM,MNL HUB,MNLCEB,PR  2849,Y,Economy Value,DOM,WEB/APP,2025-01-07,Mon,CEB,2,73.68,42.0,1
2025-04-26,BCD,DOM,MNL HUB,BCDMNL,PR  2132,J,Economy Flex,DOM,Corporate Web Portal,2025-04-16,Sat,MNL,2,137.19,25.0,1
2025-01-17,DVO,DOM,MNL HUB,MNLDVO,PR  2819,Y,Economy Value,DOM,WEB/APP,2025-01-16,Fri,MNL,1,94.01,16.0,0
2025-03-24,BCD,DOM,MNL HUB,MNLBCD,PR  2131,Y,Economy Supersaver,DOM,Ticket Office,2025-01-18,Mon,MNL,83,26.35,80.0,1
2025-03-01,TAC,DOM,MNL HUB,TACMNL,PR  2982,Y,Economy Supersaver,DOM,Traditional Travel Agency,2024-10-26,Sat,TAC,1,17.23,141.0,0
2025-04-10,CEB,DOM,MNL HUB,MNLCEB,PR  1851,Y,Economy Flex,DOM,Corporate Web Portal,2025-04-08,Thu,MNL,5,180.87,17.0,1
2025-02-01,BCD,DOM,MNL HUB,MNLBCD,PR  2137,J,Economy Supersaver,DOM,WEB/APP,2025-01-10,Sat,MNL,1,27.95,37.0,0
2025-02-10,DVO,DOM,MNL HUB,DVOMNL,PR  1810,Y,Economy Value,DOM,WEB/APP,2025-02-03,Mon,MNL,1,92.3,22.0,0
2025-01-17,CEB,DOM,MNL HUB,MNLCEB,PR  2857,Y,Economy Value,DOM,Traditional Travel Agency,2025-01-13,Fri,CEB,3,133.07,19.0,1
2025-04-29,RXS,DOM,MNL HUB,MNLRXS,PR  2203,Y,Economy Flex,DOM,WEB/APP,2025-04-22,Tue,MNL,4,136.77,22.0,1
2025-02-13,BCD,DOM,MNL HUB,BCDMNL,PR  2134,Y,Economy Value,,Contact Center,2024-12-10,Thu,SFO,1,70.63,80.0,0
2025-02-02,BCD,DOM,MNL HUB,MNLBCD,PR  2133,Y,Economy Saver,DOM,Ticket Office,2025-01-18,Sun,MNL,1,54.22,30.0,0
2025-03-03,CEB,DOM,MNL HUB,CEBMNL,PR  2864,Y,Economy Supersaver,DOM,WEB/APP,2025-02-26,Mon,BXU,4,20.99,20.0,1
2025-01-23,CGY,DOM,MNL HUB,MNLCGY,PR  2521,Y,Economy Saver,,Traditional Travel Agency,2025-01-11,Thu,YQU,2,63.15,27.0,1
2025-01-17,MPH,DOM,MNL HUB,MPHMNL,PR  2046,J,Economy Saver,DOM,WEB/APP,2024-11-05,Fri,MNL,1,91.78,88.0,0
2025-03-25,BXU,DOM,MNL HUB,BXUMNL,PR  2942,Y,Economy Supersaver,DOM,Ticket Office,2025-02-18,Tue,BXU,1,24.21,50.0,0
2025-03-19,MPH,DOM,MNL HUB,MNLMPH,PR  2043,Y,Economy Supersaver,DOM,Traditional Travel Agency,2025-02-27,Wed,MNL,1,39.26,35.0,0
2025-02-24,TAG,DOM,MNL HUB,MNLTAG,PR  2777,Y,Economy Saver,,Traditional Travel Agency,2025-02-07,Mon,JFK,2,56.68,32.0,1
2025-02-24,ILO,DOM,MNL HUB,MNLILO,PR  2147,Y,Economy Supersaver,DOM,WEB/APP,2024-12-15,Mon,MNL,1,25.8,86.0,0
2025-03-12,DVO,DOM,MNL HUB,DVOMNL,PR  2818,Y,Economy Value,Offline,Sea Crew,2025-02-28,Wed,MNL,1,178.09,27.0,0
2025-03-09,CEB,DOM,MNL HUB,CEBMNL,PR  2880,Y,Economy Value,DOM,WEB/APP,2025-02-23,Sun,MNL,1,105.29,29.0,0
2025-03-01,IAO,DOM,MNL HUB,IAOMNL,PR  2974,W,Premium Economy,,Traditional Travel Agency,2025-01-19,Sat,IAO,2,342.06,56.0,1
2025-04-10,ZAM,DOM,MNL HUB,ZAMMNL,PR  2950,Y,Economy Value,DOM,Corporate Web Portal,2025-03-14,Thu,ZAM,1,91.49,42.0,0
2025-01-08,CEB,DOM,MNL HUB,MNLCEB,PR  2853,W,Premium Economy,DOM,WEB/APP,2024-11-03,Wed,CEB,1,135.3,81.0,0
2025-03-16,DVO,DOM,MNL HUB,MNLDVO,PR  1817,W,Premium Economy,DOM,WEB/APP,2025-03-06,Sun,DVO,3,109.62,25.0,1
2025-01-30,TAC,DOM,MNL HUB,TACMNL,PR  2986,Y,Economy Supersaver,DOM,WEB/APP,2024-11-19,Thu,MNL,1,38.72,87.0,0
2025-04-06,DVO,DOM,MNL HUB,DVOMNL,PR  1806,Y,Economy Saver,DOM,Traditional Travel Agency,2025-04-04,Sun,DVO,9,77.86,17.0,1
2025-01-21,GES,DOM,MNL HUB,MNLGES,PR  453,Y,Economy Supersaver,,Traditional Travel Agency,2024-09-26,Tue,HNL,2,74.96,132.0,1
2025-01-19,TUG,DOM,MNL HUB,MNLTUG,PR  2014,J,Economy Supersaver,DOM,Traditional Travel Agency,2025-01-10,Sun,MNL,3,40.4,24.0,1
2025-01-17,TAC,DOM,MNL HUB,MNLTAC,PR  2981,Y,Economy Supersaver,DOM,Traditional Travel Agency,2024-07-09,Fri,MNL,5,20.3,207.0,1
2025-04-26,ZAM,DOM,MNL HUB,MNLZAM,PR  2949,Y,Economy Value,DOM,WEB/APP,2025-04-08,Sat,ZAM,1,90.8,33.0,0
2025-04-04,CGY,DOM,MNL HUB,MNLCGY,PR  2527,J,Economy Saver,DOM,Traditional Travel Agency,2025-04-02,Fri,MNL,2,75.71,17.0,1
2025-04-30,CYZ,DOM,MNL HUB,MNLCYZ,PR  2018,J,Economy Supersaver,DOM,WEB/APP,2025-04-13,Wed,MNL,1,37.05,32.0,0
2025-04-12,ILO,DOM,MNL HUB,ILOMNL,PR  2146,J,Economy Supersaver,DOM,WEB/APP,2025-01-12,Sat,ILO,1,14.97,105.0,0
2025-02-14,GES,DOM,MNL HUB,GESMNL,PR  454,J,Economy Saver,DOM,Contact Center,2024-12-02,Fri,GES,1,68.96,89.0,0
2025-04-30,CBO,DOM,MNL HUB,CBOMNL,PR  2960,J,Economy Saver,DOM,OTA,2025-02-10,Wed,CBO,1,58.21,94.0,0
2025-04-26,CEB,DOM,MNL HUB,MNLCEB,PR  2867,Y,Economy Value,DOM,WEB/APP,2025-04-15,Sat,CEB,2,110.37,26.0,1
2025-02-24,DVO,DOM,MNL HUB,MNLDVO,PR  2821,W,Premium Economy,G.CN,Traditional Travel Agency,2025-02-24,Mon,MNL,1,339.55,15.0,0
2025-02-08,TAG,DOM,MNL HUB,MNLTAG,PR  2773,Y,Economy Saver,DOM,Ticket Office,2025-01-07,Sat,MNL,4,66.65,47.0,1
2025-01-20,CEB,DOM,MNL HUB,MNLCEB,PR  2867,Y,Economy Saver,DOM,WEB/APP,2024-12-22,Mon,CEB,1,70.49,44.0,0
2025-02-14,DGT,DOM,MNL HUB,MNLDGT,PR  2545,Y,Economy Supersaver,AUS,OTA,2025-01-13,Fri,DGT,1,31.32,47.0,0
2025-04-05,DRP,DOM,MNL HUB,DRPMNL,PR  2920,J,Economy Value,ME,Traditional Travel Agency,2025-03-11,Sat,DRP,1,137.8,40.0,0
2025-01-29,DRP,DOM,MNL HUB,DRPMNL,PR  2920,Y,Economy Value,DOM,Traditional Travel Agency,2025-01-28,Wed,DRP,2,113.92,16.0,1
2025-04-28,CEB,DOM,MNL HUB,CEBMNL,PR  1842,Y,Economy Saver,DOM,WEB/APP,2025-04-19,Mon,CEB,1,45.35,24.0,0
2025-03-04,IAO,DOM,MNL HUB,IAOMNL,PR  2972,J,Economy Saver,DOM,WEB/APP,2024-10-14,Tue,MNL,1,103.03,156.0,0
2025-03-12,BCD,DOM,MNL HUB,BCDMNL,PR  2132,Y,Economy Saver,,OTA,2025-03-06,Wed,BCD,2,54.94,21.0,1
2025-04-03,CGY,DOM,MNL HUB,MNLCGY,PR  2529,Y,Economy Supersaver,DOM,WEB/APP,2024-10-11,Thu,MNL,1,24.58,189.0,0
2025-02-15,CEB,DOM,MNL HUB,CEBMNL,PR  2860,Y,Economy Value,DOM,WEB/APP,2025-02-05,Sat,IAO,4,104.84,25.0,1
2025-03-30,ILO,DOM,MNL HUB,ILOMNL,PR  2148A,Y,Economy Saver,DOM,Corporate Web Portal,2025-03-12,Sun,MNL,1,63.86,33.0,0
2025-02-27,DRP,DOM,MNL HUB,DRPMNL,PR  2924,Y,Economy Saver,DOM,Traditional Travel Agency,2025-01-13,Thu,DRP,2,56.16,60.0,1
2025-01-30,DRP,DOM,MNL HUB,MNLDRP,PR  2925,J,Economy Supersaver,DOM,Ticket Office,2025-01-23,Thu,MNL,1,28.02,22.0,0
2025-02-01,GES,DOM,MNL HUB,GESMNL,PR  456,Y,Economy Value,Offline,Traditional Travel Agency,2024-10-06,Sat,KWI,1,37.67,133.0,0
2025-02-13,BCD,DOM,MNL HUB,BCDMNL,PR  2134,Y,Economy Flex,DOM,WEB/APP,2025-02-13,Thu,BCD,1,189.06,15.0,0
2025-04-22,DRP,DOM,MNL HUB,DRPMNL,PR  2924,Y,Economy Saver,KOR,Traditional Travel Agency,2025-04-03,Tue,DRP,1,95.2,34.0,0
2025-02-21,KLO,DOM,MNL HUB,KLOMNL,PR  2970,Y,Economy Supersaver,DOM,Traditional Travel Agency,2025-01-25,Fri,KLO,1,20.85,42.0,0
2025-04-30,GES,DOM,MNL HUB,GESMNL,PR  452,Y,Economy Saver,SEA,OTA,2025-04-08,Wed,GES,2,65.03,37.0,1
2025-04-06,BCD,DOM,MNL HUB,MNLBCD,PR  2137,Y,Economy Value,DOM,WEB/APP,2025-04-01,Sun,MNL,3,81.05,20.0,1
2025-01-18,BXU,DOM,MNL HUB,MNLBXU,PR  2967,Y,Economy Value,DOM,Traditional Travel Agency,2025-01-16,Sat,MNL,3,131.16,17.0,1
2025-04-11,DVO,DOM,MNL HUB,DVOMNL,PR  1818,Y,Economy Supersaver,,Traditional Travel Agency,2025-02-13,Fri,IAD,1,60.12,72.0,0
2025-01-20,CEB,DOM,MNL HUB,MNLCEB,PR  2853,Y,Economy Value,DOM,WEB/APP,2025-01-15,Mon,MNL,1,122.51,20.0,0
2025-04-25,TAG,DOM,MNL HUB,MNLTAG,PR  2773,Y,Economy Saver,,OTA,2025-01-07,Fri,YYZ,1,60.09,123.0,0
2025-04-25,DGT,DOM,MNL HUB,DGTMNL,PR  2546,Y,Economy Value,SEA,TMC,2025-04-14,Fri,MNL,1,143.03,26.0,0
2025-03-02,CEB,DOM,MNL HUB,CEBMNL,PR  2864,Y,Economy Supersaver,,Traditional Travel Agency,2024-11-25,Sun,CEB,2,25.54,112.0,1
2025-04-01,OZC,DOM,MNL HUB,OZCMNL,PR  2890,J,Economy Supersaver,DOM,WEB/APP,2024-10-20,Tue,OZC,3,25.23,178.0,1
2025-02-25,OZC,DOM,MNL HUB,OZCMNL,PR  2890,Y,Economy Value,DOM,Traditional Travel Agency,2025-02-19,Tue,OZC,1,110.13,21.0,0
2025-01-25,BXU,DOM,MNL HUB,MNLBXU,PR  2967,Y,Economy Supersaver,DOM,WEB/APP,2025-01-09,Sat,MNL,2,52.51,31.0,1
2025-01-04,TAG,DOM,MNL HUB,TAGMNL,PR  2774,Y,Economy Value,DOM,WEB/APP,2024-11-24,Sat,TAG,2,144.23,56.0,1
2025-02-02,DVO,DOM,MNL HUB,MNLDVO,PR  2817,J,Economy Flex,DOM,Traditional Travel Agency,2025-01-21,Sun,MNL,1,221.43,27.0,0
2025-03-01,TAG,DOM,MNL HUB,MNLTAG,PR  2771,Y,Economy Supersaver,DOM,Traditional Travel Agency,2024-12-25,Sat,MNL,2,20.91,81.0,1
2025-03-25,CGY,DOM,MNL HUB,MNLCGY,PR  2521,J,Economy Saver,DOM,Corporate Web Portal,2025-03-14,Tue,CGY,1,69.95,26.0,0
2025-01-18,TUG,DOM,MNL HUB,TUGMNL,PR  2015,J,Economy Value,DOM,WEB/APP,2025-01-16,Sat,TUG,1,79.15,17.0,0
2025-03-21,CGY,DOM,MNL HUB,MNLCGY,PR  2521,Y,Economy Supersaver,,Traditional Travel Agency,2024-09-03,Fri,LAS,1,45.25,214.0,0
2025-04-24,GES,DOM,MNL HUB,GESMNL,PR  454,Y,Economy Value,DOM,Traditional Travel Agency,2025-04-14,Thu,MNL,2,146.77,25.0,1
2025-01-30,ILO,DOM,MNL HUB,MNLILO,PR  2139,Y,Economy Supersaver,DOM,Traditional Travel Agency,2025-01-26,Thu,MNL,1,23.21,19.0,0
2025-02-20,USU,DOM,MNL HUB,MNLUSU,PR  2961,Y,Economy Value,DOM,Traditional Travel Agency,2025-01-16,Thu,MNL,4,171.17,50.0,1
2025-04-07,DVO,DOM,MNL HUB,DVOMNL,PR  1814,Y,Economy Supersaver,DOM,WEB/APP,2025-03-13,Mon,MNL,1,39.3,40.0,0
2025-04-10,BXU,DOM,MNL HUB,BXUMNL,PR  2968,J,Economy Supersaver,DOM,Traditional Travel Agency,2025-04-01,Thu,BXU,2,44.01,24.0,1
2025-04-12,OZC,DOM,MNL HUB,MNLOZC,PR  2889,Y,Economy Value,DOM,Traditional Travel Agency,2025-03-06,Sat,OZC,1,99.02,52.0,0
2025-02-03,MPH,DOM,MNL HUB,MPHMNL,PR  2044,W,Premium Economy,DOM,WEB/APP,2025-01-14,Mon,MNL,2,153.03,35.0,1
2025-04-27,TAC,DOM,MNL HUB,TACMNL,PR  2986,Y,Economy Flex,DOM,Contact Center,2025-04-26,Sun,TAC,1,220.51,16.0,0
2025-02-12,CEB,DOM,MNL HUB,MNLCEB,PR  2869,Y,Economy Saver,DOM,Traditional Travel Agency,2025-02-12,Wed,MNL,8,69.98,15.0,1
2025-02-25,DVO,DOM,MNL HUB,DVOMNL,PR  2808,Y,Economy Saver,DOM,Traditional Travel Agency,2025-02-08,Tue,DVO,1,48.59,32.0,0
2025-03-20,CEB,DOM,MNL HUB,CEBMNL,PR  2880,J,Economy Value,DOM,WEB/APP,2025-03-20,Thu,CEB,1,110.02,15.0,0
2025-04-07,CEB,DOM,MNL HUB,MNLCEB,PR  1863,J,Economy Saver,DOM,Traditional Travel Agency,2025-04-04,Mon,MNL,4,73.74,18.0,1
2025-02-25,DVO,DOM,MNL HUB,MNLDVO,PR  2815,Y,Economy Saver,G.CN,OTA,2025-02-25,Tue,MNL,1,147.95,15.0,0
2025-03-14,MPH,DOM,MNL HUB,MPHMNL,PR  2046,J,Economy Saver,DOM,WEB/APP,2024-12-12,Fri,MNL,1,64.44,107.0,0
2025-03-17,MPH,DOM,MNL HUB,MNLMPH,PR  2047,J,Economy Supersaver,DOM,Traditional Travel Agency,2025-01-06,Mon,MNL,1,26.43,85.0,0
2025-03-17,DVO,DOM,MNL HUB,MNLDVO,PR  2815,Y,Economy Saver,DOM,Traditional Travel Agency,2024-09-13,Mon,DVO,1,124.16,200.0,0
2025-01-11,CEB,DOM,MNL HUB,MNLCEB,PR  2861,Y,Economy Supersaver,DOM,WEB/APP,2025-01-03,Sat,CEB,2,36.79,23.0,1
2025-03-14,TAC,DOM,MNL HUB,TACMNL,PR  2982,J,Economy Supersaver,DOM,Traditional Travel Agency,2025-01-12,Fri,TAC,2,13.85,76.0,1
2025-03-27,GES,DOM,MNL HUB,MNLGES,PR  455,J,Economy Saver,,OTA,2025-03-25,Thu,MNL,1,135.2,17.0,0
2025-04-10,DGT,DOM,MNL HUB,MNLDGT,PR  2545,Y,Economy Flex,DOM,Ticket Office,2025-04-09,Thu,MNL,1,178.87,16.0,0
2025-02-21,BCD,DOM,MNL HUB,BCDMNL,PR  2132,Y,Economy Flex,DOM,Traditional Travel Agency,2025-02-12,Fri,MNL,1,183.3,24.0,0
2025-03-27,GES,DOM,MNL HUB,MNLGES,PR  455,Y,Economy Supersaver,DOM,WEB/APP,2025-02-27,Thu,MNL,1,47.17,43.0,0
2025-04-05,PPS,DOM,MNL HUB,MNLPPS,PR  2781,Y,Economy Saver,SEA,OTA,2025-04-03,Sat,MNL,3,120.88,17.0,1
2025-01-18,DVO,DOM,MNL HUB,MNLDVO,PR  1809,Y,Economy Supersaver,DOM,WEB/APP,2024-12-14,Sat,MNL,1,29.02,50.0,0
2025-03-30,BCD,DOM,MNL HUB,BCDMNL,PR  2138,J,Economy Value,DOM,Ticket Office,2025-03-29,Sun,BCD,1,80.18,16.0,0
2025-01-22,BCD,DOM,MNL HUB,MNLBCD,PR  2137,Y,Economy Saver,AUS,Traditional Travel Agency,2025-01-02,Wed,SYD,1,51.6,35.0,0
2025-04-01,CGY,DOM,MNL HUB,MNLCGY,PR  2519,W,Premium Economy,DOM,WEB/APP,2025-03-31,Tue,MNL,1,247.82,16.0,0
2025-04-04,USU,DOM,MNL HUB,USUMNL,PR  2964,J,Economy Value,DOM,WEB/APP,2024-12-11,Fri,USU,1,146.08,129.0,0
2025-04-08,DGT,DOM,MNL HUB,MNLDGT,PR  2543,Y,Economy Flex,DOM,Traditional Travel Agency,2025-04-07,Tue,MNL,1,160.72,16.0,0
2025-04-12,CEB,DOM,MNL HUB,CEBMNL,PR  2854,Y,Economy Flex,DOM,Ticket Office,2025-04-10,Sat,MNL,2,222.48,17.0,1
2025-01-06,CEB,DOM,MNL HUB,CEBMNL,PR  1842,J,Economy Value,,Contact Center,2024-09-05,Mon,CEB,1,191.24,138.0,0
2025-04-11,GES,DOM,MNL HUB,GESMNL,PR  454,W,Premium Economy,DOM,WEB/APP,2025-04-02,Fri,MNL,1,192.9,24.0,0
2025-02-24,CEB,DOM,MNL HUB,MNLCEB,PR  2853,Y,Economy Value,,Sea Crew,2025-02-19,Mon,MNL,1,215.8,20.0,0
2025-04-23,ILO,DOM,MNL HUB,ILOMNL,PR  2146,Y,Economy Supersaver,DOM,WEB/APP,2024-11-13,Wed,MNL,1,16.29,176.0,0
2025-03-18,DVO,DOM,MNL HUB,MNLDVO,PR  2823,J,Economy Supersaver,SEA,OTA,2024-12-19,Tue,DVO,2,37.27,104.0,1
2025-01-24,USU,DOM,MNL HUB,USUMNL,PR  2966,Y,Economy Supersaver,DOM,Traditional Travel Agency,2024-11-08,Fri,USU,2,74.23,92.0,1
2025-04-27,MPH,DOM,MNL HUB,MPHMNL,PR  2046,Y,Economy Flex,DOM,Ticket Office,2025-02-17,Sun,MNL,6,183.19,84.0,1
2025-01-01,GES,DOM,MNL HUB,GESMNL,PR  456,Y,Economy Saver,DOM,WEB/APP,2024-09-17,Wed,MNL,4,74.61,121.0,1
2025-02-26,PPS,DOM,MNL HUB,MNLPPS,PR  2779,W,Premium Economy,DOM,Contact Center,2025-02-21,Wed,MNL,2,218.43,20.0,1
2025-02-06,CEB,DOM,MNL HUB,MNLCEB,PR  2845,Y,Economy Saver,SEA,OTA,2024-12-16,Thu,BKK,1,61.57,67.0,0
2025-04-10,DVO,DOM,MNL HUB,DVOMNL,PR  1806,Y,Economy Saver,DOM,Traditional Travel Agency,2025-04-02,Thu,MNL,1,62.03,23.0,0
2025-01-23,DPL,DOM,MNL HUB,DPLMNL,PR  2558,J,Economy Value,DOM,Traditional Travel Agency,2025-01-16,Thu,MNL,2,129.31,22.0,1
2025-01-31,DGT,DOM,MNL HUB,DGTMNL,PR  2544,Y,Economy Value,DOM,OTA,2025-01-30,Fri,DGT,1,124.92,16.0,0
2025-03-20,BCD,DOM,MNL HUB,MNLBCD,PR  2129,J,Economy Saver,DOM,Ticket Office,2025-03-17,Thu,MNL,4,64.49,18.0,1
2025-01-16,TAC,DOM,MNL HUB,MNLTAC,PR  2981,Y,Economy Supersaver,DOM,Traditional Travel Agency,2024-05-17,Thu,MNL,1,21.79,259.0,0
2025-02-06,CBO,DOM,MNL HUB,CBOMNL,PR  2958,Y,Economy Saver,DOM,Traditional Travel Agency,2025-01-11,Thu,CBO,3,55.2,41.0,1
2025-02-13,MPH,DOM,MNL HUB,MNLMPH,PR  2047,J,Economy Flex,DOM,Ticket Office,2025-02-13,Thu,MNL,2,171.81,15.0,1
2025-03-24,MPH,DOM,MNL HUB,MPHMNL,PR  2046,Y,Economy Supersaver,DOM,WEB/APP,2024-07-19,Mon,MNL,1,24.91,263.0,0
2025-01-24,PPS,DOM,MNL HUB,MNLPPS,PR  2785,Y,Economy Saver,DOM,WEB/APP,2024-10-27,Fri,MNL,1,69.93,104.0,0
2025-01-16,ILO,DOM,MNL HUB,MNLILO,PR  2147,Y,Economy Supersaver,DOM,WEB/APP,2025-01-10,Thu,MNL,1,33.48,21.0,0
2025-01-04,BCD,DOM,MNL HUB,MNLBCD,PR  2135,Y,Economy Flex,G.CN,OTA,2024-11-23,Sat,BCD,2,260.64,57.0,1
2025-04-07,DVO,DOM,MNL HUB,MNLDVO,PR  1805,J,Economy Supersaver,DOM,OTA,2025-02-14,Mon,MNL,1,32.5,67.0,0
2025-03-15,PPS,DOM,MNL HUB,PPSMNL,PR  2780,J,Economy Supersaver,DOM,WEB/APP,2025-02-22,Sat,PPS,2,27.03,36.0,1
2025-03-19,BSO,DOM,MNL HUB,MNLBSO,PR  2932,W,Premium Economy,DOM,WEB/APP,2025-03-08,Wed,MNL,1,323.06,26.0,0
2025-02-27,CEB,DOM,MNL HUB,CEBMNL,PR  2864,J,Economy Saver,DOM,WEB/APP,2025-02-21,Thu,CEB,1,60.51,21.0,0
2025-01-17,CGY,DOM,MNL HUB,MNLCGY,PR  2527,Y,Economy Saver,DOM,WEB/APP,2025-01-06,Fri,MNL,2,59.08,26.0,1
2025-01-08,CGY,DOM,MNL HUB,MNLCGY,PR  2529,J,Economy Supersaver,DOM,WEB/APP,2024-11-30,Wed,MNL,1,41.87,54.0,0
2025-04-30,CEB,DOM,MNL HUB,CEBMNL,PR  1852,W,Premium Economy,Offline,TMC,2025-04-22,Wed,BCD,1,312.52,23.0,0
2025-04-04,DVO,DOM,MNL HUB,MNLDVO,PR  2821,J,Economy Value,DOM,Ticket Office,2025-02-18,Fri,MNL,1,123.59,60.0,0
2025-04-10,TAG,DOM,MNL HUB,MNLTAG,PR  2771,Y,Economy Saver,DOM,OTA,2025-03-10,Thu,MNL,2,44.94,46.0,1
2025-01-24,CGY,DOM,MNL HUB,CGYMNL,PR  2520,Y,Economy Flex,DOM,Traditional Travel Agency,2025-01-19,Fri,CGY,1,150.19,20.0,0
2025-01-23,LAO,DOM,MNL HUB,LAOMNL,PR  2199,Y,Economy Supersaver,DOM,Traditional Travel Agency,2025-01-05,Thu,LAO,5,32.28,33.0,1
2025-02-28,DVO,DOM,MNL HUB,DVOMNL,PR  2812,Y,Economy Flex,KOR,Traditional Travel Agency,2025-01-24,Fri,MNL,2,238.25,50.0,1
2025-04-21,PPS,DOM,MNL HUB,MNLPPS,PR  2779,W,Premium Economy,DOM,Ticket Office,2025-04-21,Mon,MNL,1,222.76,15.0,0
2025-01-20,CEB,DOM,MNL HUB,MNLCEB,PR  2869,Y,Economy Supersaver,DOM,Sea Crew,2025-01-11,Mon,MNL,1,38.66,24.0,0
2025-03-01,CGY,DOM,MNL HUB,MNLCGY,PR  2519,Y,Economy Supersaver,DOM,Traditional Travel Agency,2025-01-16,Sat,MNL,1,21.1,59.0,0
2025-02-03,MPH,DOM,MNL HUB,MPHMNL,PR  2038,Y,Economy Value,DOM,Traditional Travel Agency,2025-01-21,Mon,MNL,2,127.13,28.0,1
2025-01-08,CEB,DOM,MNL HUB,CEBMNL,PR  2836,Y,Economy Supersaver,DOM,WEB/APP,2024-12-30,Wed,CEB,1,43.59,24.0,0
2025-04-26,DRP,DOM,MNL HUB,DRPMNL,PR  2920,Y,Economy Flex,DOM,WEB/APP,2025-04-24,Sat,DRP,1,123.63,17.0,0
2025-01-08,BCD,DOM,MNL HUB,BCDMNL,PR  2134,Y,Economy Saver,DOM,WEB/APP,2024-08-11,Wed,BCD,2,55.94,165.0,1
2025-03-02,ILO,DOM,MNL HUB,MNLILO,PR  2147,Y,Economy Supersaver,DOM,Traditional Travel Agency,2025-02-22,Sun,MNL,5,17.53,23.0,1
2025-04-09,DVO,DOM,MNL HUB,MNLDVO,PR  2811,Y,Economy Supersaver,DOM,OTA,2025-03-19,Wed,MNL,1,40.57,36.0,0
2025-01-16,BCD,DOM,MNL HUB,MNLBCD,PR  2133,J,Economy Value,DOM,WEB/APP,2025-01-10,Thu,BCD,4,76.4,21.0,1
2025-02-07,USU,DOM,MNL HUB,MNLUSU,PR  2961,Y,Economy Saver,Offline,OTA,2025-01-31,Fri,DPS,1,51.39,22.0,0
2025-04-02,ILO,DOM,MNL HUB,ILOMNL,PR  2148,Y,Economy Supersaver,DOM,OTA,2025-03-25,Wed,ILO,3,21.36,23.0,1
2025-03-29,GES,DOM,MNL HUB,MNLGES,PR  453,Y,Economy Saver,DOM,WEB/APP,2025-03-25,Sat,MNL,6,96.97,19.0,1
2025-04-04,DVO,DOM,MNL HUB,MNLDVO,PR  1801,Y,Economy Saver,DOM,WEB/APP,2025-03-28,Fri,DVO,4,77.06,22.0,1
2025-01-03,CEB,DOM,MNL HUB,MNLCEB,PR  2857,J,Economy Saver,DOM,WEB/APP,2024-12-24,Fri,MNL,1,74.1,25.0,0
2025-01-02,BCD,DOM,MNL HUB,MNLBCD,PR  2129,Y,Economy Saver,DOM,WEB/APP,2024-09-26,Thu,BCD,1,54.15,113.0,0
2025-03-07,ILO,DOM,MNL HUB,MNLILO,PR  2143,Y,Economy Value,DOM,WEB/APP,2025-03-05,Fri,MNL,3,102.54,17.0,1
2025-01-14,CEB,DOM,MNL HUB,MNLCEB,PR  1859,J,Economy Saver,DOM,Sea Crew,2024-12-13,Tue,CEB,1,71.59,47.0,0
2025-02-04,DVO,DOM,MNL HUB,DVOMNL,PR  2824,J,Economy Supersaver,DOM,WEB/APP,2025-01-18,Tue,DVO,1,34.29,32.0,0
2025-01-28,TAC,DOM,MNL HUB,TACMNL,PR  2982,J,Economy Supersaver,DOM,WEB/APP,2024-10-10,Tue,TAC,3,16.58,125.0,1
2025-04-23,DVO,DOM,MNL HUB,MNLDVO,PR  2821,W,Premium Economy,,Sea Crew,2025-04-23,Wed,MNL,1,331.38,15.0,0
2025-03-15,PPS,DOM,MNL HUB,PPSMNL,PR  2788,J,Economy Saver,KOR,GSA/DSA,2024-11-12,Sat,ICN,2,50.02,138.0,1
2025-04-29,GES,DOM,MNL HUB,MNLGES,PR  453,J,Economy Supersaver,DOM,OTA,2025-02-06,Tue,MNL,2,28.42,97.0,1
2025-03-10,CGY,DOM,MNL HUB,MNLCGY,PR  2527,Y,Economy Saver,DOM,WEB/APP,2025-02-23,Mon,CGY,1,69.23,30.0,0
2025-04-10,BCD,DOM,MNL HUB,MNLBCD,PR  2133,Y,Economy Flex,DOM,Traditional Travel Agency,2025-04-08,Thu,MNL,3,182.48,17.0,1
2025-04-07,RXS,DOM,MNL HUB,RXSMNL,PR  2204,Y,Economy Value,DOM,WEB/APP,2025-04-02,Mon,RXS,3,97.63,20.0,1
2025-02-04,CEB,DOM,MNL HUB,MNLCEB,PR  1861,Y,Economy Supersaver,DOM,WEB/APP,2025-01-12,Tue,CEB,1,36.87,38.0,0
2025-04-02,DVO,DOM,MNL HUB,DVOMNL,PR  1804,Y,Economy Value,DOM,WEB/APP,2025-03-31,Wed,DVO,3,95.43,17.0,1
2025-01-29,MPH,DOM,MNL HUB,MPHMNL,PR  2040,Y,Economy Saver,AUS,OTA,2025-01-08,Wed,MPH,2,66.21,36.0,1
2025-02-08,CEB,DOM,MNL HUB,CEBMNL,PR  1842,Y,Economy Supersaver,DOM,Traditional Travel Agency,2025-02-05,Sat,CEB,2,61.31,18.0,1
2025-01-11,DVO,DOM,MNL HUB,DVOMNL,PR  2816,W,Premium Economy,DOM,Ticket Office,2025-01-09,Sat,DVO,1,191.45,17.0,0
2025-02-14,DVO,DOM,MNL HUB,MNLDVO,PR  2825,Y,Economy Supersaver,DOM,Traditional Travel Agency,2024-12-02,Fri,MNL,5,24.02,89.0,1
2025-04-26,OZC,DOM,MNL HUB,OZCMNL,PR  2890,J,Economy Saver,DOM,OTA,2025-04-06,Sat,OZC,1,87.36,35.0,0
2025-02-17,RXS,DOM,MNL HUB,RXSMNL,PR  2204,Y,Economy Saver,DOM,WEB/APP,2025-02-12,Mon,RXS,3,54.18,20.0,1
2025-02-16,CEB,DOM,MNL HUB,MNLCEB,PR  2867,Y,Economy Supersaver,DOM,Contact Center,2024-07-20,Sun,CEB,2,28.18,226.0,1
2025-03-06,CEB,DOM,MNL HUB,CEBMNL,PR  2836,Y,Economy Supersaver,DOM,Traditional Travel Agency,2025-02-11,Thu,CEB,1,23.31,38.0,0
2025-04-04,BCD,DOM,MNL HUB,BCDMNL,PR  2132,Y,Economy Saver,DOM,WEB/APP,2024-11-11,Fri,BCD,1,67.41,159.0,0
2025-04-02,CEB,DOM,MNL HUB,CEBMNL,PR  2846,Y,Economy Saver,DOM,Traditional Travel Agency,2025-03-25,Wed,CEB,1,73.6,23.0,0
2025-04-11,LAO,DOM,MNL HUB,MNLLAO,PR  2196,Y,Economy Supersaver,,Contact Center,2025-02-21,Fri,IND,2,33.26,64.0,1
2025-04-09,BXU,DOM,MNL HUB,BXUMNL,PR  2968,J,Economy Supersaver,DOM,Traditional Travel Agency,2025-03-21,Wed,BXU,2,44.82,34.0,1
2025-04-12,TAG,DOM,MNL HUB,MNLTAG,PR  2771,Y,Economy Saver,DOM,WEB/APP,2025-03-10,Sat,MNL,2,66.42,48.0,1
2025-03-11,TUG,DOM,MNL HUB,MNLTUG,PR  2014,Y,Economy Supersaver,DOM,Ticket Office,2025-02-14,Tue,MNL,2,35.84,40.0,1
2025-04-05,DVO,DOM,MNL HUB,MNLDVO,PR  1815,Y,Economy Saver,DOM,WEB/APP,2025-03-06,Sat,MNL,1,63.66,45.0,0
2025-04-10,DRP,DOM,MNL HUB,DRPMNL,PR  2920,Y,Economy Supersaver,DOM,OTA,2025-03-20,Thu,DRP,1,35.27,36.0,0
2025-04-09,ILO,DOM,MNL HUB,ILOMNL,PR  2140,Y,Economy Supersaver,DOM,Traditional Travel Agency,2025-02-17,Wed,ILO,1,16.08,66.0,0
2025-04-11,CGY,DOM,MNL HUB,MNLCGY,PR  2527,Y,Economy Saver,SEA,OTA,2025-02-27,Fri,HKG,1,54.65,58.0,0
2025-04-03,DGT,DOM,MNL HUB,DGTMNL,PR  2544,Y,Economy Saver,Offline,Traditional Travel Agency,2025-02-02,Thu,MNL,1,136.35,75.0,0
2025-03-14,CEB,DOM,MNL HUB,CEBMNL,PR  1862,W,Premium Economy,Offline,Sea Crew,2025-03-14,Fri,CEB,1,311.85,15.0,0
2025-04-07,DRP,DOM,MNL HUB,DRPMNL,PR  2922,Y,Economy Value,DOM,WEB/APP,2025-04-05,Mon,DRP,3,98.74,17.0,1
2025-02-16,BCD,DOM,MNL HUB,MNLBCD,PR  2131,J,Economy Value,DOM,WEB/APP,2025-02-01,Sun,MNL,7,103.78,30.0,1
2025-01-03,DVO,DOM,MNL HUB,MNLDVO,PR  2821,Y,Economy Value,DOM,Corporate Web Portal,2024-12-20,Fri,DVO,1,94.46,29.0,0
2025-03-02,ZAM,DOM,MNL HUB,ZAMMNL,PR  2950,Y,Economy Saver,DOM,Traditional Travel Agency,2025-02-20,Sun,ZAM,1,70.03,25.0,0
2025-04-11,CBO,DOM,MNL HUB,CBOMNL,PR  2960,Y,Economy Saver,DOM,Traditional Travel Agency,2025-03-21,Fri,MNL,3,82.03,36.0,1
2025-03-17,CEB,DOM,MNL HUB,MNLCEB,PR  1845,Y,Economy Value,DOM,Ticket Office,2025-02-24,Mon,MNL,5,96.31,36.0,1
2025-04-06,CEB,DOM,MNL HUB,CEBMNL,PR  1864,Y,Economy Supersaver,DOM,WEB/APP,2025-02-15,Sun,CEB,10,32.62,65.0,1
2025-03-19,MPH,DOM,MNL HUB,MPHMNL,PR  2038,Y,Economy Saver,DOM,Traditional Travel Agency,2025-03-13,Wed,MPH,8,64.72,21.0,1
2025-04-30,DVO,DOM,MNL HUB,MNLDVO,PR  2821,J,Economy Saver,DOM,OTA,2025-04-07,Wed,MNL,1,73.25,38.0,0
2025-01-14,DPL,DOM,MNL HUB,DPLMNL,PR  2558,Y,Economy Saver,DOM,WEB/APP,2024-12-10,Tue,DPL,1,56.9,50.0,0
2025-03-30,ZAM,DOM,MNL HUB,ZAMMNL,PR  2950,Y,Economy Saver,AUS,OTA,2025-02-11,Sun,ZAM,2,75.02,62.0,1
2025-03-26,GES,DOM,MNL HUB,MNLGES,PR  455,Y,Economy Saver,Offline,Traditional Travel Agency,2025-02-01,Wed,MNL,1,122.86,68.0,0
2025-03-15,TAG,DOM,MNL HUB,MNLTAG,PR  2771,Y,Economy Supersaver,DOM,Traditional Travel Agency,2025-01-16,Sat,MNL,4,30.1,73.0,1
2025-03-21,IAO,DOM,MNL HUB,IAOMNL,PR  2974,Y,Economy Saver,AUS,OTA,2025-02-07,Fri,IAO,1,55.71,57.0,0
2025-04-12,ILO,DOM,MNL HUB,ILOMNL,PR  2144,Y,Economy Value,,Traditional Travel Agency,2025-01-27,Sat,ILO,3,177.04,90.0,1
2025-01-12,ILO,DOM,MNL HUB,ILOMNL,PR  2144,Y,Economy Supersaver,DOM,WEB/APP,2024-06-15,Sun,MNL,1,29.0,226.0,0
2025-03-03,BCD,DOM,MNL HUB,MNLBCD,PR  2131,Y,Economy Value,DOM,Ticket Office,2025-03-02,Mon,MNL,2,102.91,16.0,1
2025-04-27,MPH,DOM,MNL HUB,MNLMPH,PR  2035,Y,Economy Supersaver,,Contact Center,2024-08-08,Sun,MNL,2,31.3,277.0,1
2025-04-03,DPL,DOM,MNL HUB,MNLDPL,PR  2557,Y,Economy Value,DOM,WEB/APP,2025-03-28,Thu,MNL,5,119.49,21.0,1
2025-03-24,TAC,DOM,MNL HUB,MNLTAC,PR  2985,Y,Economy Value,DOM,Contact Center,2025-03-18,Mon,MNL,1,111.13,21.0,0
2025-04-04,DRP,DOM,MNL HUB,DRPMNL,PR  2922,J,Economy Saver,DOM,Ticket Office,2025-03-25,Fri,DRP,1,72.19,25.0,0
2025-04-29,MPH,DOM,MNL HUB,MPHMNL,PR  2042,Y,Economy Value,,Traditional Travel Agency,2025-04-28,Tue,MPH,3,146.27,16.0,1
2025-03-29,DRP,DOM,MNL HUB,DRPMNL,PR  2924,Y,Economy Value,DOM,WEB/APP,2025-03-28,Sat,DRP,1,108.25,16.0,0
2025-01-02,DVO,DOM,MNL HUB,DVOMNL,PR  2816,J,Economy Value,DOM,Contact Center,2024-11-16,Thu,MNL,1,120.37,62.0,0
2025-04-11,CEB,DOM,MNL HUB,MNLCEB,PR  2849,Y,Economy Value,JAP,Traditional Travel Agency,2025-03-25,Fri,NRT,1,142.74,32.0,0
2025-04-24,DGT,DOM,MNL HUB,MNLDGT,PR  2543,Y,Economy Value,DOM,WEB/APP,2025-03-27,Thu,MNL,1,101.32,43.0,0
2025-04-02,DRP,DOM,MNL HUB,DRPMNL,PR  2920,Y,Economy Value,DOM,WEB/APP,2025-03-22,Wed,DRP,2,81.66,26.0,1
2025-04-02,CYZ,DOM,MNL HUB,MNLCYZ,PR  2018,Y,Economy Supersaver,DOM,WEB/APP,2025-03-06,Wed,MNL,1,24.57,42.0,0
2025-03-15,ILO,DOM,MNL HUB,ILOMNL,PR  2146,J,Economy Saver,DOM,WEB/APP,2025-03-12,Sat,ILO,1,79.43,18.0,0
2025-01-17,CEB,DOM,MNL HUB,MNLCEB,PR  2863,Y,Economy Value,DOM,Traditional Travel Agency,2025-01-08,Fri,CEB,1,106.7,24.0,0
2025-02-07,CEB,DOM,MNL HUB,MNLCEB,PR  1845,J,Economy Supersaver,DOM,Ticket Office,2025-01-20,Fri,MNL,1,37.49,33.0,0
2025-01-04,KLO,DOM,MNL HUB,MNLKLO,PR  2969,Y,Economy Saver,DOM,Sea Crew,2024-12-29,Sat,MNL,2,58.44,21.0,1
2025-04-06,DVO,DOM,MNL HUB,DVOMNL,PR  1804,Y,Economy Value,AUS,OTA,2025-02-20,Sun,DVO,1,91.56,60.0,0
2025-02-27,CEB,DOM,MNL HUB,CEBMNL,PR  2850,Y,Economy Value,DOM,WEB/APP,2025-02-21,Thu,MNL,3,120.57,21.0,1
2025-03-12,BCD,DOM,MNL HUB,BCDMNL,PR  2138,Y,Economy Supersaver,DOM,Traditional Travel Agency,2025-03-05,Wed,BCD,1,31.81,22.0,0
2025-02-27,DGT,DOM,MNL HUB,MNLDGT,PR  2543,Y,Economy Value,DOM,Traditional Travel Agency,2025-02-19,Thu,MNL,1,96.05,23.0,0
2025-02-24,DVO,DOM,MNL HUB,MNLDVO,PR  2823,Y,Economy Saver,G.CN,OTA,2025-02-22,Mon,JJN,2,84.02,17.0,1
2025-03-10,ILO,DOM,MNL HUB,MNLILO,PR  2143,Y,Economy Value,ME,WEB/APP,2025-03-08,Mon,DXB,1,69.37,17.0,0
2025-04-04,IAO,DOM,MNL HUB,MNLIAO,PR  2973,Y,Economy Saver,SEA,OTA,2025-03-26,Fri,KUL,1,73.27,24.0,0
2025-04-30,MPH,DOM,MNL HUB,MPHMNL,PR  2034,Y,Economy Flex,,Ticket Office,2025-04-26,Wed,MNL,3,177.41,19.0,1
2025-02-26,DVO,DOM,MNL HUB,DVOMNL,PR  2808,J,Business Flex,,Contact Center,2024-12-09,Wed,MNL,1,355.57,94.0,0
2025-03-28,DVO,DOM,MNL HUB,MNLDVO,PR  1805,Y,Economy Saver,DOM,WEB/APP,2025-02-18,Fri,DVO,1,66.35,53.0,0
2025-03-30,USU,DOM,MNL HUB,MNLUSU,PR  2965,Y,Economy Flex,,Traditional Travel Agency,2025-02-12,Sun,MNL,2,236.18,61.0,1
2025-01-15,GES,DOM,MNL HUB,MNLGES,PR  2455,J,Economy Supersaver,DOM,Ticket Office,2024-09-08,Wed,GES,1,47.64,144.0,0
2025-04-04,DVO,DOM,MNL HUB,DVOMNL,PR  1802,Y,Economy Value,DOM,Contact Center,2025-03-26,Fri,DVO,2,98.07,24.0,1
2025-04-09,CGY,DOM,MNL HUB,CGYMNL,PR  2528,Y,Economy Saver,DOM,WEB/APP,2025-04-02,Wed,CGY,2,57.36,22.0,1
2025-02-07,CEB,DOM,MNL HUB,MNLCEB,PR  2849,Y,Economy Value,DOM,Traditional Travel Agency,2025-01-30,Fri,MNL,1,106.27,23.0,0
2025-04-28,CEB,DOM,MNL HUB,CEBMNL,PR  1852,Y,Economy Value,DOM,Corporate Web Portal,2025-04-08,Mon,CEB,1,99.13,35.0,0
2025-01-12,DVO,DOM,MNL HUB,DVOMNL,PR  2808,W,Premium Economy,DOM,Contact Center,2025-01-08,Sun,DVO,1,202.02,19.0,0
2025-04-21,USU,DOM,MNL HUB,USUMNL,PR  2962,Y,Economy Saver,DOM,WEB/APP,2025-03-28,Mon,USU,1,36.4,39.0,0
2025-02-14,DRP,DOM,MNL HUB,MNLDRP,PR  2921,Y,Economy Supersaver,DOM,WEB/APP,2025-01-05,Fri,MNL,1,32.05,55.0,0
2025-03-19,MPH,DOM,MNL HUB,MPHMNL,PR  2042,J,Economy Saver,DOM,WEB/APP,2025-03-07,Wed,MPH,2,76.63,27.0,1
2025-04-21,CEB,DOM,MNL HUB,MNLCEB,PR  1863,Y,Economy Saver,SEA,WEB/APP,2025-01-24,Mon,KUL,1,53.25,102.0,0
2025-04-09,DVO,DOM,MNL HUB,DVOMNL,PR  2824,Y,Economy Saver,DOM,WEB/APP,2025-04-06,Wed,DVO,6,62.54,18.0,1
2025-04-07,DRP,DOM,MNL HUB,DRPMNL,PR  2920,J,Economy Value,DOM,WEB/APP,2025-04-07,Mon,DRP,1,117.32,15.0,0
2025-04-10,CGY,DOM,MNL HUB,CGYMNL,PR  2520,Y,Economy Value,DOM,Traditional Travel Agency,2025-04-09,Thu,CGY,2,112.61,16.0,1
2025-02-05,CEB,DOM,MNL HUB,MNLCEB,PR  2853,Y,Economy Saver,Offline,Traditional Travel Agency,2025-01-10,Wed,KWI,1,5.64,41.0,0
2025-01-17,TAC,DOM,MNL HUB,MNLTAC,PR  2985,J,Economy Saver,DOM,Traditional Travel Agency,2024-12-14,Fri,MNL,1,105.78,49.0,0
2025-02-22,CEB,DOM,MNL HUB,CEBMNL,PR  2854,Y,Economy Saver,DOM,Contact Center,2025-01-15,Sat,CEB,1,68.78,53.0,0
2025-04-08,GES,DOM,MNL HUB,MNLGES,PR  453,J,Business Flex,,TMC,2025-04-07,Tue,MNL,1,369.15,16.0,0
2025-03-25,MPH,DOM,MNL HUB,MPHMNL,PR  2044,Y,Economy Value,DOM,Traditional Travel Agency,2025-03-24,Tue,MNL,1,126.3,16.0,0
2025-02-08,CEB,DOM,MNL HUB,CEBMNL,PR  2864,Y,Economy Saver,AUS,OTA,2024-03-22,Sat,YVR,1,62.2,338.0,0
2025-03-14,DRP,DOM,MNL HUB,DRPMNL,PR  2924,Y,Economy Supersaver,DOM,WEB/APP,2025-02-09,Fri,DRP,1,42.62,48.0,0
2025-04-02,BXU,DOM,MNL HUB,MNLBXU,PR  2967,Y,Economy Flex,DOM,Traditional Travel Agency,2025-03-31,Wed,MNL,2,149.42,17.0,1
2025-04-03,MPH,DOM,MNL HUB,MNLMPH,PR  2047,Y,Economy Saver,DOM,Ticket Office,2025-03-24,Thu,MNL,1,97.17,25.0,0
2025-02-05,DRP,DOM,MNL HUB,DRPMNL,PR  2920,Y,Economy Supersaver,DOM,WEB/APP,2025-01-23,Wed,DRP,1,19.98,28.0,0
2025-01-22,DVO,DOM,MNL HUB,MNLDVO,PR  2815,J,Business Flex,DOM,Corporate Web Portal,2025-01-03,Wed,DVO,1,197.25,34.0,0
2025-01-06,CBO,DOM,MNL HUB,MNLCBO,PR  2959,Y,Economy Saver,DOM,Traditional Travel Agency,2024-11-05,Mon,CBO,1,83.66,77.0,0
2025-01-09,DRP,DOM,MNL HUB,DRPMNL,PR  2924,Y,Economy Flex,DOM,Traditional Travel Agency,2025-01-08,Thu,DRP,1,164.14,16.0,0
2025-01-27,DPL,DOM,MNL HUB,MNLDPL,PR  2557,Y,Economy Saver,DOM,Traditional Travel Agency,2025-01-10,Mon,MNL,2,57.83,32.0,1
2025-03-03,CEB,DOM,MNL HUB,MNLCEB,PR  2869,Y,Economy Saver,DOM,Traditional Travel Agency,2025-02-13,Mon,MNL,1,52.82,33.0,0
2025-04-11,CEB,DOM,MNL HUB,MNLCEB,PR  2859,Y,Economy Supersaver,DOM,OTA,2025-02-18,Fri,MNL,5,34.16,67.0,1
2025-03-24,DRP,DOM,MNL HUB,MNLDRP,PR  2919,Y,Economy Saver,DOM,WEB/APP,2025-02-10,Mon,MNL,3,57.04,57.0,1
2025-02-22,CEB,DOM,MNL HUB,CEBMNL,PR  2860,Y,Economy Supersaver,DOM,WEB/APP,2024-06-05,Sat,MNL,5,17.37,277.0,1
2025-04-26,BCD,DOM,MNL HUB,MNLBCD,PR  2131,Y,Economy Saver,,OTA,2024-12-16,Sat,SLC,1,43.6,146.0,0
2025-01-30,PPS,DOM,MNL HUB,PPSMNL,PR  2786,W,Premium Economy,DOM,WEB/APP,2025-01-10,Thu,PPS,1,137.41,35.0,0
2025-04-10,GES,DOM,MNL HUB,GESMNL,PR  454,Y,Economy Value,DOM,WEB/APP,2025-04-05,Thu,GES,2,104.6,20.0,1
2025-03-28,PPS,DOM,MNL HUB,MNLPPS,PR  2779,J,Economy Supersaver,,Traditional Travel Agency,2025-03-05,Fri,HNL,1,42.32,38.0,0
2025-04-22,CEB,DOM,MNL HUB,MNLCEB,PR  1863,Y,Economy Supersaver,DOM,WEB/APP,2025-02-11,Tue,MNL,1,32.38,85.0,0
2025-02-12,BCD,DOM,MNL HUB,BCDMNL,PR  2130,Y,Economy Value,,Sea Crew,2025-01-27,Wed,BCD,1,145.6,31.0,0
2025-04-08,DVO,DOM,MNL HUB,MNLDVO,PR  2821,J,Economy Supersaver,DOM,OTA,2025-03-05,Tue,MNL,1,29.83,49.0,0
2025-04-22,TAG,DOM,MNL HUB,MNLTAG,PR  2771,Y,Economy Flex,ROW,,2025-04-11,Tue,MNL,1,150.46,26.0,0
2025-03-22,MPH,DOM,MNL HUB,MNLMPH,PR  2043,Y,Economy Saver,G.CN,OTA,2025-03-15,Sat,TPE,1,45.01,22.0,0
2025-03-09,CGY,DOM,MNL HUB,CGYMNL,PR  2526,J,Economy Supersaver,DOM,Traditional Travel Agency,2025-03-07,Sun,CGY,4,43.71,17.0,1
2025-01-13,DVO,DOM,MNL HUB,MNLDVO,PR  2811,W,Premium Economy,DOM,WEB/APP,2025-01-12,Mon,MNL,1,190.25,16.0,0
2025-04-28,ILO,DOM,MNL HUB,ILOMNL,PR  2148,J,Economy Saver,,Traditional Travel Agency,2025-04-19,Mon,ILO,1,77.53,24.0,0
2025-04-04,TAC,DOM,MNL HUB,MNLTAC,PR  2985,Y,Economy Supersaver,DOM,Traditional Travel Agency,2024-09-21,Fri,TAC,1,45.46,210.0,0
2025-01-30,DVO,DOM,MNL HUB,MNLDVO,PR  2823,Y,Economy Value,G.CN,Traditional Travel Agency,2024-11-26,Thu,DVO,1,79.36,80.0,0
2025-03-18,TAC,DOM,MNL HUB,TACMNL,PR  2988,Y,Economy Supersaver,DOM,Traditional Travel Agency,2025-01-04,Tue,MNL,3,15.7,88.0,1
2025-01-15,USU,DOM,MNL HUB,USUMNL,PR  2964,Y,Economy Saver,AUS,OTA,2024-12-17,Wed,USU,2,30.45,44.0,1
2025-04-07,CEB,DOM,MNL HUB,MNLCEB,PR  1851,J,Economy Saver,DOM,Contact Center,2025-03-14,Mon,MNL,2,73.74,39.0,1
2025-02-25,DVO,DOM,MNL HUB,DVOMNL,PR  2820,Y,Economy Supersaver,DOM,WEB/APP,2025-01-30,Tue,DVO,2,34.43,41.0,1
2025-02-02,MPH,DOM,MNL HUB,MNLMPH,PR  2041,Y,Economy Saver,AUS,OTA,2025-01-14,Sun,TLV,1,28.57,34.0,0
2025-03-12,BCD,DOM,MNL HUB,BCDMNL,PR  2132,W,Premium Economy,DOM,Ticket Office,2025-01-30,Wed,MNL,1,108.67,56.0,0
2025-04-04,DVO,DOM,MNL HUB,DVOMNL,PR  1804,Y,Economy Saver,DOM,Traditional Travel Agency,2025-03-20,Fri,DVO,2,82.74,30.0,1
2025-04-13,CBO,DOM,MNL HUB,MNLCBO,PR  2957,J,Economy Flex,,Sea Crew,2025-04-03,Sun,BCN,1,169.0,25.0,0
2025-02-17,ILO,DOM,MNL HUB,MNLILO,PR  2147,Y,Economy Supersaver,DOM,WEB/APP,2025-02-11,Mon,ILO,1,29.27,21.0,0
2025-01-18,BCD,DOM,MNL HUB,MNLBCD,PR  2135,Y,Economy Saver,DOM,Contact Center,2025-01-16,Sat,MNL,1,68.06,17.0,0
2025-02-02,DRP,DOM,MNL HUB,MNLDRP,PR  2919,Y,Economy Supersaver,DOM,WEB/APP,2024-11-27,Sun,DRP,2,27.82,82.0,1
2025-03-29,PPS,DOM,MNL HUB,PPSMNL,PR  2786,Y,Economy Flex,DOM,WEB/APP,2025-03-22,Sat,PPS,1,151.67,22.0,0
2025-04-07,LAO,DOM,MNL HUB,MNLLAO,PR  2198,Y,Economy Supersaver,ME,GSA/DSA,2025-02-05,Mon,RUH,1,55.81,76.0,0
2025-03-18,TAC,DOM,MNL HUB,MNLTAC,PR  2987,Y,Economy Supersaver,ME,WEB/APP,2025-03-13,Tue,RUH,1,59.97,20.0,0
2025-04-08,LAO,DOM,MNL HUB,MNLLAO,PR  2196,Y,Economy Flex,DOM,WEB/APP,2025-04-07,Tue,MNL,1,160.39,16.0,0
2025-02-05,CEB,DOM,MNL HUB,CEBMNL,PR  2860,Y,Economy Supersaver,DOM,WEB/APP,2025-01-23,Wed,MNL,1,62.3,28.0,0
2025-02-12,CGY,DOM,MNL HUB,MNLCGY,PR  2525,J,Economy Value,DOM,WEB/APP,2025-02-08,Wed,MNL,1,113.63,19.0,0
2025-01-17,LAO,DOM,MNL HUB,LAOMNL,PR  2199,J,Economy Saver,DOM,Sea Crew,2025-01-14,Fri,LAO,1,56.36,18.0,0
2025-03-31,OZC,DOM,MNL HUB,OZCMNL,PR  2890,J,Economy Saver,DOM,WEB/APP,2025-03-21,Mon,MNL,1,76.27,25.0,0
2025-01-22,CGY,DOM,MNL HUB,CGYMNL,PR  2528,Y,Economy Value,DOM,WEB/APP,2025-01-15,Wed,CGY,1,86.69,22.0,0
2025-04-06,ILO,DOM,MNL HUB,MNLILO,PR  2141,J,Economy Value,DOM,WEB/APP,2025-03-18,Sun,ILO,1,89.41,34.0,0
2025-02-02,CGY,DOM,MNL HUB,MNLCGY,PR  2521,J,Economy Saver,DOM,WEB/APP,2025-01-23,Sun,CGY,1,56.06,25.0,0
2025-04-08,GES,DOM,MNL HUB,GESMNL,PR  458,Y,Economy Supersaver,DOM,WEB/APP,2025-03-26,Tue,GES,5,47.62,28.0,1
2025-03-11,CBO,DOM,MNL HUB,CBOMNL,PR  2960,Y,Economy Value,DOM,Ticket Office,2025-01-10,Tue,MNL,1,91.15,75.0,0
2025-03-05,TAG,DOM,MNL HUB,TAGMNL,PR  2772,Y,Economy Saver,,TMC,2025-01-10,Wed,IAH,1,39.74,69.0,0
2025-04-03,CGY,DOM,MNL HUB,CGYMNL,PR  2528,Y,Economy Supersaver,DOM,WEB/APP,2025-03-17,Thu,CGY,1,40.44,32.0,0
2025-02-08,DVO,DOM,MNL HUB,MNLDVO,PR  2825,J,Business Flex,,TMC,2025-01-03,Sat,MNL,1,363.35,51.0,0
2025-02-18,CEB,DOM,MNL HUB,MNLCEB,PR  1861,Y,Economy Saver,DOM,WEB/APP,2025-02-03,Tue,CEB,3,58.04,30.0,1
2025-04-07,ZAM,DOM,MNL HUB,ZAMMNL,PR  2954,Y,Economy Flex,,TMC,2025-03-26,Mon,ZAM,1,351.24,27.0,0
2025-03-01,USU,DOM,MNL HUB,MNLUSU,PR  2963,Y,Economy Saver,Offline,OTA,2024-12-12,Sat,KUL,1,53.56,94.0,0
2025-04-23,BXU,DOM,MNL HUB,MNLBXU,PR  2938,Y,Economy Value,DOM,WEB/APP,2025-04-20,Wed,MNL,1,92.11,18.0,0
2025-04-09,BCD,DOM,MNL HUB,BCDMNL,PR  2130,Y,Economy Value,DOM,WEB/APP,2025-04-02,Wed,BCD,1,102.72,22.0,0
2025-01-20,CEB,DOM,MNL HUB,MNLCEB,PR  2853,Y,Economy Value,AUS,Traditional Travel Agency,2025-01-13,Mon,MNL,1,182.87,22.0,0
2025-02-10,MPH,DOM,MNL HUB,MNLMPH,PR  2047,Y,Economy Saver,DOM,Traditional Travel Agency,2025-01-09,Mon,MNL,2,64.19,47.0,1
2025-04-01,ZAM,DOM,MNL HUB,MNLZAM,PR  2953,J,Economy Saver,DOM,OTA,2025-03-08,Tue,MNL,1,87.1,39.0,0
2025-03-13,DRP,DOM,MNL HUB,MNLDRP,PR  2919,Y,Economy Saver,DOM,WEB/APP,2025-01-13,Thu,MNL,1,55.12,74.0,0
2025-02-04,DVO,DOM,MNL HUB,MNLDVO,PR  1805,Y,Economy Value,DOM,Sea Crew,2025-02-02,Tue,DMM,1,146.9,17.0,0
2025-04-01,DRP,DOM,MNL HUB,DRPMNL,PR  2920,Y,Economy Supersaver,DOM,WEB/APP,2025-03-19,Tue,MNL,4,61.05,28.0,1
2025-02-26,DVO,DOM,MNL HUB,DVOMNL,PR  2818,J,Economy Saver,DOM,WEB/APP,2025-02-12,Wed,MNL,1,46.53,29.0,0
2025-03-25,MPH,DOM,MNL HUB,MPHMNL,PR  2046,Y,Economy Supersaver,,Traditional Travel Agency,2024-08-15,Tue,JFK,1,33.14,237.0,0
2025-02-10,BXU,DOM,MNL HUB,MNLBXU,PR  2938,Y,Economy Supersaver,DOM,Traditional Travel Agency,2024-06-11,Mon,MNL,1,22.02,259.0,0
2025-02-18,CGY,DOM,MNL HUB,CGYMNL,PR  2520,Y,Economy Value,DOM,WEB/APP,2024-12-27,Tue,CGY,1,126.92,68.0,0
2025-04-25,CEB,DOM,MNL HUB,CEBMNL,PR  2862,Y,Economy Flex,DOM,Traditional Travel Agency,2025-04-03,Fri,MNL,1,157.2,37.0,0
2025-01-21,CYZ,DOM,MNL HUB,MNLCYZ,PR  2018,J,Economy Supersaver,DOM,WEB/APP,2025-01-18,Tue,MNL,1,50.04,18.0,0
2025-02-21,BCD,DOM,MNL HUB,BCDMNL,PR  2138,Y,Economy Flex,DOM,WEB/APP,2025-01-31,Fri,MNL,1,127.84,36.0,0
2025-04-30,ZAM,DOM,MNL HUB,ZAMMNL,PR  2998,Y,Economy Saver,DOM,Traditional Travel Agency,2025-03-31,Wed,DVO,1,71.83,45.0,0
2025-03-03,CEB,DOM,MNL HUB,MNLCEB,PR  2869,Y,Economy Value,DOM,Ticket Office,2025-03-03,Mon,MNL,2,93.01,15.0,1
2025-04-02,ILO,DOM,MNL HUB,MNLILO,PR  2143,Y,Economy Supersaver,SEA,WEB/APP,2025-03-05,Wed,KUL,2,42.46,43.0,1
2025-03-10,CEB,DOM,MNL HUB,CEBMNL,PR  2852,Y,Economy Value,DOM,Contact Center,2025-03-04,Mon,CEB,1,98.35,21.0,0
2025-03-20,ILO,DOM,MNL HUB,MNLILO,PR  2139,Y,Economy Saver,DOM,Traditional Travel Agency,2025-02-28,Thu,MNL,1,63.79,35.0,0
2025-03-08,MPH,DOM,MNL HUB,MNLMPH,PR  2045,Y,Economy Supersaver,DOM,WEB/APP,2024-11-05,Sat,MNL,4,35.12,138.0,1
2025-03-16,DRP,DOM,MNL HUB,DRPMNL,PR  2920,J,Economy Saver,Offline,OTA,2025-01-15,Sun,DRP,2,40.91,75.0,1
2025-03-28,GES,DOM,MNL HUB,GESMNL,PR  454,Y,Economy Value,DOM,Traditional Travel Agency,2025-03-21,Fri,MNL,2,111.43,22.0,1
2025-02-28,CGY,DOM,MNL HUB,MNLCGY,PR  2527,Y,Economy Supersaver,DOM,Traditional Travel Agency,2025-02-16,Fri,MNL,4,40.67,27.0,1
2025-03-10,DVO,DOM,MNL HUB,MNLDVO,PR  2825,Y,Economy Supersaver,DOM,Traditional Travel Agency,2025-02-05,Mon,DRP,1,24.61,48.0,0
2025-04-12,DVO,DOM,MNL HUB,DVOMNL,PR  1810,J,Economy Value,Offline,OTA,2025-02-07,Sat,DVO,1,176.73,79.0,0
2025-02-18,LAO,DOM,MNL HUB,LAOMNL,PR  2199,Y,Economy Supersaver,DOM,WEB/APP,2025-02-13,Tue,LAO,1,29.29,20.0,0
2025-01-22,CEB,DOM,MNL HUB,CEBMNL,PR  2868,Y,Economy Saver,DOM,WEB/APP,2025-01-03,Wed,MNL,1,71.0,34.0,0
2025-01-06,CEB,DOM,MNL HUB,CEBMNL,PR  1846,J,Economy Value,,TMC,2024-10-25,Mon,DOH,1,70.06,88.0,0
2025-01-13,ILO,DOM,MNL HUB,ILOMNL,PR  2148,Y,Economy Supersaver,DOM,Traditional Travel Agency,2024-12-18,Mon,ILO,1,33.68,41.0,0
2025-03-13,USU,DOM,MNL HUB,USUMNL,PR  2966,Y,Economy Supersaver,DOM,WEB/APP,2024-08-03,Thu,USU,2,63.23,237.0,1
2025-04-04,ILO,DOM,MNL HUB,MNLILO,PR  2143,Y,Economy Saver,DOM,Traditional Travel Agency,2025-03-25,Fri,MNL,1,80.52,25.0,0
2025-04-02,GES,DOM,MNL HUB,MNLGES,PR  2455,J,Economy Value,DOM,WEB/APP,2025-03-30,Wed,GES,1,121.03,18.0,0
2025-03-01,GES,DOM,MNL HUB,GESMNL,PR  454,Y,Economy Value,DOM,WEB/APP,2025-02-25,Sat,GES,4,101.63,19.0,1
2025-02-19,CYZ,DOM,MNL HUB,MNLCYZ,PR  2018,J,Economy Supersaver,DOM,Traditional Travel Agency,2025-02-17,Wed,MNL,1,37.08,17.0,0
2025-04-24,CEB,DOM,MNL HUB,CEBMNL,PR  2850,J,Economy Supersaver,DOM,Ticket Office,2024-09-23,Thu,CEB,1,12.51,228.0,0
2025-04-07,BCD,DOM,MNL HUB,MNLBCD,PR  2131,Y,Economy Value,DOM,WEB/APP,2025-03-25,Mon,MNL,1,93.17,28.0,0
2025-01-23,CGY,DOM,MNL HUB,CGYMNL,PR  2522,Y,Economy Flex,DOM,Ticket Office,2025-01-21,Thu,CGY,2,142.43,17.0,1
2025-04-13,BXU,DOM,MNL HUB,MNLBXU,PR  2967,Y,Economy Value,G.CN,Traditional Travel Agency,2025-03-02,Sun,HKG,2,115.27,57.0,1
2025-02-11,TAC,DOM,MNL HUB,TACMNL,PR  2986,W,Premium Economy,DOM,WEB/APP,2025-01-31,Tue,TAC,3,178.84,26.0,1
2025-03-18,ILO,DOM,MNL HUB,ILOMNL,PR  2140,Y,Economy Supersaver,DOM,WEB/APP,2025-03-10,Tue,ILO,6,25.28,23.0,1
2025-02-21,CEB,DOM,MNL HUB,CEBMNL,PR  2864,Y,Economy Value,DOM,Traditional Travel Agency,2025-02-17,Fri,MNL,2,109.32,19.0,1
2025-02-14,MPH,DOM,MNL HUB,MNLMPH,PR  2041,Y,Economy Value,DOM,WEB/APP,2024-12-24,Fri,MNL,1,109.1,67.0,0
2025-03-22,ZAM,DOM,MNL HUB,ZAMMNL,PR  2998,Y,Economy Value,DOM,Ticket Office,2025-03-19,Sat,MNL,1,110.98,18.0,0
2025-03-03,CEB,DOM,MNL HUB,CEBMNL,PR  2868,Y,Economy Flex,DOM,WEB/APP,2025-02-26,Mon,CEB,1,161.29,20.0,0
2025-04-22,PPS,DOM,MNL HUB,PPSMNL,PR  2782,Y,Economy Value,DOM,Traditional Travel Agency,2025-04-07,Tue,PPS,2,103.4,30.0,1
2025-04-10,DVO,DOM,MNL HUB,DVOMNL,PR  1802,Y,Economy Supersaver,DOM,WEB/APP,2025-03-12,Thu,MNL,2,27.97,44.0,1
2025-01-02,MPH,DOM,MNL HUB,MNLMPH,PR  2041,Y,Economy Saver,DOM,WEB/APP,2024-05-02,Thu,MNL,3,55.06,260.0,1
2025-01-06,DVO,DOM,MNL HUB,DVOMNL,PR  2812,Y,Economy Flex,,Sea Crew,2024-12-06,Mon,DVO,1,271.9,46.0,0
2025-02-21,OZC,DOM,MNL HUB,MNLOZC,PR  2889,J,Economy Supersaver,DOM,Traditional Travel Agency,2025-01-05,Fri,MNL,1,31.67,62.0,0
2025-03-29,CEB,DOM,MNL HUB,CEBMNL,PR  2860,J,Business Value,DOM,WEB/APP,2025-02-25,Sat,CEB,1,230.11,47.0,0
2025-02-28,DVO,DOM,MNL HUB,MNLDVO,PR  2813,J,Business Flex,DOM,WEB/APP,2025-02-16,Fri,MNL,1,262.64,27.0,0
2025-04-25,DVO,DOM,MNL HUB,DVOMNL,PR  2808,Y,Economy Value,DOM,Traditional Travel Agency,2025-04-21,Fri,MNL,1,110.69,19.0,0
2025-02-11,TAG,DOM,MNL HUB,TAGMNL,PR  2778,Y,Economy Value,DOM,Sea Crew,2025-02-10,Tue,TAG,2,136.71,16.0,1
2025-02-16,KLO,DOM,MNL HUB,MNLKLO,PR  2969,Y,Economy Supersaver,DOM,Traditional Travel Agency,2024-11-15,Sun,MNL,5,12.86,108.0,1
2025-04-23,PPS,DOM,MNL HUB,PPSMNL,PR  2782,Y,Economy Saver,Offline,Sea Crew,2024-11-13,Wed,MNL,2,59.33,176.0,1
2025-01-23,DVO,DOM,MNL HUB,MNLDVO,PR  2821,Y,Economy Supersaver,DOM,Traditional Travel Agency,2024-12-11,Thu,DVO,1,30.47,58.0,0
2025-01-15,ILO,DOM,MNL HUB,ILOMNL,PR  2142,Y,Economy Value,SEA,Traditional Travel Agency,2024-12-04,Wed,BKK,1,59.23,57.0,0
2025-01-30,LAO,DOM,MNL HUB,LAOMNL,PR  2197,J,Economy Saver,,Traditional Travel Agency,2024-09-04,Thu,HNL,2,45.99,163.0,1
2025-02-28,CEB,DOM,MNL HUB,MNLCEB,PR  2863,Y,Economy Saver,,Sea Crew,2025-01-09,Fri,MNL,2,121.78,65.0,1
2025-01-31,DVO,DOM,MNL HUB,DVOMNL,PR  2812,Y,Economy Flex,,Sea Crew,2025-01-20,Fri,DVO,1,130.0,26.0,0
2025-01-20,OZC,DOM,MNL HUB,OZCMNL,PR  2890,Y,Economy Flex,DOM,Traditional Travel Agency,2025-01-15,Mon,OZC,1,202.36,20.0,0
2025-04-07,CEB,DOM,MNL HUB,MNLCEB,PR  1851,Y,Economy Flex,DOM,Ticket Office,2025-04-04,Mon,MNL,4,159.52,18.0,1
2025-01-19,CEB,DOM,MNL HUB,MNLCEB,PR  1841,J,Economy Supersaver,DOM,Contact Center,2024-10-26,Sun,MNL,1,28.65,100.0,0
2025-02-16,TAC,DOM,MNL HUB,MNLTAC,PR  2987,J,Economy Value,DOM,Traditional Travel Agency,2025-02-09,Sun,MNL,1,118.94,22.0,0
2025-04-25,TAC,DOM,MNL HUB,TACMNL,PR  2986,Y,Economy Flex,DOM,Corporate Web Portal,2025-04-21,Fri,MNL,1,179.07,19.0,0
2025-03-03,CEB,DOM,MNL HUB,CEBMNL,PR  2850,Y,Economy Saver,DOM,WEB/APP,2025-01-11,Mon,CEB,1,33.57,66.0,0
2025-03-29,DVO,DOM,MNL HUB,MNLDVO,PR  2823,Y,Economy Saver,JAP,OTA,2025-02-26,Sat,DVO,1,44.72,46.0,0
2025-01-22,DVO,DOM,MNL HUB,MNLDVO,PR  2813,Y,Economy Value,DOM,Traditional Travel Agency,2025-01-18,Wed,MNL,3,103.27,19.0,1
2025-04-25,TAC,DOM,MNL HUB,MNLTAC,PR  2981,J,Economy Saver,DOM,WEB/APP,2025-03-07,Fri,TAC,2,84.79,64.0,1
2025-03-26,PPS,DOM,MNL HUB,MNLPPS,PR  2779,Y,Economy Saver,DOM,Ticket Office,2025-03-12,Wed,PPS,1,60.39,29.0,0
2025-02-08,IAO,DOM,MNL HUB,IAOMNL,PR  2972,J,Economy Flex,DOM,Traditional Travel Agency,2025-01-31,Sat,IAO,2,254.48,23.0,1
2025-03-17,CEB,DOM,MNL HUB,MNLCEB,PR  2867,J,Business Flex,DOM,WEB/APP,2025-03-16,Mon,MNL,1,269.55,16.0,0
2025-01-29,DRP,DOM,MNL HUB,MNLDRP,PR  2923,Y,Economy Value,DOM,Corporate Web Portal,2025-01-27,Wed,MNL,1,93.45,17.0,0
2025-03-05,CEB,DOM,MNL HUB,CEBMNL,PR  2868,J,Economy Value,DOM,Traditional Travel Agency,2025-03-04,Wed,CEB,2,109.63,16.0,1
2025-03-02,ILO,DOM,MNL HUB,MNLILO,PR  2145,Y,Economy Supersaver,DOM,WEB/APP,2025-01-29,Sun,ILO,1,25.96,47.0,0
2025-04-04,CBO,DOM,MNL HUB,CBOMNL,PR  2958,Y,Economy Supersaver,DOM,OTA,2024-12-22,Fri,CBO,2,27.8,118.0,1
2025-04-29,BCD,DOM,MNL HUB,BCDMNL,PR  2138,Y,Economy Supersaver,DOM,OTA,2025-01-24,Tue,BCD,9,24.5,110.0,1
2025-04-10,LAO,DOM,MNL HUB,MNLLAO,PR  2198,Y,Economy Flex,DOM,WEB/APP,2025-04-09,Thu,MNL,1,195.65,16.0,0
2025-04-12,BCD,DOM,MNL HUB,MNLBCD,PR  2137,Y,Economy Supersaver,DOM,OTA,2025-01-11,Sat,MNL,3,27.82,106.0,1
2025-01-31,BCD,DOM,MNL HUB,BCDMNL,PR  2130,Y,Economy Saver,DOM,Traditional Travel Agency,2025-01-11,Fri,BCD,2,75.43,35.0,1
2025-02-19,DVO,DOM,MNL HUB,DVOMNL,PR  2814,Y,Economy Value,DOM,WEB/APP,2025-02-10,Wed,MNL,1,91.92,24.0,0
2025-04-10,PPS,DOM,MNL HUB,PPSMNL,PR  2780,Y,Economy Supersaver,DOM,OTA,2025-03-22,Thu,PPS,1,37.39,34.0,0
2025-02-10,TAG,DOM,MNL HUB,TAGMNL,PR  2776,J,Economy Saver,DOM,Traditional Travel Agency,2025-02-10,Mon,TAG,1,86.08,15.0,0
2025-02-15,BCD,DOM,MNL HUB,MNLBCD,PR  2131,J,Economy Flex,DOM,Contact Center,2025-02-14,Sat,MNL,1,172.36,16.0,0
2025-03-17,DVO,DOM,MNL HUB,DVOMNL,PR  2816,J,Economy Value,DOM,WEB/APP,2025-03-16,Mon,DVO,1,113.26,16.0,0
2025-04-27,CGY,DOM,MNL HUB,CGYMNL,PR  1520,J,Business Flex,SEA,OTA,2025-04-24,Sun,CGY,2,333.06,18.0,1
2025-01-17,OZC,DOM,MNL HUB,MNLOZC,PR  2889,Y,Economy Saver,DOM,Traditional Travel Agency,2025-01-03,Fri,MNL,2,65.73,29.0,1
2025-04-11,LAO,DOM,MNL HUB,LAOMNL,PR  2197,J,Economy Flex,DOM,Corporate Web Portal,2025-04-04,Fri,LAO,1,156.52,22.0,0
2025-02-10,DRP,DOM,MNL HUB,MNLDRP,PR  2919,Y,Economy Flex,Offline,TMC,2025-02-08,Mon,MNL,1,213.02,17.0,0
2025-04-01,DVO,DOM,MNL HUB,MNLDVO,PR  1817,J,Economy Saver,DOM,Contact Center,2025-03-10,Tue,MNL,1,74.91,37.0,0
2025-04-29,CEB,DOM,MNL HUB,MNLCEB,PR  2849,Y,Economy Value,SEA,OTA,2025-03-15,Tue,HND,2,65.26,60.0,1
2025-02-09,CEB,DOM,MNL HUB,MNLCEB,PR  2857,J,Economy Supersaver,DOM,Traditional Travel Agency,2025-02-07,Sun,MNL,7,38.24,17.0,1
2025-03-24,GES,DOM,MNL HUB,MNLGES,PR  455,J,Economy Value,DOM,WEB/APP,2025-03-23,Mon,MNL,1,139.95,16.0,0
2025-04-08,ILO,DOM,MNL HUB,ILOMNL,PR  2140,Y,Economy Supersaver,,WEB/APP,2025-03-17,Tue,LAX,4,36.49,37.0,1
2025-01-27,CBO,DOM,MNL HUB,MNLCBO,PR  2959,J,Economy Supersaver,DOM,Traditional Travel Agency,2024-09-22,Mon,MNL,1,50.28,142.0,0
2025-02-13,DVO,DOM,MNL HUB,MNLDVO,PR  2819,Y,Economy Supersaver,DOM,Traditional Travel Agency,2025-02-12,Thu,MNL,1,36.67,16.0,0
2025-04-22,CEB,DOM,MNL HUB,MNLCEB,PR  2835,Y,Economy Supersaver,DOM,Traditional Travel Agency,2024-12-10,Tue,MNL,1,32.38,148.0,0
2025-04-07,DVO,DOM,MNL HUB,DVOMNL,PR  1820,W,Premium Economy,DOM,WEB/APP,2025-04-02,Mon,MNL,1,143.52,20.0,0
2025-04-13,CEB,DOM,MNL HUB,CEBMNL,PR  2868,W,Premium Economy,DOM,Contact Center,2025-04-07,Sun,MNL,3,192.11,21.0,1
2025-02-10,TAG,DOM,MNL HUB,TAGMNL,PR  2778,Y,Economy Saver,DOM,WEB/APP,2025-02-05,Mon,TAG,1,71.32,20.0,0
2025-03-02,CGY,DOM,MNL HUB,CGYMNL,PR  2528,J,Economy Supersaver,DOM,Ticket Office,2025-01-20,Sun,MNL,1,37.21,56.0,0
2025-03-30,IAO,DOM,MNL HUB,IAOMNL,PR  2974,Y,Economy Saver,DOM,WEB/APP,2024-11-28,Sun,MNL,1,124.65,137.0,0
2025-04-05,LAO,DOM,MNL HUB,MNLLAO,PR  2196,Y,Economy Saver,DOM,WEB/APP,2025-03-31,Sat,MNL,1,71.29,20.0,0
2025-04-29,DRP,DOM,MNL HUB,DRPMNL,PR  2920,J,Economy Value,DOM,WEB/APP,2025-03-06,Tue,MNL,3,78.96,69.0,1
2025-01-20,IAO,DOM,MNL HUB,MNLIAO,PR  2973,Y,Economy Supersaver,DOM,Contact Center,2024-08-22,Mon,MNL,1,79.19,166.0,0
2025-03-08,CEB,DOM,MNL HUB,MNLCEB,PR  1845,Y,Economy Supersaver,DOM,Traditional Travel Agency,2025-02-06,Sat,MNL,1,21.57,45.0,0
2025-02-15,TAC,DOM,MNL HUB,MNLTAC,PR  2987,Y,Economy Saver,AUS,OTA,2025-02-11,Sat,MEL,1,51.47,19.0,0
2025-04-11,CGY,DOM,MNL HUB,CGYMNL,PR  2528,Y,Economy Supersaver,DOM,OTA,2025-03-27,Fri,CGY,3,41.99,30.0,1
2025-04-27,DVO,DOM,MNL HUB,MNLDVO,PR  1817,Y,Economy Saver,DOM,Contact Center,2025-04-10,Sun,DVO,2,84.34,32.0,1
2025-03-22,CGY,DOM,MNL HUB,CGYMNL,PR  2530,Y,Economy Saver,JAP,OTA,2025-02-05,Sat,CGY,3,49.36,60.0,1
2025-01-05,OZC,DOM,MNL HUB,OZCMNL,PR  2890,Y,Economy Flex,DOM,Ticket Office,2024-12-25,Sun,MNL,1,159.46,26.0,0
2025-03-19,DVO,DOM,MNL HUB,MNLDVO,PR  2815,Y,Economy Value,DOM,WEB/APP,2025-03-04,Wed,MNL,1,97.08,30.0,0
2025-04-22,DVO,DOM,MNL HUB,DVOMNL,PR  2824,Y,Economy Saver,,Traditional Travel Agency,2025-04-20,Tue,DVO,4,105.98,17.0,1
2025-03-18,BCD,DOM,MNL HUB,MNLBCD,PR  2135,Y,Economy Value,DOM,WEB/APP,2025-03-14,Tue,MNL,2,93.06,19.0,1
2025-04-25,CGY,DOM,MNL HUB,MNLCGY,PR  2529,J,Economy Saver,DOM,Traditional Travel Agency,2025-03-07,Fri,CGY,1,93.56,64.0,0
2025-03-31,TUG,DOM,MNL HUB,MNLTUG,PR  2014,Y,Economy Saver,G.CN,Traditional Travel Agency,2025-03-22,Mon,HKG,1,54.58,24.0,0
2025-01-21,DPL,DOM,MNL HUB,DPLMNL,PR  2558,J,Economy Saver,DOM,Traditional Travel Agency,2025-01-06,Tue,DPL,1,76.8,30.0,0
2025-01-07,CEB,DOM,MNL HUB,CEBMNL,PR  1864,Y,Economy Saver,SEA,OTA,2024-10-05,Tue,CEB,1,48.14,109.0,0
2025-04-12,CGY,DOM,MNL HUB,MNLCGY,PR  2521,Y,Economy Supersaver,,Contact Center,2025-02-08,Sat,LAX,3,58.53,78.0,1
2025-01-28,DGT,DOM,MNL HUB,MNLDGT,PR  2545,W,Premium Economy,DOM,Ticket Office,2025-01-21,Tue,MNL,2,175.66,22.0,1
2025-01-02,DVO,DOM,MNL HUB,MNLDVO,PR  2821,Y,Economy Saver,DOM,WEB/APP,2025-01-02,Thu,MNL,1,85.37,15.0,0
2025-01-02,CEB,DOM,MNL HUB,CEBMNL,PR  2858,Y,Economy Saver,DOM,Contact Center,2024-05-24,Thu,MNL,1,73.8,238.0,0
2025-02-12,TAC,DOM,MNL HUB,MNLTAC,PR  2987,Y,Economy Value,DOM,WEB/APP,2025-02-07,Wed,MNL,1,109.4,20.0,0
2025-03-03,CEB,DOM,MNL HUB,CEBMNL,PR  2880,Y,Economy Saver,DOM,Traditional Travel Agency,2025-02-27,Mon,CGY,1,32.67,19.0,0
2025-02-17,TAC,DOM,MNL HUB,MNLTAC,PR  2985,J,Economy Value,DOM,Traditional Travel Agency,2025-01-15,Mon,TAC,2,106.97,48.0,1
2025-04-06,USU,DOM,MNL HUB,USUMNL,PR  2962,Y,Economy Saver,G.CN,Traditional Travel Agency,2024-10-16,Sun,TPE,1,42.57,187.0,0
2025-01-03,DVO,DOM,MNL HUB,DVOMNL,PR  2816,Y,Economy Value,DOM,Traditional Travel Agency,2024-12-29,Fri,DVO,2,99.16,20.0,1
2025-03-29,CEB,DOM,MNL HUB,MNLCEB,PR  1841,J,Economy Saver,DOM,WEB/APP,2024-12-25,Sat,CEB,2,38.98,109.0,1
2025-01-10,PPS,DOM,MNL HUB,MNLPPS,PR  2785,Y,Economy Flex,DOM,WEB/APP,2025-01-09,Fri,MNL,2,151.31,16.0,1
2025-04-09,DPL,DOM,MNL HUB,MNLDPL,PR  2557,Y,Economy Saver,DOM,WEB/APP,2025-03-06,Wed,MNL,3,65.08,49.0,1
2025-03-12,DRP,DOM,MNL HUB,MNLDRP,PR  2923,Y,Economy Saver,DOM,Traditional Travel Agency,2025-03-09,Wed,HKG,1,36.66,18.0,0
2025-04-04,CEB,DOM,MNL HUB,MNLCEB,PR  2861,J,Economy Supersaver,DOM,OTA,2025-03-16,Fri,MNL,1,45.44,34.0,0
2025-04-13,CGY,DOM,MNL HUB,CGYMNL,PR  2526,J,Economy Flex,DOM,WEB/APP,2025-04-10,Sun,CGY,2,151.89,18.0,1
2025-02-25,DVO,DOM,MNL HUB,DVOMNL,PR  1804,J,Economy Value,G.CN,OTA,2025-01-28,Tue,NRT,1,117.35,43.0,0
2025-01-29,DRP,DOM,MNL HUB,DRPMNL,PR  2920,Y,Economy Supersaver,DOM,Traditional Travel Agency,2025-01-08,Wed,DRP,2,49.91,36.0,1
2025-03-18,TAG,DOM,MNL HUB,MNLTAG,PR  2777,Y,Economy Supersaver,DOM,Traditional Travel Agency,2025-02-07,Tue,MNL,1,23.37,54.0,0
2025-04-05,CEB,DOM,MNL HUB,MNLCEB,PR  2851,J,Economy Supersaver,DOM,WEB/APP,2025-03-30,Sat,MNL,3,63.36,21.0,1
2025-04-10,PPS,DOM,MNL HUB,MNLPPS,PR  2787,Y,Economy Saver,DOM,WEB/APP,2025-04-01,Thu,PPS,1,94.89,24.0,0
2025-02-28,CGY,DOM,MNL HUB,MNLCGY,PR  2529,Y,Economy Flex,DOM,Traditional Travel Agency,2025-02-25,Fri,MNL,1,143.72,18.0,0
2025-02-02,CGY,DOM,MNL HUB,CGYMNL,PR  2528,Y,Economy Saver,DOM,WEB/APP,2025-01-10,Sun,CGY,1,54.7,38.0,0
2025-02-05,GES,DOM,MNL HUB,GESMNL,PR  454,Y,Economy Value,DOM,Corporate Web Portal,2025-01-31,Wed,GES,1,101.29,20.0,0
2025-02-22,DVO,DOM,MNL HUB,DVOMNL,PR  2814,J,Economy Saver,,Traditional Travel Agency,2025-01-06,Sat,LAX,16,140.17,62.0,1
2025-04-10,DGT,DOM,MNL HUB,DGTMNL,PR  2546,Y,Economy Saver,SEA,WEB/APP,2025-02-11,Thu,SIN,1,38.02,73.0,0
2025-03-08,TUG,DOM,MNL HUB,MNLTUG,PR  2014,Y,Economy Supersaver,DOM,Traditional Travel Agency,2025-01-09,Sat,MNL,3,24.58,73.0,1
2025-02-06,CEB,DOM,MNL HUB,MNLCEB,PR  2853,W,Premium Economy,DOM,WEB/APP,2025-02-04,Thu,MNL,2,242.7,17.0,1
2025-04-06,CEB,DOM,MNL HUB,CEBMNL,PR  2868,Y,Economy Saver,DOM,WEB/APP,2025-03-10,Sun,MNL,3,87.83,42.0,1
2025-04-25,BCD,DOM,MNL HUB,MNLBCD,PR  2137,Y,Economy Supersaver,DOM,WEB/APP,2025-02-28,Fri,MNL,2,43.36,71.0,1
2025-04-03,DVO,DOM,MNL HUB,DVOMNL,PR  1806,J,Economy Saver,DOM,Traditional Travel Agency,2025-04-01,Thu,MNL,1,74.05,17.0,0
2025-01-25,CEB,DOM,MNL HUB,MNLCEB,PR  2853,J,Economy Value,DOM,WEB/APP,2025-01-22,Sat,CEB,1,117.28,18.0,0
2025-01-29,DVO,DOM,MNL HUB,DVOMNL,PR  2818,Y,Economy Saver,DOM,Corporate Web Portal,2025-01-07,Wed,MNL,1,86.05,37.0,0
2025-02-04,PPS,DOM,MNL HUB,PPSMNL,PR  2788,J,Economy Saver,DOM,WEB/APP,2025-02-01,Tue,PPS,1,65.83,18.0,0
2025-03-05,MPH,DOM,MNL HUB,MNLMPH,PR  2039,Y,Economy Supersaver,AUS,OTA,2025-02-27,Wed,DPS,1,47.76,21.0,0
2025-02-13,DVO,DOM,MNL HUB,DVOMNL,PR  2808,J,Economy Supersaver,DOM,Ticket Office,2025-02-12,Thu,DVO,1,40.36,16.0,0
2025-03-06,DVO,DOM,MNL HUB,MNLDVO,PR  2821,J,Economy Supersaver,DOM,Ticket Office,2025-02-15,Thu,DVO,1,24.59,34.0,0
2025-02-10,ILO,DOM,MNL HUB,MNLILO,PR  2143,Y,Economy Supersaver,DOM,WEB/APP,2025-01-14,Mon,ILO,2,41.19,42.0,1
2025-01-03,TAC,DOM,MNL HUB,TACMNL,PR  2982,Y,Economy Value,DOM,WEB/APP,2024-11-14,Fri,MNL,1,121.82,65.0,0
2025-01-09,IAO,DOM,MNL HUB,MNLIAO,PR  2973,Y,Economy Saver,DOM,WEB/APP,2024-11-23,Thu,MNL,3,136.47,62.0,1
2025-04-04,TAG,DOM,MNL HUB,TAGMNL,PR  2776,Y,Economy Saver,JAP,Traditional Travel Agency,2025-03-12,Fri,NGO,2,56.49,38.0,1
2025-01-01,TAC,DOM,MNL HUB,MNLTAC,PR  2985,J,Economy Value,DOM,WEB/APP,2024-11-21,Wed,MNL,4,110.79,56.0,1
2025-04-22,CEB,DOM,MNL HUB,CEBMNL,PR  1850,Y,Economy Value,DOM,Ticket Office,2025-04-08,Tue,CEB,1,92.91,29.0,0
2025-02-01,DVO,DOM,MNL HUB,DVOMNL,PR  1804,J,Economy Value,DOM,WEB/APP,2025-01-30,Sat,DVO,2,105.59,17.0,1
2025-02-03,CEB,DOM,MNL HUB,CEBMNL,PR  1846,J,Economy Supersaver,DOM,WEB/APP,2025-01-09,Mon,MNL,1,38.74,40.0,0
2025-01-30,DVO,DOM,MNL HUB,DVOMNL,PR  2820,Y,Economy Supersaver,DOM,WEB/APP,2024-10-19,Thu,DVO,2,28.96,118.0,1
2025-04-06,CYZ,DOM,MNL HUB,MNLCYZ,PR  2018,J,Economy Value,DOM,Corporate Web Portal,2025-03-20,Sun,MNL,2,79.86,32.0,1
2025-03-23,LAO,DOM,MNL HUB,LAOMNL,PR  2197,Y,Economy Flex,DOM,Traditional Travel Agency,2025-03-19,Sun,MNL,3,189.87,19.0,1
2025-01-11,ILO,DOM,MNL HUB,ILOMNL,PR  2144,Y,Economy Supersaver,DOM,Traditional Travel Agency,2024-12-18,Sat,ILO,1,23.85,39.0,0
2025-03-15,CGY,DOM,MNL HUB,MNLCGY,PR  2525,J,Economy Value,DOM,Traditional Travel Agency,2025-03-11,Sat,CGY,1,120.95,19.0,0
2025-01-17,LAO,DOM,MNL HUB,LAOMNL,PR  2199,Y,Economy Flex,DOM,Traditional Travel Agency,2025-01-14,Fri,MNL,1,154.21,18.0,0
2025-01-30,CEB,DOM,MNL HUB,CEBMNL,PR  2836,J,Economy Value,,Sea Crew,2025-01-24,Thu,CEB,1,96.82,21.0,0
2025-04-13,DVO,DOM,MNL HUB,DVOMNL,PR  1802,Y,Economy Flex,ROW,,2024-06-16,Sun,,5,31.33,316.0,1
2025-04-11,TAG,DOM,MNL HUB,TAGMNL,PR  2774,Y,Economy Supersaver,DOM,WEB/APP,2024-09-02,Fri,TAG,1,19.89,236.0,0
2025-03-16,MPH,DOM,MNL HUB,MNLMPH,PR  2041,W,Premium Economy,DOM,WEB/APP,2025-03-03,Sun,MNL,3,96.98,28.0,1
2025-02-02,LAO,DOM,MNL HUB,MNLLAO,PR  2198,J,Economy Value,,Traditional Travel Agency,2024-10-25,Sun,HNL,1,72.28,115.0,0
2025-03-18,DVO,DOM,MNL HUB,MNLDVO,PR  1809,Y,Economy Value,DOM,Ticket Office,2025-03-03,Tue,MNL,1,97.08,30.0,0
2025-02-28,GES,DOM,MNL HUB,MNLGES,PR  453,Y,Economy Flex,DOM,WEB/APP,2025-02-24,Fri,MNL,1,188.18,19.0,0
2025-01-03,ZAM,DOM,MNL HUB,ZAMMNL,PR  2994,J,Economy Supersaver,DOM,WEB/APP,2024-07-31,Fri,ZAM,2,49.95,171.0,1
2025-01-02,CBO,DOM,MNL HUB,CBOMNL,PR  2960,J,Economy Saver,DOM,Traditional Travel Agency,2024-08-25,Thu,MNL,1,77.53,145.0,0
2025-03-13,LAO,DOM,MNL HUB,MNLLAO,PR  2198,Y,Economy Supersaver,DOM,WEB/APP,2025-03-13,Thu,MNL,2,58.21,15.0,1
2025-04-21,TAC,DOM,MNL HUB,TACMNL,PR  2988,J,Economy Value,DOM,WEB/APP,2025-03-30,Mon,TAC,1,110.23,37.0,0
2025-03-18,ZAM,DOM,MNL HUB,MNLZAM,PR  2997,Y,Economy Supersaver,DOM,Contact Center,2024-08-26,Tue,MNL,1,35.92,219.0,0
2025-03-09,CEB,DOM,MNL HUB,MNLCEB,PR  2863,Y,Economy Saver,DOM,WEB/APP,2025-03-06,Sun,MNL,2,82.92,18.0,1
2025-01-31,TAG,DOM,MNL HUB,TAGMNL,PR  2774,Y,Economy Value,DOM,Traditional Travel Agency,2025-01-27,Fri,TAG,6,100.09,19.0,1
2025-01-14,CRM,DOM,MNL HUB,CRMMNL,PR  2908,Y,Economy Saver,DOM,WEB/APP,2024-12-28,Tue,CRM,1,118.94,32.0,0
2025-03-30,CEB,DOM,MNL HUB,MNLCEB,PR  2849,J,Economy Supersaver,,WEB/APP,2025-02-23,Sun,SFO,1,30.81,50.0,0
2025-04-08,CEB,DOM,MNL HUB,CEBMNL,PR  1852,W,Premium Economy,DOM,Corporate Web Portal,2025-03-25,Tue,CEB,1,138.71,29.0,0
2025-03-16,CGY,DOM,MNL HUB,MNLCGY,PR  2527,Y,Economy Supersaver,DOM,WEB/APP,2025-01-06,Sun,CGY,3,24.4,84.0,1
2025-04-04,DVO,DOM,MNL HUB,DVOMNL,PR  1814,Y,Economy Supersaver,DOM,Traditional Travel Agency,2025-01-17,Fri,DVO,1,76.36,92.0,0
2025-02-24,PPS,DOM,MNL HUB,MNLPPS,PR  2779,Y,Economy Flex,DOM,Traditional Travel Agency,2025-02-20,Mon,MNL,1,203.29,19.0,0
2025-02-16,MPH,DOM,MNL HUB,MNLMPH,PR  2041,Y,Economy Value,DOM,WEB/APP,2025-02-10,Sun,USU,1,100.54,21.0,0
2025-01-17,CEB,DOM,MNL HUB,CEBMNL,PR  1846,Y,Economy Saver,DOM,Traditional Travel Agency,2025-01-07,Fri,MNL,1,73.2,25.0,0
2025-03-28,CEB,DOM,MNL HUB,MNLCEB,PR  2849,Y,Economy Value,G.CN,Traditional Travel Agency,2025-03-17,Fri,MNL,1,200.53,26.0,0
2025-04-13,DVO,DOM,MNL HUB,DVOMNL,PR  2824,Y,Economy Saver,DOM,OTA,2025-04-12,Sun,DVO,1,73.49,16.0,0
2025-01-20,DVO,DOM,MNL HUB,MNLDVO,PR  1805,Y,Economy Supersaver,ME,Traditional Travel Agency,2024-12-19,Mon,DXB,1,66.47,47.0,0
2025-02-09,CEB,DOM,MNL HUB,MNLCEB,PR  2863,Y,Economy Saver,DOM,WEB/APP,2025-02-01,Sun,MNL,1,68.72,23.0,0
2025-03-19,CEB,DOM,MNL HUB,MNLCEB,PR  2835,J,Economy Saver,DOM,Traditional Travel Agency,2025-03-12,Wed,MNL,1,37.3,22.0,0
2025-04-02,IAO,DOM,MNL HUB,IAOMNL,PR  2974,J,Economy Flex,Offline,Sea Crew,2025-03-07,Wed,MNL,1,368.65,41.0,0
2025-01-08,TAC,DOM,MNL HUB,MNLTAC,PR  2985,Y,Economy Value,DOM,WEB/APP,2024-11-28,Wed,MNL,1,107.13,56.0,0
2025-02-11,TAG,DOM,MNL HUB,TAGMNL,PR  2774,Y,Economy Saver,Others,OTA,2025-02-07,Tue,TAG,2,108.1,19.0,1
2025-02-20,BCD,DOM,MNL HUB,MNLBCD,PR  2133,W,Premium Economy,DOM,WEB/APP,2024-12-16,Thu,MNL,1,107.38,81.0,0
2025-03-09,CEB,DOM,MNL HUB,MNLCEB,PR  2867,Y,Economy Supersaver,DOM,WEB/APP,2025-02-11,Sun,MNL,2,24.86,41.0,1
2025-02-10,CEB,DOM,MNL HUB,MNLCEB,PR  2835,Y,Economy Saver,DOM,Sea Crew,2025-02-05,Mon,MNL,1,71.43,20.0,0
2025-02-05,ZAM,DOM,MNL HUB,ZAMMNL,PR  2994,Y,Economy Value,DOM,Traditional Travel Agency,2025-01-30,Wed,ZAM,1,86.59,21.0,0
2025-04-13,DVO,DOM,MNL HUB,MNLDVO,PR  1803,Y,Economy Flex,Offline,Traditional Travel Agency,2025-04-10,Sun,KWI,1,210.6,18.0,0
2025-04-08,CBO,DOM,MNL HUB,MNLCBO,PR  2959,Y,Economy Saver,DOM,OTA,2025-03-25,Tue,MNL,1,85.15,29.0,0
2025-04-02,DVO,DOM,MNL HUB,MNLDVO,PR  1803,Y,Economy Supersaver,DOM,WEB/APP,2025-03-17,Wed,DVO,2,27.29,31.0,1
2025-03-26,CEB,DOM,MNL HUB,CEBMNL,PR  2852,J,Economy Saver,DOM,Sea Crew,2025-03-17,Wed,CEB,1,63.05,24.0,0
2025-02-19,DVO,DOM,MNL HUB,MNLDVO,PR  2815,Y,Economy Saver,DOM,WEB/APP,2025-01-24,Wed,MNL,2,60.24,41.0,1
2025-01-13,BXU,DOM,MNL HUB,MNLBXU,PR  2967,Y,Economy Supersaver,DOM,Traditional Travel Agency,2025-01-02,Mon,MNL,4,53.81,26.0,1
2025-01-08,BCD,DOM,MNL HUB,BCDMNL,PR  2136,W,Premium Economy,DOM,Traditional Travel Agency,2025-01-05,Wed,BCD,1,190.02,18.0,0
2025-04-11,MPH,DOM,MNL HUB,MNLMPH,PR  2045,W,Premium Economy,DOM,WEB/APP,2025-04-01,Fri,MNL,2,249.37,25.0,1
2025-03-22,CEB,DOM,MNL HUB,CEBMNL,PR  2858,Y,Economy Saver,DOM,WEB/APP,2025-03-14,Sat,MNL,1,70.17,23.0,0
2025-01-16,DVO,DOM,MNL HUB,MNLDVO,PR  1803,Y,Economy Supersaver,DOM,Ticket Office,2024-12-26,Thu,DVO,1,40.3,36.0,0
2025-03-29,CEB,DOM,MNL HUB,MNLCEB,PR  2869,Y,Economy Saver,DOM,WEB/APP,2025-03-27,Sat,MNL,1,70.94,17.0,0
2025-02-09,BXU,DOM,MNL HUB,MNLBXU,PR  2967,Y,Economy Saver,DOM,Traditional Travel Agency,2025-02-05,Sun,MNL,4,81.93,19.0,1
2025-03-20,ZAM,DOM,MNL HUB,ZAMMNL,PR  2950,Y,Economy Value,ME,OTA,2025-03-11,Thu,ZAM,1,99.45,24.0,0
2025-03-22,TAG,DOM,MNL HUB,TAGMNL,PR  2774,Y,Economy Value,DOM,WEB/APP,2025-03-16,Sat,MNL,3,99.96,21.0,1
2025-04-06,DGT,DOM,MNL HUB,MNLDGT,PR  2543,W,Premium Economy,DOM,WEB/APP,2024-11-06,Sun,MNL,2,237.76,166.0,1
2025-02-02,DVO,DOM,MNL HUB,MNLDVO,PR  2821,Y,Economy Saver,DOM,Traditional Travel Agency,2025-01-30,Sun,MNL,1,70.55,18.0,0
2025-02-26,CEB,DOM,MNL HUB,MNLCEB,PR  2869,Y,Economy Saver,DOM,WEB/APP,2025-02-23,Wed,MNL,1,70.65,18.0,0
2025-02-09,DVO,DOM,MNL HUB,DVOMNL,PR  2820,J,Economy Saver,DOM,WEB/APP,2025-01-17,Sun,MNL,1,46.28,38.0,0
2025-03-25,ZAM,DOM,MNL HUB,MNLZAM,PR  2949,Y,Economy Saver,DOM,Traditional Travel Agency,2025-03-15,Tue,MNL,1,73.22,25.0,0
2025-04-03,DVO,DOM,MNL HUB,MNLDVO,PR  1813,Y,Economy Value,DOM,Ticket Office,2025-03-05,Thu,MNL,2,96.32,44.0,1
2025-01-02,CBO,DOM,MNL HUB,CBOMNL,PR  2958,Y,Economy Value,DOM,Ticket Office,2024-12-09,Thu,MNL,1,96.21,39.0,0
2025-03-06,USU,DOM,MNL HUB,MNLUSU,PR  2961,Y,Economy Value,DOM,WEB/APP,2025-01-03,Thu,MNL,1,150.94,77.0,0
2025-01-12,DVO,DOM,MNL HUB,DVOMNL,PR  2818,Y,Economy Saver,DOM,Traditional Travel Agency,2025-01-01,Sun,DVO,1,27.98,26.0,0
2025-03-12,MPH,DOM,MNL HUB,MPHMNL,PR  2046,Y,Economy Supersaver,DOM,Traditional Travel Agency,2024-06-11,Wed,MNL,9,17.56,289.0,1
2025-04-08,DVO,DOM,MNL HUB,MNLDVO,PR  1817,J,Economy Value,,OTA,2025-01-12,Tue,LAX,1,132.6,101.0,0
2025-03-19,BCD,DOM,MNL HUB,BCDMNL,PR  2136,Y,Economy Supersaver,DOM,Traditional Travel Agency,2025-01-17,Wed,BCD,2,16.37,76.0,1
2025-02-16,MPH,DOM,MNL HUB,MNLMPH,PR  2043,Y,Economy Value,DOM,WEB/APP,2025-01-26,Sun,TAG,1,68.68,36.0,0
2025-03-06,TAG,DOM,MNL HUB,TAGMNL,PR  2772,J,Economy Supersaver,DOM,WEB/APP,2025-01-10,Thu,TAG,3,21.7,70.0,1
2025-03-02,BCD,DOM,MNL HUB,MNLBCD,PR  2133,Y,Economy Saver,DOM,WEB/APP,2025-02-24,Sun,MNL,1,69.0,21.0,0
2025-01-22,DVO,DOM,MNL HUB,MNLDVO,PR  2811,Y,Economy Supersaver,DOM,WEB/APP,2025-01-03,Wed,MNL,1,45.16,34.0,0
2025-04-12,LAO,DOM,MNL HUB,MNLLAO,PR  2196,Y,Economy Saver,AUS,OTA,2025-03-20,Sat,KUL,1,56.49,38.0,0
2025-04-09,BXU,DOM,MNL HUB,MNLBXU,PR  2938,W,Premium Economy,AUS,Traditional Travel Agency,2025-04-08,Wed,MEL,1,275.27,16.0,0
2025-02-10,CYP,DOM,MNL HUB,MNLCYP,PR  2671,J,Economy Saver,SEA,WEB/APP,2025-02-03,Mon,BKK,2,44.1,22.0,1
2025-01-29,TAC,DOM,MNL HUB,MNLTAC,PR  2985,Y,Economy Saver,DOM,Contact Center,2024-12-22,Wed,CEB,1,68.39,53.0,0
2025-01-25,DVO,DOM,MNL HUB,MNLDVO,PR  2821,Y,Economy Saver,DOM,Traditional Travel Agency,2025-01-25,Sat,MNL,1,88.07,15.0,0
2025-02-28,TAC,DOM,MNL HUB,TACMNL,PR  2988,Y,Economy Saver,DOM,Traditional Travel Agency,2025-02-06,Fri,MNL,1,69.23,37.0,0
2025-03-30,CEB,DOM,MNL HUB,CEBMNL,PR  1846,Y,Economy Value,DOM,Sea Crew,2025-03-28,Sun,CEB,2,153.62,17.0,1
2025-04-07,CEB,DOM,MNL HUB,CEBMNL,PR  1864,Y,Economy Supersaver,DOM,WEB/APP,,Mon,CEB,2,14.78,,1
2025-01-08,BCD,DOM,MNL HUB,MNLBCD,PR  2137,Y,Economy Flex,ME,Traditional Travel Agency,2025-01-06,Wed,DMM,1,115.44,17.0,0
2025-03-12,CRM,DOM,MNL HUB,MNLCRM,PR  2079,J,Economy Value,DOM,GSA/DSA,2025-02-21,Wed,MNL,1,126.09,34.0,0
2025-04-12,ZAM,DOM,MNL HUB,MNLZAM,PR  2949,Y,Economy Flex,DOM,Ticket Office,2025-04-09,Sat,MNL,1,240.27,18.0,0
2025-01-27,DVO,DOM,MNL HUB,MNLDVO,PR  2819,Y,Economy Value,DOM,Contact Center,2025-01-24,Mon,MNL,2,98.8,18.0,1
2025-01-20,ILO,DOM,MNL HUB,MNLILO,PR  2143,Y,Economy Value,DOM,WEB/APP,2024-09-10,Mon,MNL,2,114.0,147.0,1
2025-03-20,CGY,DOM,MNL HUB,MNLCGY,PR  2521,Y,Economy Supersaver,DOM,WEB/APP,2025-03-07,Thu,MNL,2,41.5,28.0,1
2025-04-08,PPS,DOM,MNL HUB,MNLPPS,PR  2779,Y,Economy Saver,DOM,OTA,2025-02-14,Tue,MNL,8,69.84,68.0,1
2025-02-10,ILO,DOM,MNL HUB,MNLILO,PR  2143,Y,Economy Supersaver,Offline,Traditional Travel Agency,2024-09-06,Mon,DXB,1,41.39,172.0,0
2025-01-06,MPH,DOM,MNL HUB,MPHMNL,PR  2042,Y,Economy Flex,DOM,WEB/APP,2025-01-05,Mon,MPH,1,191.56,16.0,0
2025-04-27,DVO,DOM,MNL HUB,MNLDVO,PR  1801,W,Premium Economy,G.CN,Traditional Travel Agency,2025-04-23,Sun,MNL,1,276.97,19.0,0
2025-03-20,BXU,DOM,MNL HUB,MNLBXU,PR  2967,Y,Economy Flex,ROW,,2025-02-20,Thu,,3,182.18,43.0,1
2025-02-03,DRP,DOM,MNL HUB,MNLDRP,PR  2919,Y,Economy Saver,DOM,Ticket Office,2025-01-21,Mon,MNL,1,55.37,28.0,0
2025-04-07,DVO,DOM,MNL HUB,MNLDVO,PR  1803,Y,Economy Saver,DOM,Corporate Web Portal,2025-03-27,Mon,DVO,1,63.36,26.0,0
2025-03-05,BXU,DOM,MNL HUB,MNLBXU,PR  2938,Y,Economy Value,DOM,WEB/APP,2025-03-04,Wed,MNL,3,137.33,16.0,1
2025-02-24,CEB,DOM,MNL HUB,CEBMNL,PR  2880,Y,Economy Value,DOM,Traditional Travel Agency,2025-02-18,Mon,CBO,2,60.04,21.0,1
2025-03-21,USU,DOM,MNL HUB,MNLUSU,PR  2961,J,Economy Saver,SEA,WEB/APP,2025-02-04,Fri,SIN,1,30.49,60.0,0
2025-03-15,DVO,DOM,MNL HUB,MNLDVO,PR  2821,J,Economy Supersaver,DOM,Traditional Travel Agency,2024-11-26,Sat,MNL,2,19.48,124.0,1
2025-02-10,DVO,DOM,MNL HUB,MNLDVO,PR  1809,Y,Economy Saver,DOM,WEB/APP,2025-01-11,Mon,DVO,1,46.42,45.0,0
2025-04-28,CEB,DOM,MNL HUB,CEBMNL,PR  1842,Y,Economy Supersaver,DOM,WEB/APP,2025-02-27,Mon,CEB,2,35.37,75.0,1
2025-04-10,CEB,DOM,MNL HUB,MNLCEB,PR  2835,Y,Economy Saver,DOM,WEB/APP,2025-03-06,Thu,MNL,1,61.42,50.0,0
2025-04-21,CGY,DOM,MNL HUB,CGYMNL,PR  1534,W,Premium Economy,DOM,Traditional Travel Agency,2025-04-20,Mon,CGY,1,240.86,16.0,0
2025-02-02,DVO,DOM,MNL HUB,DVOMNL,PR  2808,Y,Economy Supersaver,DOM,Traditional Travel Agency,2024-12-15,Sun,DVO,7,25.67,64.0,1
2025-02-02,DRP,DOM,MNL HUB,DRPMNL,PR  2922,Y,Economy Saver,DOM,Corporate Web Portal,2025-01-28,Sun,DRP,1,71.9,20.0,0
2025-01-15,ZAM,DOM,MNL HUB,MNLZAM,PR  2997,Y,Economy Value,DOM,WEB/APP,2025-01-13,Wed,MNL,1,139.98,17.0,0
2025-02-05,DVO,DOM,MNL HUB,MNLDVO,PR  1809,Y,Economy Value,DOM,Traditional Travel Agency,2025-02-03,Wed,MNL,2,92.17,17.0,1
2025-04-02,CGY,DOM,MNL HUB,CGYMNL,PR  2530,Y,Economy Supersaver,DOM,OTA,2025-03-21,Wed,CGY,2,47.53,27.0,1
2025-02-03,TAC,DOM,MNL HUB,MNLTAC,PR  2987,Y,Economy Saver,DOM,WEB/APP,2025-02-02,Mon,MNL,2,86.48,16.0,1
2025-02-28,DVO,DOM,MNL HUB,MNLDVO,PR  2813,J,Economy Supersaver,DOM,Traditional Travel Agency,2025-02-27,Fri,MNL,2,40.71,16.0,1
2025-02-24,PPS,DOM,MNL HUB,MNLPPS,PR  2781,Y,Economy Saver,DOM,Ticket Office,2025-01-21,Mon,PPS,1,59.79,49.0,0
2025-01-18,RXS,DOM,MNL HUB,MNLRXS,PR  2203,J,Economy Supersaver,DOM,WEB/APP,2024-12-30,Sat,MNL,2,37.97,34.0,1
2025-01-12,LAO,DOM,MNL HUB,MNLLAO,PR  2198,Y,Economy Saver,G.CN,Traditional Travel Agency,2024-10-03,Sun,HKG,1,54.43,116.0,0
2025-03-02,DGT,DOM,MNL HUB,DGTMNL,PR  2546,Y,Economy Flex,DOM,WEB/APP,2025-02-27,Sun,DGT,1,160.46,18.0,0
2025-03-29,CEB,DOM,MNL HUB,CEBMNL,PR  2850,W,Premium Economy,DOM,Corporate Web Portal,2025-03-11,Sat,CEB,1,101.1,33.0,0
2025-02-22,CEB,DOM,MNL HUB,CEBMNL,PR  2860,Y,Economy Saver,DOM,Ticket Office,2025-01-02,Sat,IAO,1,48.23,66.0,0
2025-03-02,GES,DOM,MNL HUB,MNLGES,PR  2455,Y,Economy Saver,DOM,Traditional Travel Agency,2025-02-20,Sun,MNL,3,71.61,25.0,1
2025-02-25,DVO,DOM,MNL HUB,DVOMNL,PR  1806,Y,Economy Saver,DOM,Ticket Office,2025-02-05,Tue,DVO,1,171.25,35.0,0
2025-01-01,BCD,DOM,MNL HUB,MNLBCD,PR  2137,Y,Economy Saver,SEA,OTA,2024-09-11,Wed,KUL,1,50.34,127.0,0
2025-04-05,CGY,DOM,MNL HUB,CGYMNL,PR  2522,W,Premium Economy,,WEB/APP,2025-03-11,Sat,JFK,3,98.41,40.0,1
2025-03-19,ZAM,DOM,MNL HUB,MNLZAM,PR  2997,Y,Economy Saver,DOM,WEB/APP,2025-03-07,Wed,ZAM,1,61.24,27.0,0
2025-03-16,CEB,DOM,MNL HUB,CEBMNL,PR  2846,Y,Economy Saver,DOM,WEB/APP,2025-03-09,Sun,CEB,2,76.21,22.0,1
2025-04-10,CGY,DOM,MNL HUB,CGYMNL,PR  2530,Y,Economy Supersaver,DOM,OTA,2025-01-07,Thu,CGY,4,25.81,108.0,1
2025-01-19,DPL,DOM,MNL HUB,DPLMNL,PR  2558,Y,Economy Saver,DOM,WEB/APP,2025-01-06,Sun,DPL,1,58.02,28.0,0
2025-01-31,CEB,DOM,MNL HUB,MNLCEB,PR  2851,W,Premium Economy,DOM,WEB/APP,2025-01-27,Fri,MNL,2,182.03,19.0,1
2025-04-06,BCD,DOM,MNL HUB,BCDMNL,PR  2136,Y,Economy Saver,DOM,Contact Center,2025-03-21,Sun,BCD,3,75.67,31.0,1
2025-04-24,DVO,DOM,MNL HUB,DVOMNL,PR  2816,Y,Economy Value,DOM,Traditional Travel Agency,2025-04-10,Thu,DVO,2,95.59,29.0,1
2025-04-09,RXS,DOM,MNL HUB,MNLRXS,PR  2203,Y,Economy Saver,DOM,WEB/APP,2025-03-17,Wed,MNL,2,68.23,38.0,1
2025-01-27,DRP,DOM,MNL HUB,MNLDRP,PR  2919,J,Economy Saver,DOM,Traditional Travel Agency,2025-01-14,Mon,MNL,1,63.26,28.0,0
2025-01-10,CEB,DOM,MNL HUB,CEBMNL,PR  1842,Y,Economy Supersaver,DOM,WEB/APP,2024-12-30,Fri,CEB,1,39.27,26.0,0
2025-01-09,LAO,DOM,MNL HUB,LAOMNL,PR  2199,Y,Economy Saver,DOM,Traditional Travel Agency,2025-01-06,Thu,LAO,1,85.34,18.0,0
2025-04-27,BCD,DOM,MNL HUB,MNLBCD,PR  2137,Y,Economy Value,DOM,Ticket Office,2025-04-04,Sun,MNL,1,80.09,38.0,0
2025-02-14,KLO,DOM,MNL HUB,KLOMNL,PR  2970,J,Economy Supersaver,DOM,Ticket Office,2025-01-30,Fri,KLO,1,32.42,30.0,0
2025-04-22,TAG,DOM,MNL HUB,MNLTAG,PR  2777,Y,Economy Saver,DOM,WEB/APP,2025-02-25,Tue,MNL,1,64.94,71.0,0
2025-01-05,TAC,DOM,MNL HUB,TACMNL,PR  2986,Y,Economy Flex,DOM,Ticket Office,2024-12-29,Sun,TAC,2,45.46,22.0,1
2025-04-08,BXU,DOM,MNL HUB,MNLBXU,PR  2938,Y,Economy Saver,DOM,Traditional Travel Agency,2025-03-08,Tue,BXU,1,73.62,46.0,0
2025-04-24,DVO,DOM,MNL HUB,MNLDVO,PR  2825,Y,Economy Value,DOM,OTA,2025-04-22,Thu,MNL,2,126.74,17.0,1
2025-01-14,OZC,DOM,MNL HUB,OZCMNL,PR  2890,Y,Economy Saver,DOM,Traditional Travel Agency,2024-11-29,Tue,MNL,1,47.56,61.0,0
2025-01-30,DVO,DOM,MNL HUB,MNLDVO,PR  2821,Y,Economy Supersaver,DOM,Ticket Office,2024-09-27,Thu,DVO,2,28.58,140.0,1
2025-02-15,DRP,DOM,MNL HUB,DRPMNL,PR  2922,J,Economy Supersaver,DOM,Contact Center,2024-06-04,Sat,DRP,2,10.43,271.0,1
2025-01-23,MPH,DOM,MNL HUB,MNLMPH,PR  2041,Y,Economy Saver,DOM,WEB/APP,2025-01-09,Thu,MNL,7,83.22,29.0,1
2025-02-25,BCD,DOM,MNL HUB,BCDMNL,PR  2130,Y,Economy Supersaver,DOM,Traditional Travel Agency,2024-11-15,Tue,MNL,1,25.61,117.0,0
2025-04-25,CEB,DOM,MNL HUB,CEBMNL,PR  2854,Y,Economy Flex,DOM,WEB/APP,2025-04-24,Fri,CEB,1,157.2,16.0,0
2025-04-13,DVO,DOM,MNL HUB,DVOMNL,PR  1810,Y,Economy Value,DOM,WEB/APP,2025-03-16,Sun,DVO,1,177.93,43.0,0
2025-01-23,LAO,DOM,MNL HUB,LAOMNL,PR  2197,J,Economy Value,DOM,Traditional Travel Agency,2024-12-25,Thu,LAO,1,113.09,44.0,0
2025-02-19,DVO,DOM,MNL HUB,DVOMNL,PR  2824,Y,Economy Saver,DOM,WEB/APP,2025-02-04,Wed,MNL,1,46.55,30.0,0
2025-01-23,TAC,DOM,MNL HUB,MNLTAC,PR  2981,J,Economy Value,DOM,WEB/APP,2025-01-07,Thu,MNL,1,106.4,31.0,0
2025-02-06,CEB,DOM,MNL HUB,MNLCEB,PR  2863,Y,Economy Saver,DOM,Traditional Travel Agency,2025-01-15,Thu,CEB,1,70.87,37.0,0
2025-04-27,CEB,DOM,MNL HUB,CEBMNL,PR  2880,Y,Economy Saver,DOM,Traditional Travel Agency,2025-02-26,Sun,TUG,5,52.06,75.0,1
2025-01-09,MPH,DOM,MNL HUB,MPHMNL,PR  2048,Y,Economy Saver,Offline,OTA,2024-09-25,Thu,MPH,4,122.88,121.0,1
2025-04-13,CEB,DOM,MNL HUB,MNLCEB,PR  2869,Y,Economy Value,DOM,OTA,2025-04-13,Sun,MNL,1,113.23,15.0,0
2025-01-09,BCD,DOM,MNL HUB,BCDMNL,PR  2134,Y,Economy Saver,SEA,OTA,2024-10-16,Thu,SIN,2,51.58,100.0,1
2025-04-12,DVO,DOM,MNL HUB,DVOMNL,PR  1814,Y,Economy Saver,DOM,WEB/APP,2025-03-31,Sat,DVO,3,73.73,27.0,1
2025-04-25,TAG,DOM,MNL HUB,MNLTAG,PR  2773,Y,Economy Value,,Traditional Travel Agency,2025-03-28,Fri,MNL,1,179.04,43.0,0
2025-04-12,DVO,DOM,MNL HUB,DVOMNL,PR  2816,Y,Economy Saver,,Contact Center,2025-01-09,Sat,JFK,1,127.09,108.0,0
2025-04-24,CEB,DOM,MNL HUB,MNLCEB,PR  2867,Y,Economy Supersaver,DOM,OTA,2025-01-27,Thu,MNL,1,19.47,102.0,0
2025-04-26,CEB,DOM,MNL HUB,MNLCEB,PR  2853,Y,Economy Saver,DOM,Traditional Travel Agency,2025-02-22,Sat,CEB,1,70.89,78.0,0
2025-01-25,ILO,DOM,MNL HUB,MNLILO,PR  2147,Y,Economy Saver,ME,Traditional Travel Agency,2025-01-24,Sat,DXB,1,54.5,16.0,0
2025-04-02,ILO,DOM,MNL HUB,MNLILO,PR  2143,Y,Economy Supersaver,DOM,WEB/APP,2025-03-24,Wed,MNL,1,53.4,24.0,0
2025-04-22,OZC,DOM,MNL HUB,OZCMNL,PR  2890,Y,Economy Saver,SEA,TMC,2025-04-17,Tue,OZC,1,119.41,20.0,0
2025-04-04,BXU,DOM,MNL HUB,MNLBXU,PR  2938,Y,Economy Saver,DOM,WEB/APP,2025-03-26,Fri,MNL,2,73.55,24.0,1
2025-03-09,CEB,DOM,MNL HUB,MNLCEB,PR  2853,Y,Economy Value,DOM,Ticket Office,2025-03-04,Sun,MNL,2,136.95,20.0,1
2025-04-10,TAG,DOM,MNL HUB,MNLTAG,PR  2775,Y,Economy Saver,SEA,OTA,2025-04-09,Thu,MNL,5,125.01,16.0,1
2025-04-05,CEB,DOM,MNL HUB,MNLCEB,PR  2861,J,Economy Saver,SEA,WEB/APP,2025-02-24,Sat,SGN,2,71.16,55.0,1
2025-04-05,MPH,DOM,MNL HUB,MNLMPH,PR  2045,Y,Economy Supersaver,DOM,OTA,2024-08-18,Sat,MNL,9,36.15,245.0,1
2025-01-09,CEB,DOM,MNL HUB,CEBMNL,PR  2880,Y,Economy Supersaver,DOM,Traditional Travel Agency,2025-01-06,Thu,MNL,1,63.03,18.0,0
2025-02-18,CEB,DOM,MNL HUB,MNLCEB,PR  1841,Y,Economy Saver,AUS,WEB/APP,2024-03-20,Tue,SYD,1,122.92,350.0,0
2025-04-03,BCD,DOM,MNL HUB,BCDMNL,PR  2130,Y,Economy Supersaver,DOM,Traditional Travel Agency,2024-06-27,Thu,LAX,2,34.74,295.0,1
2025-03-28,CEB,DOM,MNL HUB,CEBMNL,PR  1862,Y,Economy Flex,Offline,Sea Crew,2025-02-07,Fri,CEB,1,85.07,64.0,0
2025-04-08,BCD,DOM,MNL HUB,MNLBCD,PR  2129,Y,Economy Supersaver,DOM,WEB/APP,2025-02-25,Tue,MNL,2,27.07,57.0,1
2025-04-13,DGT,DOM,MNL HUB,DGTMNL,PR  2544,Y,Economy Saver,DOM,WEB/APP,2025-02-04,Sun,MNL,1,84.4,83.0,0
2025-04-28,CEB,DOM,MNL HUB,CEBMNL,PR  1842,Y,Economy Value,DOM,Contact Center,2025-04-16,Mon,CEB,2,111.75,27.0,1
2025-01-03,DRP,DOM,MNL HUB,DRPMNL,PR  2920,Y,Economy Flex,DOM,WEB/APP,2024-11-18,Fri,DRP,1,137.13,61.0,0
2025-01-12,CGY,DOM,MNL HUB,CGYMNL,PR  2528,Y,Economy Saver,DOM,WEB/APP,2024-12-28,Sun,CGY,1,74.23,30.0,0
2025-03-23,BCD,DOM,MNL HUB,BCDMNL,PR  2138,Y,Economy Saver,DOM,WEB/APP,2025-03-21,Sun,BCD,4,65.62,17.0,1
2025-04-03,CEB,DOM,MNL HUB,CEBMNL,PR  2854,Y,Economy Saver,DOM,WEB/APP,2024-12-22,Thu,CEB,2,62.72,117.0,1
2025-03-10,DVO,DOM,MNL HUB,DVOMNL,PR  2812,Y,Economy Flex,DOM,WEB/APP,2025-03-03,Mon,DVO,2,260.64,22.0,1
2025-04-01,EUQ,DOM,MNL HUB,EUQMNL,PR  2906,Y,Economy Supersaver,DOM,WEB/APP,2025-02-24,Tue,RUH,1,47.42,51.0,0
2025-03-02,CEB,DOM,MNL HUB,MNLCEB,PR  1861,Y,Economy Supersaver,DOM,Sea Crew,2025-01-31,Sun,CEB,2,25.85,45.0,1
2025-01-16,CGY,DOM,MNL HUB,MNLCGY,PR  2525,J,Economy Value,DOM,Traditional Travel Agency,2024-09-01,Thu,CGY,2,90.27,152.0,1
2025-03-23,CEB,DOM,MNL HUB,CEBMNL,PR  1862,Y,Economy Supersaver,DOM,Traditional Travel Agency,2025-02-06,Sun,MNL,2,36.84,60.0,1
2025-01-28,CGY,DOM,MNL HUB,CGYMNL,PR  2530,Y,Economy Saver,DOM,Traditional Travel Agency,2025-01-20,Tue,CGY,8,59.11,23.0,1
2025-01-29,TAC,DOM,MNL HUB,MNLTAC,PR  2987,Y,Economy Saver,DOM,WEB/APP,2025-01-28,Wed,MNL,1,86.33,16.0,0
2025-04-11,CEB,DOM,MNL HUB,MNLCEB,PR  2849,J,Economy Flex,DOM,Traditional Travel Agency,2025-04-10,Fri,MNL,1,211.94,16.0,0
2025-02-11,ZAM,DOM,MNL HUB,MNLZAM,PR  2949,Y,Economy Saver,DOM,Contact Center,2025-01-27,Tue,MNL,1,57.65,30.0,0
2025-03-21,CEB,DOM,MNL HUB,MNLCEB,PR  2849,Y,Economy Saver,SEA,WEB/APP,2024-11-23,Fri,HAN,1,54.39,133.0,0
2025-04-06,DRP,DOM,MNL HUB,MNLDRP,PR  2921,Y,Economy Supersaver,DOM,OTA,2025-02-14,Sun,DVO,1,36.93,66.0,0
2025-01-06,CEB,DOM,MNL HUB,MNLCEB,PR  1861,J,Economy Supersaver,DOM,Traditional Travel Agency,2024-09-08,Mon,CEB,1,20.16,135.0,0
2025-02-19,DVO,DOM,MNL HUB,MNLDVO,PR  2811,J,Economy Value,DOM,Traditional Travel Agency,2025-02-06,Wed,MNL,1,116.41,28.0,0
2025-01-10,LAO,DOM,MNL HUB,LAOMNL,PR  2199,Y,Economy Value,DOM,WEB/APP,2024-12-19,Fri,LAO,2,94.93,37.0,1
2025-04-08,BXU,DOM,MNL HUB,BXUMNL,PR  2939,Y,Economy Supersaver,DOM,WEB/APP,2025-01-28,Tue,BXU,2,24.04,85.0,1
2025-03-08,BCD,DOM,MNL HUB,BCDMNL,PR  2132,Y,Economy Saver,DOM,Traditional Travel Agency,2025-03-05,Sat,BCD,1,59.13,18.0,0
2025-01-23,ZAM,DOM,MNL HUB,ZAMMNL,PR  2950,Y,Economy Supersaver,DOM,Traditional Travel Agency,2025-01-22,Thu,ZAM,7,43.92,16.0,1
2025-04-01,USU,DOM,MNL HUB,USUMNL,PR  2964,Y,Economy Value,DOM,OTA,2025-02-03,Tue,USU,7,176.77,72.0,1
2025-04-13,CEB,DOM,MNL HUB,CEBMNL,PR  1864,Y,Economy Supersaver,DOM,OTA,2025-02-06,Sun,CEB,1,34.72,81.0,0
2025-03-30,ZAM,DOM,MNL HUB,MNLZAM,PR  2953,Y,Economy Saver,DOM,OTA,2025-03-20,Sun,MNL,1,77.35,25.0,0
2025-04-09,CBO,DOM,MNL HUB,MNLCBO,PR  2959,J,Economy Flex,DOM,Contact Center,2025-04-08,Wed,MNL,1,223.99,16.0,0
2025-04-08,ILO,DOM,MNL HUB,MNLILO,PR  2141,Y,Economy Saver,G.CN,Traditional Travel Agency,2025-03-26,Tue,HKG,1,42.81,28.0,0
2025-04-11,TAG,DOM,MNL HUB,TAGMNL,PR  2774,Y,Economy Saver,DOM,Traditional Travel Agency,2025-03-27,Fri,MNL,1,94.81,30.0,0
2025-03-23,CEB,DOM,MNL HUB,CEBMNL,PR  2854,W,Premium Economy,DOM,WEB/APP,2025-03-20,Sun,MNL,1,245.65,18.0,0
2025-01-01,DRP,DOM,MNL HUB,MNLDRP,PR  2923,Y,Economy Supersaver,DOM,WEB/APP,2024-09-06,Wed,MNL,1,29.3,132.0,0
2025-04-11,MPH,DOM,MNL HUB,MNLMPH,PR  2043,Y,Economy Saver,DOM,Sea Crew,2025-03-26,Fri,MNL,1,87.12,31.0,0
2025-03-29,CGY,DOM,MNL HUB,MNLCGY,PR  2521,W,Premium Economy,DOM,Ticket Office,2025-03-21,Sat,CGY,1,163.48,23.0,0
2025-03-22,CEB,DOM,MNL HUB,CEBMNL,PR  2836,J,Economy Supersaver,DOM,WEB/APP,2025-01-01,Sat,CEB,2,18.08,95.0,1
2025-04-02,USU,DOM,MNL HUB,USUMNL,PR  2964,Y,Economy Saver,G.CN,WEB/APP,2025-01-07,Wed,TPE,4,44.43,100.0,1
2025-01-14,CRM,DOM,MNL HUB,MNLCRM,PR  2079,Y,Economy Flex,DOM,Corporate Web Portal,2025-01-13,Tue,MNL,1,191.62,16.0,0
2025-03-16,MPH,DOM,MNL HUB,MNLMPH,PR  2039,Y,Economy Supersaver,DOM,Traditional Travel Agency,2024-06-19,Sun,MNL,7,16.56,285.0,1
2025-03-15,CEB,DOM,MNL HUB,CEBMNL,PR  2836,Y,Economy Supersaver,DOM,Traditional Travel Agency,2024-12-15,Sat,MNL,18,19.39,105.0,1
2025-03-26,TAG,DOM,MNL HUB,TAGMNL,PR  2776,Y,Economy Supersaver,DOM,WEB/APP,2025-03-25,Wed,TAG,1,56.89,16.0,0
2025-01-22,CEB,DOM,MNL HUB,CEBMNL,PR  1842,Y,Economy Saver,AUS,OTA,2024-12-24,Wed,FUK,4,64.34,44.0,1
2025-03-09,CEB,DOM,MNL HUB,CEBMNL,PR  2880,J,Economy Saver,DOM,Traditional Travel Agency,2025-02-06,Sun,MPH,1,42.76,46.0,0
2025-01-09,CGY,DOM,MNL HUB,CGYMNL,PR  2526,J,Economy Saver,DOM,Traditional Travel Agency,2024-10-09,Thu,MNL,1,64.19,107.0,0
2025-01-31,DVO,DOM,MNL HUB,MNLDVO,PR  2821,Y,Economy Supersaver,DOM,Traditional Travel Agency,2024-12-22,Fri,MNL,3,31.73,55.0,1
2025-04-29,ILO,DOM,MNL HUB,MNLILO,PR  2147,Y,Economy Value,,Sea Crew,2024-11-07,Tue,MIA,1,154.7,188.0,0
2025-04-21,ILO,DOM,MNL HUB,MNLILO,PR  2143,Y,Economy Supersaver,,WEB/APP,2025-03-08,Mon,YVR,1,41.48,59.0,0
2025-04-04,CGY,DOM,MNL HUB,CGYMNL,PR  2528,Y,Economy Saver,DOM,Traditional Travel Agency,2025-03-31,Fri,MNL,3,81.72,19.0,1
2025-04-04,DVO,DOM,MNL HUB,MNLDVO,PR  2811,J,Economy Supersaver,DOM,Traditional Travel Agency,2025-03-01,Fri,CBO,1,32.28,49.0,0
2025-01-03,MPH,DOM,MNL HUB,MNLMPH,PR  2045,Y,Economy Saver,AUS,OTA,2024-10-04,Fri,MNL,3,124.42,106.0,1
2025-03-12,CEB,DOM,MNL HUB,MNLCEB,PR  2859,Y,Economy Flex,ROW,,2025-02-26,Wed,,1,107.1,29.0,0
2025-01-25,DGT,DOM,MNL HUB,MNLDGT,PR  2545,Y,Economy Saver,SEA,WEB/APP,2025-01-14,Sat,PNH,1,77.47,26.0,0
2025-04-21,DVO,DOM,MNL HUB,DVOMNL,PR  1818,Y,Economy Saver,DOM,WEB/APP,2025-03-15,Mon,MNL,1,75.06,52.0,0
2025-01-01,BCD,DOM,MNL HUB,BCDMNL,PR  2138,Y,Economy Saver,DOM,WEB/APP,2024-08-04,Wed,MNL,1,77.73,165.0,0
2025-02-27,DGT,DOM,MNL HUB,DGTMNL,PR  2546,Y,Economy Supersaver,SEA,WEB/APP,2025-01-21,Thu,BKK,1,49.7,52.0,0
2025-01-31,DVO,DOM,MNL HUB,DVOMNL,PR  1806,J,Economy Value,DOM,Traditional Travel Agency,2025-01-30,Fri,DVO,1,120.72,16.0,0
2025-04-02,DGT,DOM,MNL HUB,MNLDGT,PR  2545,Y,Economy Saver,DOM,OTA,2025-03-07,Wed,MNL,1,82.99,41.0,0
2025-04-24,PPS,DOM,MNL HUB,MNLPPS,PR  2787,Y,Economy Flex,DOM,WEB/APP,2025-04-21,Thu,MNL,3,155.85,18.0,1
2025-02-21,BCD,DOM,MNL HUB,MNLBCD,PR  2131,Y,Economy Flex,DOM,Corporate Web Portal,2025-02-19,Fri,MNL,1,188.44,17.0,0
2025-04-07,PPS,DOM,MNL HUB,PPSMNL,PR  2782,Y,Economy Value,DOM,WEB/APP,2025-02-06,Mon,PPS,1,105.85,75.0,0
2025-01-01,ILO,DOM,MNL HUB,MNLILO,PR  2143,Y,Economy Supersaver,,WEB/APP,2024-08-06,Wed,LAX,1,38.18,163.0,0
2025-04-28,DVO,DOM,MNL HUB,DVOMNL,PR  1810,J,Economy Saver,ME,WEB/APP,2025-01-22,Mon,DOH,1,62.14,111.0,0
2025-03-31,ZAM,DOM,MNL HUB,MNLZAM,PR  2997,Y,Economy Flex,DOM,WEB/APP,2025-03-28,Mon,MNL,1,158.2,18.0,0
2025-03-31,ILO,DOM,MNL HUB,MNLILO,PR  2147,J,Economy Supersaver,DOM,OTA,2025-03-16,Mon,MNL,1,27.97,30.0,0
2025-03-28,GES,DOM,MNL HUB,MNLGES,PR  453,Y,Economy Supersaver,DOM,Contact Center,2024-07-01,Fri,MNL,2,27.68,285.0,1
2025-04-06,DVO,DOM,MNL HUB,MNLDVO,PR  1803,Y,Economy Supersaver,DOM,OTA,2025-03-04,Sun,MNL,1,28.01,48.0,0
2025-03-15,OZC,DOM,MNL HUB,MNLOZC,PR  2889,Y,Economy Saver,DOM,Ticket Office,2025-02-28,Sat,MNL,1,62.45,30.0,0
2025-04-03,DVO,DOM,MNL HUB,MNLDVO,PR  2821,W,Premium Economy,DOM,Ticket Office,2025-04-02,Thu,MNL,1,196.8,16.0,0
2025-04-04,ILO,DOM,MNL HUB,MNLILO,PR  2143,Y,Economy Saver,DOM,Ticket Office,2025-03-31,Fri,MNL,1,80.52,19.0,0
2025-03-06,DVO,DOM,MNL HUB,DVOMNL,PR  2824,Y,Economy Supersaver,DOM,Traditional Travel Agency,2025-02-19,Thu,DVO,6,24.49,30.0,1
2025-04-07,CEB,DOM,MNL HUB,MNLCEB,PR  2861,Y,Economy Supersaver,DOM,WEB/APP,2025-02-04,Mon,LAO,1,34.66,77.0,0
2025-02-20,CEB,DOM,MNL HUB,CEBMNL,PR  2880,Y,Economy Saver,DOM,Traditional Travel Agency,2025-02-13,Thu,ZAM,1,38.46,22.0,0
2025-02-08,KLO,DOM,MNL HUB,MNLKLO,PR  2969,J,Economy Supersaver,DOM,WEB/APP,2024-11-22,Sat,KLO,2,19.45,93.0,1
2025-04-27,CEB,DOM,MNL HUB,MNLCEB,PR  1863,Y,Economy Saver,SEA,WEB/APP,2025-04-16,Sun,KUL,1,55.06,26.0,0
2025-02-17,DVO,DOM,MNL HUB,MNLDVO,PR  2817,Y,Economy Saver,G.CN,WEB/APP,2025-01-14,Mon,TPE,1,79.64,49.0,0
2025-02-06,ILO,DOM,MNL HUB,ILOMNL,PR  2148,Y,Economy Value,DOM,WEB/APP,2025-02-05,Thu,ILO,8,87.87,16.0,1
2025-04-23,MPH,DOM,MNL HUB,MPHMNL,PR  2044,Y,Economy Supersaver,DOM,WEB/APP,2024-06-13,Wed,MNL,5,16.56,329.0,1
2025-02-06,BCD,DOM,MNL HUB,MNLBCD,PR  2133,Y,Economy Value,DOM,Traditional Travel Agency,2025-01-09,Thu,MNL,1,68.28,43.0,0
2025-01-30,BCD,DOM,MNL HUB,MNLBCD,PR  2131,W,Premium Economy,DOM,Traditional Travel Agency,2025-01-28,Thu,MNL,2,181.21,17.0,1
2025-03-29,CGY,DOM,MNL HUB,MNLCGY,PR  2519,Y,Economy Saver,DOM,Traditional Travel Agency,2025-03-16,Sat,TPE,1,83.17,28.0,0
2025-01-06,BXU,DOM,MNL HUB,BXUMNL,PR  2968,Y,Economy Saver,SEA,OTA,2024-10-03,Mon,BXU,1,57.08,110.0,0
2025-02-20,DGT,DOM,MNL HUB,MNLDGT,PR  2543,J,Economy Saver,DOM,Traditional Travel Agency,2025-02-13,Thu,MNL,1,91.13,22.0,0
2025-01-09,ILO,DOM,MNL HUB,ILOMNL,PR  2140,Y,Economy Value,DOM,Traditional Travel Agency,2024-09-01,Thu,ILO,9,59.72,145.0,1
2025-02-13,DVO,DOM,MNL HUB,DVOMNL,PR  2818,Y,Economy Supersaver,DOM,Traditional Travel Agency,2025-02-12,Thu,DVO,1,46.52,16.0,0
2025-02-25,CEB,DOM,MNL HUB,MNLCEB,PR  1841,Y,Economy Supersaver,DOM,Traditional Travel Agency,2025-01-07,Tue,MNL,1,35.88,64.0,0
2025-01-06,TAG,DOM,MNL HUB,MNLTAG,PR  2773,Y,Economy Supersaver,DOM,Contact Center,2024-06-15,Mon,MNL,2,37.33,220.0,1
2025-04-29,DVO,DOM,MNL HUB,DVOMNL,PR  1818,Y,Economy Saver,DOM,WEB/APP,2025-03-08,Tue,MNL,1,49.81,67.0,0
2025-03-24,CGY,DOM,MNL HUB,MNLCGY,PR  2527,Y,Economy Supersaver,DOM,OTA,2025-03-14,Mon,MNL,1,32.7,25.0,0
2025-01-06,CGY,DOM,MNL HUB,MNLCGY,PR  2519,Y,Economy Flex,DOM,Contact Center,2025-01-03,Mon,MNL,1,163.63,18.0,0
2025-04-05,GES,DOM,MNL HUB,GESMNL,PR  454,Y,Economy Saver,,WEB/APP,2025-01-02,Sat,YYC,1,98.86,108.0,0
2025-01-23,DVO,DOM,MNL HUB,MNLDVO,PR  2823,Y,Economy Supersaver,DOM,Traditional Travel Agency,2024-12-21,Thu,MNL,1,40.46,48.0,0
2025-01-05,BCD,DOM,MNL HUB,BCDMNL,PR  2136,W,Premium Economy,DOM,WEB/APP,2024-12-21,Sun,BCD,1,187.76,30.0,0
2025-01-19,TAC,DOM,MNL HUB,MNLTAC,PR  2987,W,Premium Economy,DOM,WEB/APP,2025-01-14,Sun,MNL,2,178.84,20.0,1
2025-03-27,ILO,DOM,MNL HUB,ILOMNL,PR  2140,Y,Economy Value,G.CN,Traditional Travel Agency,2025-03-26,Thu,ILO,2,145.2,16.0,1
2025-03-13,DPL,DOM,MNL HUB,MNLDPL,PR  2557,J,Economy Value,DOM,WEB/APP,2025-03-07,Thu,MNL,2,133.84,21.0,1
2025-04-10,DVO,DOM,MNL HUB,DVOMNL,PR  1804,Y,Economy Saver,ME,Traditional Travel Agency,2025-01-26,Thu,ELQ,1,70.72,89.0,0
2025-03-26,IAO,DOM,MNL HUB,IAOMNL,PR  2974,Y,Economy Saver,DOM,WEB/APP,2025-02-27,Wed,IAO,1,62.58,42.0,0
2025-03-26,DVO,DOM,MNL HUB,DVOMNL,PR  1810,Y,Economy Saver,DOM,Corporate Web Portal,2025-03-11,Wed,DVO,1,61.85,30.0,0
2025-02-11,BXU,DOM,MNL HUB,BXUMNL,PR  2968,Y,Economy Value,DOM,WEB/APP,2025-02-06,Tue,BXU,4,96.02,20.0,1
2025-03-06,PPS,DOM,MNL HUB,MNLPPS,PR  2785,Y,Economy Supersaver,DOM,Traditional Travel Agency,2025-01-16,Thu,TAG,3,21.64,64.0,1
2025-03-24,USU,DOM,MNL HUB,MNLUSU,PR  2965,Y,Economy Saver,DOM,WEB/APP,2024-12-16,Mon,MNL,2,127.24,113.0,1
2025-03-17,ILO,DOM,MNL HUB,MNLILO,PR  2141,Y,Economy Supersaver,DOM,Traditional Travel Agency,2025-03-06,Mon,DVO,1,48.93,26.0,0
2025-01-29,BCD,DOM,MNL HUB,BCDMNL,PR  2130,J,Economy Saver,ME,Traditional Travel Agency,2025-01-06,Wed,BCD,1,44.94,38.0,0
2025-02-06,ILO,DOM,MNL HUB,ILOMNL,PR  2146,Y,Economy Supersaver,DOM,Ticket Office,2024-09-19,Thu,ILO,1,13.68,155.0,0
2025-04-25,IAO,DOM,MNL HUB,MNLIAO,PR  2973,W,Premium Economy,DOM,WEB/APP,2025-04-24,Fri,MNL,1,394.38,16.0,0
2025-02-22,BCD,DOM,MNL HUB,MNLBCD,PR  2133,Y,Economy Value,DOM,Traditional Travel Agency,2025-02-06,Sat,BCD,1,77.98,31.0,0
2025-03-29,DVO,DOM,MNL HUB,MNLDVO,PR  2821,Y,Economy Saver,DOM,Traditional Travel Agency,2025-03-28,Sat,MNL,2,86.19,16.0,1
2025-01-18,CBO,DOM,MNL HUB,MNLCBO,PR  2957,Y,Economy Supersaver,Offline,Traditional Travel Agency,2024-12-05,Sat,DXB,1,70.3,59.0,0
2025-04-11,CBO,DOM,MNL HUB,CBOMNL,PR  2960,J,Economy Saver,DOM,WEB/APP,2025-02-26,Fri,CBO,1,58.73,59.0,0
2025-03-27,CEB,DOM,MNL HUB,CEBMNL,PR  2868,J,Business Flex,DOM,GSA/DSA,2025-03-26,Thu,CEB,1,238.92,16.0,0
2025-01-09,MPH,DOM,MNL HUB,MNLMPH,PR  2045,Y,Economy Saver,DOM,WEB/APP,2024-10-01,Thu,MNL,4,83.13,115.0,1
2025-02-27,CEB,DOM,MNL HUB,CEBMNL,PR  1862,Y,Economy Saver,DOM,Traditional Travel Agency,2025-02-15,Thu,CGY,1,32.63,27.0,0
2025-02-07,CEB,DOM,MNL HUB,MNLCEB,PR  2835,Y,Economy Value,DOM,WEB/APP,2025-02-06,Fri,MNL,3,106.27,16.0,1
2025-03-23,DGT,DOM,MNL HUB,MNLDGT,PR  2545,Y,Economy Saver,DOM,WEB/APP,2025-03-12,Sun,MNL,1,68.36,26.0,0
2025-01-31,LAO,DOM,MNL HUB,LAOMNL,PR  2199,J,Economy Saver,DOM,WEB/APP,2025-01-22,Fri,LAO,2,54.3,24.0,1
2025-01-04,BCD,DOM,MNL HUB,BCDMNL,PR  2138,Y,Economy Value,DOM,Traditional Travel Agency,2024-11-20,Sat,BCD,3,84.92,60.0,1
2025-01-21,TAG,DOM,MNL HUB,MNLTAG,PR  2773,Y,Economy Supersaver,DOM,Traditional Travel Agency,2025-01-14,Tue,MNL,2,55.09,22.0,1
2025-04-12,PPS,DOM,MNL HUB,MNLPPS,PR  2779,J,Economy Saver,DOM,Ticket Office,2025-02-25,Sat,PPS,1,72.87,61.0,0
2025-04-06,LAO,DOM,MNL HUB,LAOMNL,PR  2197,Y,Economy Supersaver,,Traditional Travel Agency,2024-09-30,Sun,HNL,5,40.93,203.0,1
2025-02-13,USU,DOM,MNL HUB,MNLUSU,PR  2965,Y,Economy Value,DOM,WEB/APP,2024-08-23,Thu,MNL,2,162.32,189.0,1
2025-03-21,DVO,DOM,MNL HUB,MNLDVO,PR  2815,J,Economy Saver,DOM,Contact Center,2025-03-17,Fri,DVO,2,78.4,19.0,1
2025-01-02,CEB,DOM,MNL HUB,CEBMNL,PR  2846,Y,Economy Value,DOM,Traditional Travel Agency,2024-12-26,Thu,CEB,6,135.37,22.0,1
2025-03-05,ILO,DOM,MNL HUB,ILOMNL,PR  2142,Y,Economy Saver,DOM,WEB/APP,2025-02-18,Wed,ILO,1,77.94,30.0,0
2025-03-13,DRP,DOM,MNL HUB,MNLDRP,PR  2923,Y,Economy Saver,DOM,WEB/APP,2025-03-07,Thu,MNL,2,63.18,21.0,1
2025-01-22,CEB,DOM,MNL HUB,MNLCEB,PR  2863,Y,Economy Supersaver,DOM,Traditional Travel Agency,2025-01-17,Wed,MNL,1,38.94,20.0,0
2025-04-23,BCD,DOM,MNL HUB,MNLBCD,PR  2131,Y,Economy Value,DOM,Traditional Travel Agency,2025-04-14,Wed,MNL,1,104.47,24.0,0
2025-02-24,TAC,DOM,MNL HUB,MNLTAC,PR  2981,Y,Economy Value,DOM,Ticket Office,2025-02-19,Mon,MNL,1,37.28,20.0,0
2025-02-25,DRP,DOM,MNL HUB,DRPMNL,PR  2920,Y,Economy Value,DOM,Corporate Web Portal,2025-02-18,Tue,DRP,1,88.71,22.0,0
2025-02-16,OZC,DOM,MNL HUB,MNLOZC,PR  2889,Y,Economy Saver,Offline,Sea Crew,2025-01-14,Sun,MNL,1,123.5,48.0,0
2025-04-10,BCD,DOM,MNL HUB,MNLBCD,PR  2135,W,Premium Economy,DOM,Traditional Travel Agency,2025-04-08,Thu,MNL,1,192.03,17.0,0
2025-04-08,DRP,DOM,MNL HUB,MNLDRP,PR  2921,J,Economy Supersaver,DOM,WEB/APP,2025-03-22,Tue,CGY,1,43.1,32.0,0
2025-01-18,CGY,DOM,MNL HUB,CGYMNL,PR  2520,Y,Economy Saver,DOM,Traditional Travel Agency,2025-01-08,Sat,CGY,1,71.3,25.0,0
2025-03-06,OZC,DOM,MNL HUB,MNLOZC,PR  2889,J,Economy Saver,DOM,WEB/APP,2025-03-05,Thu,MNL,9,87.48,16.0,1
2025-01-22,LAO,DOM,MNL HUB,MNLLAO,PR  2196,Y,Economy Saver,,WEB/APP,2024-11-09,Wed,SFO,2,62.96,89.0,1
2025-01-06,CGY,DOM,MNL HUB,CGYMNL,PR  2528,J,Economy Supersaver,DOM,Traditional Travel Agency,2024-12-31,Mon,CGY,2,55.43,21.0,1
2025-04-03,TAC,DOM,MNL HUB,MNLTAC,PR  2985,J,Economy Supersaver,DOM,WEB/APP,2025-02-19,Thu,MNL,3,24.76,58.0,1
2025-01-05,CGY,DOM,MNL HUB,MNLCGY,PR  2525,Y,Economy Supersaver,DOM,WEB/APP,2024-08-20,Sun,CGY,2,60.09,153.0,1
2025-04-13,DRP,DOM,MNL HUB,DRPMNL,PR  2920,Y,Economy Value,DOM,Traditional Travel Agency,2025-04-11,Sun,DRP,1,82.17,17.0,0
2025-03-27,BXU,DOM,MNL HUB,MNLBXU,PR  2938,Y,Economy Saver,AUS,OTA,2025-02-12,Thu,HND,2,73.2,58.0,1
2025-01-31,BXU,DOM,MNL HUB,MNLBXU,PR  2938,Y,Economy Supersaver,DOM,WEB/APP,2025-01-11,Fri,MNL,1,52.46,35.0,0
2025-03-25,DVO,DOM,MNL HUB,DVOMNL,PR  2824,J,Economy Saver,DOM,WEB/APP,2025-03-23,Tue,MNL,1,75.8,17.0,0
2025-03-21,CEB,DOM,MNL HUB,MNLCEB,PR  1845,Y,Economy Saver,DOM,Ticket Office,2025-03-10,Fri,MNL,3,72.84,26.0,1
2025-02-14,USU,DOM,MNL HUB,USUMNL,PR  2964,Y,Economy Flex,DOM,WEB/APP,2025-01-16,Fri,USU,1,240.62,44.0,0
2025-02-27,CEB,DOM,MNL HUB,CEBMNL,PR  2836,Y,Economy Supersaver,SEA,WEB/APP,2025-02-05,Thu,SIN,7,25.47,37.0,1
2025-04-03,GES,DOM,MNL HUB,MNLGES,PR  2455,W,Premium Economy,DOM,WEB/APP,2025-03-27,Thu,MNL,1,215.22,22.0,0
2025-02-19,CEB,DOM,MNL HUB,MNLCEB,PR  2849,Y,Economy Saver,,Traditional Travel Agency,2025-02-15,Wed,MNL,1,129.02,19.0,0
2025-03-17,MPH,DOM,MNL HUB,MPHMNL,PR  2042,J,Economy Value,DOM,Traditional Travel Agency,2025-01-20,Mon,MNL,2,97.25,71.0,1
2025-02-10,RXS,DOM,MNL HUB,MNLRXS,PR  2203,Y,Economy Supersaver,DOM,Traditional Travel Agency,2025-01-05,Mon,MNL,4,14.08,51.0,1
2025-01-09,DRP,DOM,MNL HUB,MNLDRP,PR  2923,Y,Economy Supersaver,DOM,WEB/APP,2024-09-02,Thu,MNL,1,18.21,144.0,0
2025-03-22,ILO,DOM,MNL HUB,ILOMNL,PR  2144,Y,Economy Saver,,Sea Crew,2025-03-10,Sat,ILO,1,102.05,27.0,0
2025-03-23,ILO,DOM,MNL HUB,MNLILO,PR  2139,Y,Economy Supersaver,DOM,WEB/APP,2025-03-14,Sun,MNL,2,19.12,24.0,1
2025-03-03,MPH,DOM,MNL HUB,MNLMPH,PR  2041,Y,Economy Saver,DOM,WEB/APP,2025-02-25,Mon,MNL,1,87.07,21.0,0
2025-03-16,BCD,DOM,MNL HUB,MNLBCD,PR  2135,Y,Economy Saver,DOM,WEB/APP,2025-02-23,Sun,BCD,1,63.14,36.0,0
2025-01-18,ZAM,DOM,MNL HUB,ZAMMNL,PR  2950,J,Economy Saver,DOM,WEB/APP,2025-01-03,Sat,ZAM,8,63.26,30.0,1
2025-04-23,DRP,DOM,MNL HUB,MNLDRP,PR  2923,Y,Economy Value,DOM,Ticket Office,2025-04-12,Wed,MNL,1,115.06,26.0,0
2025-02-11,CYZ,DOM,MNL HUB,MNLCYZ,PR  2018,W,Premium Economy,DOM,WEB/APP,2025-01-27,Tue,MNL,1,112.15,30.0,0
2025-01-17,TAC,DOM,MNL HUB,MNLTAC,PR  2987,Y,Economy Value,DOM,Corporate Web Portal,2025-01-17,Fri,MNL,1,140.23,15.0,0
2025-03-10,TUG,DOM,MNL HUB,MNLTUG,PR  2014,Y,Economy Supersaver,DOM,WEB/APP,2025-01-15,Mon,MNL,1,30.22,69.0,0
2025-01-03,DVO,DOM,MNL HUB,MNLDVO,PR  1805,Y,Economy Value,DOM,WEB/APP,2025-01-01,Fri,MNL,3,107.29,17.0,1
2025-03-14,TAC,DOM,MNL HUB,TACMNL,PR  2982,W,Premium Economy,DOM,WEB/APP,2025-03-06,Fri,TAC,1,93.26,23.0,0
2025-03-27,PPS,DOM,MNL HUB,PPSMNL,PR  2780,Y,Economy Saver,JAP,OTA,2025-03-26,Thu,PPS,1,37.01,16.0,0
2025-02-13,DVO,DOM,MNL HUB,DVOMNL,PR  2822,Y,Economy Supersaver,DOM,Traditional Travel Agency,2024-12-05,Thu,DVO,3,29.35,85.0,1
2025-03-10,ILO,DOM,MNL HUB,MNLILO,PR  2141,Y,Economy Value,DOM,WEB/APP,2025-03-08,Mon,MNL,4,89.92,17.0,1
2025-02-05,BXU,DOM,MNL HUB,BXUMNL,PR  2968,Y,Economy Saver,DOM,Contact Center,2025-01-27,Wed,BXU,1,128.02,24.0,0
2025-02-19,CEB,DOM,MNL HUB,CEBMNL,PR  2850,Y,Economy Flex,DOM,Corporate Web Portal,2025-02-14,Wed,MNL,1,151.97,20.0,0
2025-01-12,ILO,DOM,MNL HUB,MNLILO,PR  2141,Y,Economy Supersaver,DOM,Traditional Travel Agency,2025-01-06,Sun,MNL,1,32.29,21.0,0
2025-03-03,PPS,DOM,MNL HUB,PPSMNL,PR  2786,Y,Economy Saver,DOM,Traditional Travel Agency,2025-01-13,Mon,MNL,1,64.43,64.0,0
2025-02-22,DVO,DOM,MNL HUB,MNLDVO,PR  2813,W,Premium Economy,DOM,Contact Center,2025-02-18,Sat,MNL,1,234.18,19.0,0
2025-04-07,CEB,DOM,MNL HUB,CEBMNL,PR  1864,J,Economy Supersaver,DOM,OTA,2025-03-07,Mon,CEB,6,17.33,46.0,1
2025-01-06,BXU,DOM,MNL HUB,BXUMNL,PR  2968,Y,Economy Flex,DOM,Traditional Travel Agency,2024-12-10,Mon,BXU,2,166.05,42.0,1
2025-04-07,USU,DOM,MNL HUB,USUMNL,PR  2962,J,Economy Saver,JAP,Traditional Travel Agency,2025-01-23,Mon,NRT,1,27.4,89.0,0
2025-04-12,ILO,DOM,MNL HUB,MNLILO,PR  2143,Y,Economy Flex,DOM,Traditional Travel Agency,2025-04-07,Sat,TAC,2,100.69,20.0,1
2025-01-05,DVO,DOM,MNL HUB,MNLDVO,PR  2813,J,Economy Saver,DOM,Contact Center,2024-09-03,Sun,DVO,1,40.77,139.0,0
2025-03-29,CEB,DOM,MNL HUB,CEBMNL,PR  1846,J,Economy Value,DOM,WEB/APP,2025-03-27,Sat,CEB,2,121.47,17.0,1
2025-02-19,RXS,DOM,MNL HUB,MNLRXS,PR  2203,Y,Economy Supersaver,DOM,WEB/APP,2024-12-12,Wed,RXS,1,13.77,84.0,0
2025-03-10,BCD,DOM,MNL HUB,BCDMNL,PR  2136,Y,Economy Saver,DOM,WEB/APP,2025-03-05,Mon,BCD,1,56.69,20.0,0
2025-04-02,USU,DOM,MNL HUB,USUMNL,PR  2962,J,Economy Saver,Offline,OTA,2025-02-26,Wed,USU,2,34.04,50.0,1
2025-01-10,ILO,DOM,MNL HUB,MNLILO,PR  2147,J,Economy Value,DOM,Ticket Office,2025-01-02,Fri,ILO,2,91.1,23.0,1
2025-03-24,TAC,DOM,MNL HUB,TACMNL,PR  2982,J,Economy Value,DOM,Traditional Travel Agency,2025-03-19,Mon,TAC,1,125.95,20.0,0
2025-04-07,BCD,DOM,MNL HUB,BCDMNL,PR  2132,Y,Economy Saver,DOM,Traditional Travel Agency,2025-03-14,Mon,BCD,1,39.12,39.0,0
2025-03-13,DVO,DOM,MNL HUB,MNLDVO,PR  2825,Y,Economy Saver,DOM,Traditional Travel Agency,2025-03-13,Thu,MNL,3,64.03,15.0,1
2025-02-04,CEB,DOM,MNL HUB,MNLCEB,PR  2869,J,Economy Saver,DOM,WEB/APP,2025-01-05,Tue,MNL,2,79.88,45.0,1
2025-01-02,DVO,DOM,MNL HUB,DVOMNL,PR  2822,Y,Economy Value,DOM,Ticket Office,2024-11-16,Thu,DVO,1,148.12,62.0,0
2025-02-07,DVO,DOM,MNL HUB,DVOMNL,PR  2814,J,Economy Saver,DOM,WEB/APP,2025-01-17,Fri,MNL,1,73.01,36.0,0
2025-04-09,DRP,DOM,MNL HUB,DRPMNL,PR  2922,Y,Economy Saver,DOM,WEB/APP,2025-04-02,Wed,DRP,1,69.36,22.0,0
2025-04-10,ILO,DOM,MNL HUB,ILOMNL,PR  2142,J,Economy Value,DOM,Traditional Travel Agency,2025-04-08,Thu,MNL,1,101.02,17.0,0
2025-04-01,CGY,DOM,MNL HUB,MNLCGY,PR  2529,W,Premium Economy,DOM,WEB/APP,2025-03-31,Tue,MNL,1,129.04,16.0,0
2025-03-24,ILO,DOM,MNL HUB,ILOMNL,PR  2148,Y,Economy Supersaver,DOM,WEB/APP,2025-03-09,Mon,ILO,3,14.45,30.0,1
2025-01-25,LAO,DOM,MNL HUB,LAOMNL,PR  2199,Y,Economy Supersaver,DOM,WEB/APP,2024-12-08,Sat,LAO,2,43.38,63.0,1
2025-04-08,BCD,DOM,MNL HUB,MNLBCD,PR  2133,J,Economy Supersaver,DOM,Contact Center,2025-01-24,Tue,MNL,1,25.87,89.0,0
2025-04-29,CGY,DOM,MNL HUB,MNLCGY,PR  2527,Y,Economy Supersaver,DOM,WEB/APP,2025-03-18,Tue,MNL,4,48.83,57.0,1
2025-04-10,USU,DOM,MNL HUB,USUMNL,PR  2964,Y,Economy Value,DOM,OTA,2025-01-15,Thu,USU,7,138.54,100.0,1
2025-02-28,ILO,DOM,MNL HUB,ILOMNL,PR  2144,Y,Economy Value,DOM,Traditional Travel Agency,2025-02-14,Fri,MNL,2,88.05,29.0,1
2025-04-03,DVO,DOM,MNL HUB,DVOMNL,PR  2816,Y,Economy Saver,DOM,Traditional Travel Agency,2025-03-13,Thu,MNL,1,64.08,36.0,0
2025-01-16,DVO,DOM,MNL HUB,MNLDVO,PR  2805,J,Economy Saver,AUS,OTA,2025-01-14,Thu,BAH,1,24.15,17.0,0
2025-02-19,ZAM,DOM,MNL HUB,MNLZAM,PR  2997,Y,Economy Supersaver,DOM,WEB/APP,2025-02-05,Wed,MNL,4,46.74,29.0,1
2025-01-12,CGY,DOM,MNL HUB,MNLCGY,PR  2519,J,Economy Saver,AUS,OTA,2024-12-25,Sun,KUL,1,69.3,33.0,0
2025-04-09,TAG,DOM,MNL HUB,TAGMNL,PR  2774,Y,Economy Saver,DOM,WEB/APP,2025-04-02,Wed,TAG,1,66.91,22.0,0
2025-03-18,MPH,DOM,MNL HUB,MNLMPH,PR  2047,Y,Economy Supersaver,DOM,Traditional Travel Agency,2025-02-14,Tue,MNL,2,24.6,47.0,1
2025-04-12,TAG,DOM,MNL HUB,MNLTAG,PR  2773,Y,Economy Saver,DOM,WEB/APP,2025-01-27,Sat,TAG,1,79.52,90.0,0
2025-02-06,ILO,DOM,MNL HUB,ILOMNL,PR  2146,J,Economy Value,DOM,Corporate Web Portal,2025-02-03,Thu,MNL,1,86.58,18.0,0
2025-02-20,CBO,DOM,MNL HUB,MNLCBO,PR  2959,Y,Economy Value,DOM,Traditional Travel Agency,2025-02-10,Thu,CBO,1,102.85,25.0,0
2025-04-22,ILO,DOM,MNL HUB,MNLILO,PR  2145,Y,Economy Value,DOM,Traditional Travel Agency,2024-09-27,Tue,ILO,6,85.37,222.0,1
2025-02-18,ILO,DOM,MNL HUB,MNLILO,PR  2145,Y,Economy Saver,DOM,WEB/APP,2025-02-14,Tue,MNL,1,66.25,19.0,0
2025-02-19,LAO,DOM,MNL HUB,LAOMNL,PR  2199,Y,Economy Supersaver,DOM,WEB/APP,2025-02-15,Wed,LAO,1,37.45,19.0,0
2025-04-01,TAG,DOM,MNL HUB,TAGMNL,PR  2778,W,Premium Economy,Offline,Traditional Travel Agency,2024-11-19,Tue,MXP,2,110.5,148.0,1
2025-04-11,CEB,DOM,MNL HUB,CEBMNL,PR  2850,J,Economy Flex,Offline,Traditional Travel Agency,2025-04-01,Fri,CEB,1,74.04,25.0,0
2025-01-06,TUG,DOM,MNL HUB,TUGMNL,PR  2015,Y,Economy Supersaver,DOM,Traditional Travel Agency,2024-12-23,Mon,TUG,2,26.05,29.0,1
2025-03-01,TAC,DOM,MNL HUB,TACMNL,PR  2986,Y,Economy Supersaver,DOM,Traditional Travel Agency,2024-11-06,Sat,TAC,4,17.23,130.0,1
2025-01-08,PPS,DOM,MNL HUB,PPSMNL,PR  2780,J,Economy Supersaver,DOM,Traditional Travel Agency,2024-12-12,Wed,PPS,9,34.95,42.0,1
2025-04-08,TAC,DOM,MNL HUB,TACMNL,PR  2988,Y,Economy Saver,DOM,Traditional Travel Agency,2025-04-07,Tue,MNL,2,107.33,16.0,1
2025-01-10,DVO,DOM,MNL HUB,MNLDVO,PR  1805,Y,Economy Saver,DOM,Traditional Travel Agency,2025-01-07,Fri,MNL,1,78.51,18.0,0
2025-04-01,USU,DOM,MNL HUB,MNLUSU,PR  2963,Y,Economy Supersaver,Offline,OTA,2025-03-01,Tue,DPS,1,39.42,46.0,0
2025-01-09,DVO,DOM,MNL HUB,DVOMNL,PR  2816,Y,Economy Saver,G.CN,Traditional Travel Agency,2024-09-02,Thu,HKG,1,68.25,144.0,0
2025-01-12,GES,DOM,MNL HUB,GESMNL,PR  454,Y,Economy Saver,DOM,WEB/APP,2024-12-24,Sun,GES,3,84.5,34.0,1
2025-02-03,GES,DOM,MNL HUB,MNLGES,PR  455,Y,Economy Supersaver,DOM,WEB/APP,2024-09-07,Mon,GES,2,24.34,164.0,1
2025-04-27,DGT,DOM,MNL HUB,MNLDGT,PR  2543,Y,Economy Supersaver,DOM,OTA,2025-02-26,Sun,MNL,1,52.9,75.0,0
2025-02-01,CEB,DOM,MNL HUB,CEBMNL,PR  2868,Y,Economy Saver,DOM,WEB/APP,2024-08-30,Sat,MNL,1,95.5,170.0,0
2025-02-07,CGY,DOM,MNL HUB,CGYMNL,PR  2520,Y,Economy Saver,DOM,Contact Center,2025-02-04,Fri,CGY,1,66.78,18.0,0
2025-02-07,LAO,DOM,MNL HUB,LAOMNL,PR  2197,Y,Economy Saver,,OTA,2024-11-04,Fri,OGG,3,48.26,110.0,1
2025-04-30,CEB,DOM,MNL HUB,CEBMNL,PR  2862,Y,Non-Rev,DOM,WEB/APP,2025-04-21,Wed,MNL,1,28.93,24.0,0
2025-04-10,TAG,DOM,MNL HUB,MNLTAG,PR  2773,W,Premium Economy,,TMC,2024-08-26,Thu,JFK,1,212.81,242.0,0
2025-01-29,BCD,DOM,MNL HUB,MNLBCD,PR  2129,J,Economy Supersaver,Offline,Traditional Travel Agency,2024-12-02,Wed,MAD,3,113.1,73.0,1
2025-03-21,MPH,DOM,MNL HUB,MPHMNL,PR  2046,Y,Economy Supersaver,DOM,WEB/APP,2024-05-05,Fri,MNL,3,19.08,335.0,1
2025-03-11,DVO,DOM,MNL HUB,DVOMNL,PR  2818,Y,Economy Saver,DOM,WEB/APP,2025-02-19,Tue,MNL,1,63.23,35.0,0
2025-02-01,PPS,DOM,MNL HUB,PPSMNL,PR  2782,Y,Economy Saver,JAP,Traditional Travel Agency,2024-12-16,Sat,PPS,2,71.15,62.0,1
2025-01-18,TAC,DOM,MNL HUB,TACMNL,PR  2982,J,Economy Flex,DOM,WEB/APP,2025-01-14,Sat,MNL,1,143.4,19.0,0
2025-04-08,TUG,DOM,MNL HUB,TUGMNL,PR  2015,J,Economy Supersaver,DOM,WEB/APP,2025-03-30,Tue,TUG,1,25.35,24.0,0
2025-03-21,LAO,DOM,MNL HUB,LAOMNL,PR  2199,Y,Economy Supersaver,DOM,WEB/APP,2025-03-03,Fri,MNL,1,26.39,33.0,0
2025-02-24,LAO,DOM,MNL HUB,MNLLAO,PR  2196,Y,Economy Saver,SEA,WEB/APP,2024-10-25,Mon,HAN,1,72.62,137.0,0
2025-04-29,CEB,DOM,MNL HUB,CEBMNL,PR  2860,Y,Economy Supersaver,DOM,WEB/APP,2024-08-23,Tue,CEB,4,30.17,264.0,1
2025-01-22,ZAM,DOM,MNL HUB,ZAMMNL,PR  2994,Y,Economy Value,DOM,Traditional Travel Agency,2025-01-07,Wed,ZAM,1,104.02,30.0,0
2025-01-05,GES,DOM,MNL HUB,GESMNL,PR  454,J,Economy Value,G.CN,WEB/APP,2024-06-26,Sun,HKG,1,102.26,208.0,0
2025-02-02,TAC,DOM,MNL HUB,MNLTAC,PR  2981,Y,Economy Saver,DOM,Traditional Travel Agency,2025-01-24,Sun,MNL,1,94.82,24.0,0
2025-03-13,ZAM,DOM,MNL HUB,MNLZAM,PR  2997,J,Economy Saver,DOM,Traditional Travel Agency,2025-02-27,Thu,ZAM,1,61.27,29.0,0
2025-02-13,DVO,DOM,MNL HUB,DVOMNL,PR  1810,J,Economy Flex,DOM,Traditional Travel Agency,2025-02-04,Thu,DVO,1,149.3,24.0,0
2025-03-20,CBO,DOM,MNL HUB,CBOMNL,PR  2960,Y,Economy Saver,DOM,Traditional Travel Agency,2025-03-10,Thu,CBO,1,84.89,25.0,0
2025-04-05,RXS,DOM,MNL HUB,MNLRXS,PR  2205,Y,Economy Value,DOM,Traditional Travel Agency,2025-04-01,Sat,MNL,1,105.4,19.0,0
2025-02-26,PPS,DOM,MNL HUB,PPSMNL,PR  2780,Y,Economy Supersaver,DOM,Traditional Travel Agency,2024-09-10,Wed,MNL,2,17.55,184.0,1
2025-04-02,GES,DOM,MNL HUB,GESMNL,PR  454,J,Economy Value,DOM,Ticket Office,2025-03-27,Wed,MNL,1,105.49,21.0,0
2025-04-30,PPS,DOM,MNL HUB,MNLPPS,PR  2785,Y,Economy Saver,KOR,GSA/DSA,2025-03-19,Wed,PUS,1,44.63,57.0,0
2025-02-14,TAG,DOM,MNL HUB,MNLTAG,PR  2777,Y,Economy Supersaver,DOM,Traditional Travel Agency,2025-01-12,Fri,MNL,4,44.78,48.0,1
2025-02-02,IAO,DOM,MNL HUB,IAOMNL,PR  2974,J,Economy Saver,G.CN,WEB/APP,2024-11-06,Sun,HKG,3,51.08,103.0,1
2025-01-30,BXU,DOM,MNL HUB,MNLBXU,PR  2938,J,Economy Saver,DOM,OTA,2025-01-09,Thu,MNL,1,63.52,36.0,0
2025-02-01,BXU,DOM,MNL HUB,BXUMNL,PR  2939,Y,Economy Saver,DOM,WEB/APP,2025-01-25,Sat,BXU,2,81.13,22.0,1
2025-04-06,DGT,DOM,MNL HUB,DGTMNL,PR  2546,J,Economy Saver,Others,OTA,2025-03-13,Sun,DGT,1,119.99,39.0,0
2025-01-28,GES,DOM,MNL HUB,MNLGES,PR  455,J,Economy Supersaver,DOM,WEB/APP,2025-01-19,Tue,GES,1,62.32,24.0,0
2025-04-25,DVO,DOM,MNL HUB,DVOMNL,PR  1818,Y,Economy Saver,,WEB/APP,2024-12-25,Fri,IAD,2,126.78,136.0,1
2025-04-13,CGY,DOM,MNL HUB,CGYMNL,PR  2528,W,Premium Economy,DOM,WEB/APP,2025-04-11,Sun,CGY,1,141.43,17.0,0
2025-02-22,ILO,DOM,MNL HUB,ILOMNL,PR  2144,J,Economy Value,AUS,WEB/APP,2024-09-28,Sat,MEL,1,69.93,162.0,0
2025-04-08,MPH,DOM,MNL HUB,MPHMNL,PR  2036,Y,Economy Supersaver,DOM,OTA,2025-03-11,Tue,MPH,2,45.28,43.0,1
2025-04-04,DVO,DOM,MNL HUB,MNLDVO,PR  2823,Y,Economy Value,AUS,Traditional Travel Agency,2025-04-02,Fri,SYD,1,108.8,17.0,0
2025-01-25,CGY,DOM,MNL HUB,MNLCGY,PR  2521,Y,Economy Flex,DOM,WEB/APP,2025-01-21,Sat,MNL,2,162.55,19.0,1
2025-01-23,DVO,DOM,MNL HUB,DVOMNL,PR  2820,Y,Economy Value,DOM,Traditional Travel Agency,2025-01-13,Thu,DVO,1,119.01,25.0,0
2025-04-04,CEB,DOM,MNL HUB,CEBMNL,PR  2860,Y,Economy Supersaver,,Traditional Travel Agency,2025-04-01,Fri,PPS,1,30.09,18.0,0
2025-03-04,PPS,DOM,MNL HUB,PPSMNL,PR  2786,Y,Economy Supersaver,,Traditional Travel Agency,2025-01-11,Tue,JFK,1,126.1,67.0,0
2025-04-09,CEB,DOM,MNL HUB,CEBMNL,PR  2862,Y,Economy Flex,ROW,,2025-03-29,Wed,,2,61.55,26.0,1
2025-01-24,CEB,DOM,MNL HUB,MNLCEB,PR  2853,Y,Economy Value,DOM,WEB/APP,2025-01-19,Fri,MNL,1,123.72,20.0,0
2025-02-03,CEB,DOM,MNL HUB,MNLCEB,PR  2853,W,Premium Economy,DOM,WEB/APP,2025-01-24,Mon,MNL,1,186.56,25.0,0
2025-04-07,CEB,DOM,MNL HUB,CEBMNL,PR  2836,Y,Economy Supersaver,DOM,OTA,2025-03-08,Mon,CEB,1,23.74,45.0,0
2025-04-30,OZC,DOM,MNL HUB,OZCMNL,PR  2890,Y,Economy Value,DOM,WEB/APP,2025-04-06,Wed,MNL,3,94.69,39.0,1
2025-01-20,CEB,DOM,MNL HUB,CEBMNL,PR  2864,Y,Economy Flex,DOM,Traditional Travel Agency,2025-01-18,Mon,CEB,1,223.01,17.0,0
2025-03-26,MPH,DOM,MNL HUB,MPHMNL,PR  2042,J,Economy Value,DOM,WEB/APP,2025-02-04,Wed,MPH,1,97.32,65.0,0
2025-04-30,CBO,DOM,MNL HUB,CBOMNL,PR  2960,J,Economy Flex,DOM,WEB/APP,2025-04-21,Wed,CBO,1,152.14,24.0,0
2025-02-10,TAG,DOM,MNL HUB,TAGMNL,PR  2774,Y,Economy Supersaver,DOM,GSA/DSA,2025-02-05,Mon,TAG,1,61.18,20.0,0
2025-01-23,CEB,DOM,MNL HUB,MNLCEB,PR  2853,J,Business Flex,DOM,WEB/APP,2024-12-05,Thu,MNL,3,172.78,64.0,1
2025-04-05,CEB,DOM,MNL HUB,CEBMNL,PR  2868,Y,Economy Saver,AUS,Traditional Travel Agency,2025-03-12,Sat,MEL,2,58.08,39.0,1
2025-01-21,CEB,DOM,MNL HUB,CEBMNL,PR  2880,Y,Economy Saver,DOM,WEB/APP,2025-01-19,Tue,CGY,1,68.44,17.0,0
2025-04-06,CGY,DOM,MNL HUB,MNLCGY,PR  2529,Y,Economy Saver,DOM,Sea Crew,2025-03-28,Sun,CGY,1,73.49,24.0,0
2025-03-29,CEB,DOM,MNL HUB,MNLCEB,PR  2853,W,Premium Economy,DOM,Ticket Office,2025-03-11,Sat,CEB,1,101.1,33.0,0
2025-03-01,CEB,DOM,MNL HUB,MNLCEB,PR  2849,Y,Economy Saver,DOM,Ticket Office,2025-01-06,Sat,MNL,1,68.73,69.0,0
2025-01-05,TUG,DOM,MNL HUB,TUGMNL,PR  2015,Y,Economy Supersaver,DOM,WEB/APP,2024-09-08,Sun,MNL,1,46.14,134.0,0
2025-01-09,ILO,DOM,MNL HUB,ILOMNL,PR  2148,Y,Economy Supersaver,DOM,Traditional Travel Agency,2024-12-05,Thu,ILO,4,15.8,50.0,1
2025-04-13,CYZ,DOM,MNL HUB,CYZMNL,PR  2019,W,Premium Economy,DOM,WEB/APP,2024-12-03,Sun,CYZ,1,70.45,146.0,0
2025-01-17,DRP,DOM,MNL HUB,MNLDRP,PR  2919,J,Economy Flex,DOM,WEB/APP,2025-01-15,Fri,MNL,2,129.36,17.0,1
2025-04-12,DVO,DOM,MNL HUB,MNLDVO,PR  1803,J,Economy Saver,DOM,OTA,2025-03-17,Sat,MNL,1,76.3,41.0,0
2025-04-13,DRP,DOM,MNL HUB,DRPMNL,PR  2922,J,Economy Supersaver,DOM,Ticket Office,2025-01-16,Sun,MNL,1,34.26,102.0,0
2025-01-02,GES,DOM,MNL HUB,GESMNL,PR  456,J,Economy Supersaver,DOM,Traditional Travel Agency,2024-12-03,Thu,GES,1,48.83,45.0,0
2025-04-25,DVO,DOM,MNL HUB,DVOMNL,PR  1806,Y,Economy Value,DOM,Traditional Travel Agency,2025-04-15,Fri,DVO,1,98.22,25.0,0
2025-04-08,BCD,DOM,MNL HUB,BCDMNL,PR  2134,W,Premium Economy,DOM,Ticket Office,2024-10-28,Tue,BCD,1,98.07,177.0,0
2025-01-31,MPH,DOM,MNL HUB,MNLMPH,PR  2039,W,Premium Economy,DOM,WEB/APP,2025-01-17,Fri,MNL,1,200.04,29.0,0
2025-03-04,ZAM,DOM,MNL HUB,MNLZAM,PR  2949,J,Economy Supersaver,DOM,Traditional Travel Agency,2025-01-17,Tue,MNL,1,29.72,61.0,0
2025-04-29,CEB,DOM,MNL HUB,CEBMNL,PR  1846,Y,Economy Supersaver,DOM,WEB/APP,2025-04-19,Tue,MNL,1,62.83,25.0,0
2025-03-21,CEB,DOM,MNL HUB,MNLCEB,PR  1845,J,Economy Flex,DOM,Ticket Office,2025-01-23,Fri,MNL,4,18.97,72.0,1
2025-04-04,CEB,DOM,MNL HUB,MNLCEB,PR  1851,Y,Economy Saver,DOM,Ticket Office,2025-03-28,Fri,CEB,1,76.98,22.0,0
2025-01-12,GES,DOM,MNL HUB,MNLGES,PR  453,Y,Economy Saver,DOM,WEB/APP,2025-01-10,Sun,MNL,6,95.02,17.0,1
2025-04-25,BCD,DOM,MNL HUB,BCDMNL,PR  2134,J,Economy Supersaver,DOM,WEB/APP,2025-03-04,Fri,BCD,3,37.04,67.0,1
2025-02-06,DVO,DOM,MNL HUB,MNLDVO,PR  2813,Y,Economy Value,DOM,Traditional Travel Agency,2025-01-30,Thu,DVO,1,92.96,22.0,0
2025-04-01,GES,DOM,MNL HUB,GESMNL,PR  454,Y,Economy Value,DOM,Sea Crew,2025-03-27,Tue,MNL,1,111.33,20.0,0
2025-01-29,CEB,DOM,MNL HUB,MNLCEB,PR  2853,Y,Economy Saver,DOM,Corporate Web Portal,2024-06-19,Wed,MNL,10,73.23,239.0,1
2025-04-07,ILO,DOM,MNL HUB,ILOMNL,PR  2140,Y,Economy Supersaver,DOM,OTA,2025-03-24,Mon,ILO,1,31.82,29.0,0
2025-03-16,ZAM,DOM,MNL HUB,MNLZAM,PR  2949,Y,Economy Saver,DOM,Traditional Travel Agency,2025-03-13,Sun,MNL,2,75.31,18.0,1
2025-02-01,CEB,DOM,MNL HUB,CEBMNL,PR  2868,Y,Economy Value,DOM,Corporate Web Portal,2025-01-10,Sat,MNL,2,92.47,37.0,1
2025-01-13,PPS,DOM,MNL HUB,PPSMNL,PR  2782,J,Economy Saver,DOM,Traditional Travel Agency,2025-01-09,Mon,PPS,1,70.94,19.0,0
2025-01-07,ILO,DOM,MNL HUB,MNLILO,PR  2143,Y,Economy Value,DOM,WEB/APP,2024-12-30,Tue,MNL,1,88.79,23.0,0
2025-04-22,DVO,DOM,MNL HUB,DVOMNL,PR  2822,J,Economy Supersaver,DOM,OTA,2025-02-27,Tue,DVO,3,24.85,69.0,1
2025-04-10,GES,DOM,MNL HUB,MNLGES,PR  2455,J,Economy Supersaver,DOM,Ticket Office,2024-08-30,Thu,MNL,1,19.54,238.0,0
2025-02-20,CEB,DOM,MNL HUB,CEBMNL,PR  2854,W,Premium Economy,DOM,WEB/APP,2025-01-03,Thu,CEB,4,140.14,63.0,1
2025-03-11,TAG,DOM,MNL HUB,MNLTAG,PR  2777,Y,Economy Supersaver,DOM,Ticket Office,2025-03-10,Tue,MNL,1,56.74,16.0,0
2025-03-05,DVO,DOM,MNL HUB,DVOMNL,PR  2814,Y,Economy Flex,DOM,Traditional Travel Agency,2025-02-27,Wed,DVO,1,172.43,21.0,0
2025-03-15,CEB,DOM,MNL HUB,CEBMNL,PR  2862,Y,Economy Supersaver,DOM,Traditional Travel Agency,2025-02-20,Sat,MNL,4,36.22,38.0,1
2025-01-08,CGY,DOM,MNL HUB,CGYMNL,PR  2526,W,Premium Economy,DOM,WEB/APP,2025-01-08,Wed,CGY,1,195.47,15.0,0
2025-02-13,ZAM,DOM,MNL HUB,MNLZAM,PR  2997,Y,Economy Saver,DOM,Traditional Travel Agency,2025-02-03,Thu,MNL,3,58.81,25.0,1
2025-02-11,BXU,DOM,MNL HUB,BXUMNL,PR  2968,Y,Economy Saver,DOM,WEB/APP,2025-02-06,Tue,BXU,10,72.78,20.0,1
2025-04-09,ZAM,DOM,MNL HUB,ZAMMNL,PR  2954,J,Economy Supersaver,DOM,Traditional Travel Agency,2025-03-17,Wed,ZAM,2,50.36,38.0,1
2025-01-14,ILO,DOM,MNL HUB,MNLILO,PR  2141,Y,Economy Saver,,WEB/APP,2024-07-06,Tue,LAX,1,44.08,207.0,0
2025-04-07,CGY,DOM,MNL HUB,MNLCGY,PR  2521,J,Economy Flex,DOM,WEB/APP,2025-04-03,Mon,ILO,1,120.78,19.0,0
2025-02-08,CEB,DOM,MNL HUB,CEBMNL,PR  1846,Y,Economy Value,,Ticket Office,2024-11-25,Sat,HNL,1,75.62,90.0,0
2025-01-29,DVO,DOM,MNL HUB,MNLDVO,PR  2821,Y,Economy Supersaver,DOM,Traditional Travel Agency,2025-01-01,Wed,MNL,1,30.22,43.0,0
2025-01-31,DVO,DOM,MNL HUB,DVOMNL,PR  2820,J,Economy Supersaver,DOM,Traditional Travel Agency,2025-01-10,Fri,DVO,2,43.24,36.0,1
2025-02-01,DRP,DOM,MNL HUB,MNLDRP,PR  2921,Y,Economy Saver,ROW,,2025-01-30,Sat,MNL,1,62.16,17.0,0
2025-04-11,PPS,DOM,MNL HUB,PPSMNL,PR  2790,W,Premium Economy,DOM,Traditional Travel Agency,2025-04-07,Fri,MNL,2,212.92,19.0,1
2025-01-08,CEB,DOM,MNL HUB,CEBMNL,PR  1864,Y,Economy Supersaver,DOM,Traditional Travel Agency,2024-12-21,Wed,CEB,3,36.97,33.0,1
2025-02-22,DVO,DOM,MNL HUB,MNLDVO,PR  2813,Y,Economy Value,DOM,Corporate Web Portal,2025-02-12,Sat,DVO,1,92.1,25.0,0
2025-02-17,BCD,DOM,MNL HUB,MNLBCD,PR  2133,Y,Economy Supersaver,DOM,WEB/APP,2024-12-11,Mon,MNL,3,18.33,83.0,1
2025-01-18,MPH,DOM,MNL HUB,MPHMNL,PR  2048,Y,Economy Value,DOM,Traditional Travel Agency,2024-11-30,Sat,MPH,2,112.6,64.0,1
2025-02-08,CBO,DOM,MNL HUB,MNLCBO,PR  2957,J,Economy Saver,DOM,WEB/APP,2025-01-28,Sat,MNL,1,79.42,26.0,0
2025-02-03,CEB,DOM,MNL HUB,MNLCEB,PR  2853,Y,Economy Saver,DOM,WEB/APP,2025-01-20,Mon,MNL,1,69.96,29.0,0
2025-02-07,TAC,DOM,MNL HUB,TACMNL,PR  2982,Y,Economy Saver,ME,GSA/DSA,2025-01-19,Fri,TAC,1,65.52,34.0,0
2025-03-22,DVO,DOM,MNL HUB,DVOMNL,PR  2814,Y,Economy Supersaver,DOM,Contact Center,2025-03-03,Sat,BCD,1,53.68,34.0,0
2025-01-11,BCD,DOM,MNL HUB,BCDMNL,PR  2138,Y,Economy Saver,DOM,Traditional Travel Agency,2025-01-03,Sat,BCD,1,69.57,23.0,0
2025-01-06,DVO,DOM,MNL HUB,DVOMNL,PR  2820,Y,Economy Saver,DOM,WEB/APP,2024-07-01,Mon,MNL,1,54.72,204.0,0
2025-04-11,CEB,DOM,MNL HUB,MNLCEB,PR  2845,Y,Economy Saver,DOM,WEB/APP,2025-03-10,Fri,MNL,1,74.35,47.0,0
2025-02-28,MPH,DOM,MNL HUB,MNLMPH,PR  2037,J,Economy Supersaver,DOM,Traditional Travel Agency,2025-01-30,Fri,MNL,2,57.33,44.0,1
2025-03-26,TAC,DOM,MNL HUB,MNLTAC,PR  2985,Y,Economy Supersaver,DOM,OTA,2024-12-05,Wed,MNL,1,13.02,126.0,0
2025-02-24,MPH,DOM,MNL HUB,MNLMPH,PR  2037,J,Economy Value,DOM,WEB/APP,2025-02-14,Mon,PPS,2,64.19,25.0,1
2025-02-17,PPS,DOM,MNL HUB,MNLPPS,PR  2779,W,Premium Economy,DOM,Traditional Travel Agency,2025-02-17,Mon,CGY,1,169.03,15.0,0
2025-02-19,LAO,DOM,MNL HUB,MNLLAO,PR  2196,Y,Economy Saver,SEA,Traditional Travel Agency,2025-01-19,Wed,PNH,2,67.31,46.0,1
2025-02-24,LAO,DOM,MNL HUB,MNLLAO,PR  2196,Y,Economy Supersaver,DOM,GSA/DSA,2025-02-12,Mon,OZC,1,48.59,27.0,0
2025-04-08,GES,DOM,MNL HUB,GESMNL,PR  2456,Y,Economy Value,DOM,Corporate Web Portal,2025-03-05,Tue,MNL,1,104.79,49.0,0
2025-03-09,CEB,DOM,MNL HUB,CEBMNL,PR  2854,W,Premium Economy,,Traditional Travel Agency,2024-11-26,Sun,HNL,1,88.39,118.0,0
2025-04-12,CEB,DOM,MNL HUB,MNLCEB,PR  2835,Y,Economy Value,DOM,WEB/APP,2025-04-09,Sat,MNL,2,93.87,18.0,1
2025-02-19,MPH,DOM,MNL HUB,MNLMPH,PR  2047,Y,Economy Supersaver,DOM,Traditional Travel Agency,2024-11-21,Wed,MNL,1,33.1,105.0,0
2025-01-11,CBO,DOM,MNL HUB,CBOMNL,PR  2960,Y,Economy Value,DOM,WEB/APP,2024-12-17,Sat,CBO,1,89.47,40.0,0
2025-02-21,TAG,DOM,MNL HUB,MNLTAG,PR  2773,J,Economy Saver,DOM,Ticket Office,2024-10-26,Fri,MNL,1,99.71,133.0,0
2025-01-29,RXS,DOM,MNL HUB,RXSMNL,PR  2204,Y,Economy Saver,DOM,Ticket Office,2025-01-23,Wed,MNL,1,51.58,21.0,0
2025-03-03,CEB,DOM,MNL HUB,MNLCEB,PR  2853,W,Premium Economy,DOM,Contact Center,2025-02-25,Mon,MNL,1,187.44,21.0,0
2025-04-07,TAC,DOM,MNL HUB,MNLTAC,PR  2981,Y,Economy Saver,,OTA,2025-03-30,Mon,MNL,1,139.15,23.0,0
2025-01-19,CYZ,DOM,MNL HUB,CYZMNL,PR  2019,J,Economy Supersaver,DOM,WEB/APP,2025-01-10,Sun,MNL,2,50.04,24.0,1
2025-01-21,CGY,DOM,MNL HUB,CGYMNL,PR  2526,Y,Economy Supersaver,DOM,WEB/APP,2024-11-19,Tue,CGY,1,36.88,78.0,0
2025-03-14,BXU,DOM,MNL HUB,BXUMNL,PR  2968,W,Premium Economy,DOM,WEB/APP,2025-03-06,Fri,MNL,1,104.52,23.0,0
2025-03-12,PPS,DOM,MNL HUB,PPSMNL,PR  2782,Y,Economy Value,DOM,Ticket Office,2025-03-11,Wed,PPS,2,102.75,16.0,1
2025-04-11,DVO,DOM,MNL HUB,DVOMNL,PR  1818,Y,Economy Value,DOM,Traditional Travel Agency,2025-04-03,Fri,MNL,2,97.15,23.0,1
2025-04-25,DVO,DOM,MNL HUB,MNLDVO,PR  1803,Y,Economy Saver,DOM,OTA,2025-03-30,Fri,MNL,4,54.25,41.0,1
2025-04-09,GES,DOM,MNL HUB,GESMNL,PR  454,J,Economy Value,DOM,WEB/APP,2025-03-14,Wed,GES,1,104.51,41.0,0
2025-04-22,PPS,DOM,MNL HUB,PPSMNL,PR  2780,Y,Economy Supersaver,DOM,WEB/APP,2025-01-04,Tue,MNL,1,24.7,123.0,0
2025-04-03,CGY,DOM,MNL HUB,CGYMNL,PR  2526,J,Economy Saver,DOM,WEB/APP,2025-03-21,Thu,MNL,2,59.56,28.0,1
2025-04-03,ILO,DOM,MNL HUB,ILOMNL,PR  2144,Y,Economy Saver,DOM,Traditional Travel Agency,2025-03-03,Thu,ILO,2,66.99,46.0,1
2025-03-22,BCD,DOM,MNL HUB,MNLBCD,PR  2131,Y,Economy Value,DOM,Traditional Travel Agency,2025-03-10,Sat,BCD,1,80.94,27.0,0
2025-03-07,BCD,DOM,MNL HUB,MNLBCD,PR  2131,J,Economy Saver,JAP,Traditional Travel Agency,2025-02-17,Fri,HND,4,51.45,33.0,1
2025-03-27,ILO,DOM,MNL HUB,ILOMNL,PR  2144,Y,Economy Flex,DOM,WEB/APP,2025-03-22,Thu,MNL,1,137.68,20.0,0
2025-03-04,CBO,DOM,MNL HUB,MNLCBO,PR  2957,J,Economy Saver,DOM,Traditional Travel Agency,2025-02-09,Tue,MNL,2,57.09,38.0,1
2025-02-11,ILO,DOM,MNL HUB,MNLILO,PR  2145,Y,Economy Supersaver,DOM,WEB/APP,2024-12-12,Tue,ILO,1,36.14,76.0,0
2025-02-18,USU,DOM,MNL HUB,MNLUSU,PR  2965,Y,Economy Flex,,Traditional Travel Agency,2025-01-22,Tue,MNL,4,252.58,42.0,1
2025-04-23,DRP,DOM,MNL HUB,MNLDRP,PR  2919,Y,Economy Value,DOM,Traditional Travel Agency,2025-04-17,Wed,MNL,1,81.06,21.0,0
2025-01-17,PPS,DOM,MNL HUB,MNLPPS,PR  2785,Y,Economy Value,SEA,TMC,2025-01-13,Fri,PNH,3,111.53,19.0,1
2025-04-12,CEB,DOM,MNL HUB,CEBMNL,PR  2850,J,Economy Saver,DOM,WEB/APP,2025-03-19,Sat,IAO,1,81.89,39.0,0
2025-02-06,DRP,DOM,MNL HUB,MNLDRP,PR  2919,Y,Economy Flex,DOM,WEB/APP,2025-02-06,Thu,MNL,1,151.1,15.0,0
2025-04-06,DVO,DOM,MNL HUB,MNLDVO,PR  2821,Y,Economy Supersaver,DOM,WEB/APP,2025-03-09,Sun,DVO,2,28.01,43.0,1
2025-01-02,ZAM,DOM,MNL HUB,MNLZAM,PR  2997,J,Economy Value,ME,Sea Crew,2024-12-01,Thu,KUL,1,196.76,47.0,0
2025-01-09,MPH,DOM,MNL HUB,MPHMNL,PR  2046,Y,Economy Saver,,Traditional Travel Agency,2024-12-19,Thu,BKK,2,36.52,36.0,1
2025-03-03,MPH,DOM,MNL HUB,MPHMNL,PR  2038,J,Economy Supersaver,DOM,Ticket Office,2024-11-02,Mon,MPH,1,10.42,136.0,0
2025-01-05,DRP,DOM,MNL HUB,DRPMNL,PR  2922,Y,Economy Flex,,Contact Center,2024-08-15,Sun,LAX,2,84.06,158.0,1
2025-04-24,CGY,DOM,MNL HUB,CGYMNL,PR  2530,Y,Economy Saver,DOM,WEB/APP,2025-04-06,Thu,CGY,1,53.52,33.0,0
2025-04-24,CGY,DOM,MNL HUB,MNLCGY,PR  2527,J,Economy Supersaver,DOM,OTA,2025-02-15,Thu,MNL,8,34.31,83.0,1
2025-04-12,ZAM,DOM,MNL HUB,MNLZAM,PR  2953,Y,Economy Saver,DOM,WEB/APP,2025-03-19,Sat,MNL,1,72.98,39.0,0
2025-04-02,DVO,DOM,MNL HUB,DVOMNL,PR  1814,Y,Economy Supersaver,DOM,WEB/APP,2025-02-12,Wed,DVO,3,91.42,64.0,1
2025-04-07,BCD,DOM,MNL HUB,MNLBCD,PR  2133,J,Economy Value,DOM,Corporate Web Portal,2025-04-04,Mon,MNL,1,104.28,18.0,0
2025-01-18,DVO,DOM,MNL HUB,DVOMNL,PR  2820,Y,Economy Value,AUS,OTA,2025-01-11,Sat,DVO,1,178.33,22.0,0
2025-04-11,IAO,DOM,MNL HUB,IAOMNL,PR  2974,Y,Economy Value,DOM,WEB/APP,2025-01-30,Fri,MNL,1,196.08,86.0,0
2025-02-07,LAO,DOM,MNL HUB,LAOMNL,PR  2197,Y,Economy Value,DOM,WEB/APP,2024-10-25,Fri,LAO,1,130.1,120.0,0
2025-04-12,CGY,DOM,MNL HUB,MNLCGY,PR  2529,W,Premium Economy,DOM,WEB/APP,2025-02-19,Sat,MNL,1,130.28,67.0,0
2025-02-14,BCD,DOM,MNL HUB,BCDMNL,PR  1124,J,Economy Saver,DOM,Ticket Office,2025-01-20,Fri,BCD,4,74.84,40.0,1
2025-02-07,GES,DOM,MNL HUB,GESMNL,PR  456,Y,Economy Saver,DOM,Traditional Travel Agency,2025-01-27,Fri,MNL,1,68.93,26.0,0
2025-02-02,CEB,DOM,MNL HUB,MNLCEB,PR  2863,Y,Economy Supersaver,DOM,WEB/APP,2025-01-19,Sun,CEB,1,36.83,29.0,0
2025-01-29,RXS,DOM,MNL HUB,MNLRXS,PR  2203,J,Economy Supersaver,DOM,Traditional Travel Agency,2025-01-24,Wed,MNL,1,47.84,20.0,0
2025-01-24,GES,DOM,MNL HUB,GESMNL,PR  454,Y,Economy Flex,DOM,Traditional Travel Agency,2025-01-21,Fri,GES,3,171.79,18.0,1
2025-02-19,BXU,DOM,MNL HUB,BXUMNL,PR  2968,Y,Economy Value,DOM,Corporate Web Portal,2025-02-12,Wed,MNL,3,112.5,22.0,1
2025-02-24,OZC,DOM,MNL HUB,OZCMNL,PR  2890,J,Economy Value,DOM,Traditional Travel Agency,2025-02-20,Mon,OZC,1,142.31,19.0,0
2025-03-19,CGY,DOM,MNL HUB,MNLCGY,PR  2525,Y,Economy Value,DOM,Ticket Office,2025-03-13,Wed,MNL,2,90.84,21.0,1
2025-01-11,BXU,DOM,MNL HUB,MNLBXU,PR  2967,J,Economy Value,DOM,WEB/APP,2025-01-08,Sat,MNL,7,100.82,18.0,1
2025-03-31,DVO,DOM,MNL HUB,DVOMNL,PR  1814,Y,Economy Value,DOM,OTA,2025-03-29,Mon,DVO,9,99.93,17.0,1
2025-01-09,EUQ,DOM,MNL HUB,MNLEUQ,PR  2905,J,Economy Saver,DOM,Traditional Travel Agency,2024-12-17,Thu,MNL,1,81.96,38.0,0
2025-01-02,PPS,DOM,MNL HUB,PPSMNL,PR  2786,Y,Economy Value,DOM,WEB/APP,2024-12-16,Thu,PPS,1,134.92,32.0,0
2025-01-30,ZAM,DOM,MNL HUB,ZAMMNL,PR  2998,Y,Economy Value,DOM,WEB/APP,2025-01-27,Thu,MNL,2,129.45,18.0,1
2025-04-02,TAC,DOM,MNL HUB,TACMNL,PR  2982,Y,Economy Saver,,WEB/APP,2024-09-22,Wed,YYZ,1,62.41,207.0,0
2025-04-27,ILO,DOM,MNL HUB,MNLILO,PR  2141,Y,Economy Value,DOM,WEB/APP,2025-03-15,Sun,MNL,1,88.2,58.0,0
2025-01-22,GES,DOM,MNL HUB,GESMNL,PR  454,J,Economy Saver,DOM,Traditional Travel Agency,2025-01-13,Wed,GES,4,73.88,24.0,1
2025-04-05,USU,DOM,MNL HUB,MNLUSU,PR  2963,Y,Economy Supersaver,G.CN,Traditional Travel Agency,2025-03-27,Sat,DPS,1,33.77,24.0,0
2025-03-21,CEB,DOM,MNL HUB,MNLCEB,PR  2859,W,Premium Economy,DOM,WEB/APP,2025-03-05,Fri,CEB,1,104.09,31.0,0
2025-01-25,OZC,DOM,MNL HUB,OZCMNL,PR  2890,J,Economy Value,ME,Traditional Travel Agency,2024-10-25,Sat,RUH,1,115.79,107.0,0
2025-02-03,CEB,DOM,MNL HUB,CEBMNL,PR  2858,Y,Economy Supersaver,DOM,Contact Center,2025-01-07,Mon,TAC,1,20.22,42.0,0
2025-02-16,DVO,DOM,MNL HUB,MNLDVO,PR  1805,Y,Economy Saver,DOM,WEB/APP,2025-01-03,Sun,DVO,2,61.01,59.0,1
2025-04-10,LAO,DOM,MNL HUB,LAOMNL,PR  2199,Y,Economy Supersaver,DOM,Ticket Office,2025-04-08,Thu,LAO,4,40.08,17.0,1
2025-01-24,CEB,DOM,MNL HUB,MNLCEB,PR  1861,J,Economy Saver,DOM,WEB/APP,2025-01-20,Fri,MNL,1,92.79,19.0,0
2025-04-04,DRP,DOM,MNL HUB,MNLDRP,PR  2919,Y,Economy Saver,G.CN,WEB/APP,2025-02-05,Fri,HKG,1,29.63,73.0,0
2025-03-08,TAG,DOM,MNL HUB,MNLTAG,PR  2777,Y,Economy Supersaver,DOM,WEB/APP,2024-06-15,Sat,MNL,4,21.5,281.0,1
2025-04-04,PPS,DOM,MNL HUB,MNLPPS,PR  2779,Y,Economy Saver,,OTA,2025-01-09,Fri,AKL,1,35.97,100.0,0
2025-04-07,CGY,DOM,MNL HUB,MNLCGY,PR  2521,Y,Economy Supersaver,DOM,WEB/APP,2025-03-24,Mon,MNL,1,48.95,29.0,0
2025-04-26,DRP,DOM,MNL HUB,DRPMNL,PR  2924,W,Premium Economy,DOM,WEB/APP,2025-04-02,Sat,TAC,1,202.54,39.0,0
2025-01-09,MPH,DOM,MNL HUB,MNLMPH,PR  2041,Y,Economy Saver,Offline,Traditional Travel Agency,2024-12-23,Thu,MNL,2,118.31,32.0,1
2025-01-14,DVO,DOM,MNL HUB,DVOMNL,PR  1810,J,Economy Supersaver,ROW,,2025-01-09,Tue,DVO,5,41.92,20.0,1
2025-03-27,TAG,DOM,MNL HUB,MNLTAG,PR  2775,Y,Economy Supersaver,DOM,OTA,2025-03-25,Thu,MNL,4,41.56,17.0,1
2025-01-13,CEB,DOM,MNL HUB,MNLCEB,PR  2849,Y,Economy Value,DOM,Corporate Web Portal,2024-12-17,Mon,TAC,1,118.04,42.0,0
2025-01-20,ILO,DOM,MNL HUB,MNLILO,PR  2147,J,Economy Saver,DOM,Corporate Web Portal,2025-01-17,Mon,ILO,2,65.68,18.0,1
2025-04-12,ZAM,DOM,MNL HUB,ZAMMNL,PR  2954,Y,Economy Flex,DOM,WEB/APP,2025-04-09,Sat,ZAM,1,179.48,18.0,0
2025-03-11,CGY,DOM,MNL HUB,CGYMNL,PR  2522,Y,Economy Value,DOM,WEB/APP,2025-02-20,Tue,CGY,1,91.31,34.0,0
2025-02-04,CYZ,DOM,MNL HUB,CYZMNL,PR  2019,J,Economy Supersaver,DOM,WEB/APP,2025-01-25,Tue,MNL,1,36.87,25.0,0
2025-03-25,BXU,DOM,MNL HUB,MNLBXU,PR  2938,W,Premium Economy,DOM,Traditional Travel Agency,2025-03-25,Tue,MNL,1,132.97,15.0,0
2025-01-13,PPS,DOM,MNL HUB,MNLPPS,PR  2781,Y,Economy Saver,DOM,WEB/APP,2025-01-05,Mon,MNL,3,66.4,23.0,1
2025-01-03,DGT,DOM,MNL HUB,MNLDGT,PR  2545,Y,Economy Saver,AUS,OTA,2025-01-01,Fri,BKK,1,82.52,17.0,0
2025-04-06,ILO,DOM,MNL HUB,MNLILO,PR  2147,Y,Economy Value,G.CN,Ticket Office,2025-02-26,Sun,HKG,1,60.38,54.0,0
2025-03-22,TAG,DOM,MNL HUB,TAGMNL,PR  2778,Y,Economy Saver,SEA,OTA,2024-10-03,Sat,MEL,2,70.47,185.0,1
2025-04-22,MPH,DOM,MNL HUB,MPHMNL,PR  2036,Y,Economy Saver,DOM,WEB/APP,2025-04-18,Tue,MPH,1,75.57,19.0,0
2025-02-17,MPH,DOM,MNL HUB,MNLMPH,PR  2047,Y,Economy Saver,DOM,WEB/APP,2025-01-08,Mon,MNL,2,67.25,55.0,1
2025-01-28,PPS,DOM,MNL HUB,PPSMNL,PR  2780,J,Economy Supersaver,DOM,Traditional Travel Agency,2025-01-20,Tue,PPS,2,46.7,23.0,1
2025-04-12,BCD,DOM,MNL HUB,MNLBCD,PR  2133,J,Economy Supersaver,DOM,OTA,2025-02-16,Sat,MNL,1,42.71,70.0,0
2025-01-22,ZAM,DOM,MNL HUB,MNLZAM,PR  2993,Y,Economy Supersaver,DOM,WEB/APP,2025-01-09,Wed,MNL,4,50.48,28.0,1
2025-04-30,ZAM,DOM,MNL HUB,ZAMMNL,PR  2998,Y,Economy Supersaver,DOM,WEB/APP,2025-04-26,Wed,TWT,3,40.7,19.0,1
2025-02-24,PPS,DOM,MNL HUB,MNLPPS,PR  2787,Y,Economy Saver,G.CN,Traditional Travel Agency,2025-02-18,Mon,HKG,1,55.43,21.0,0
2025-03-24,CEB,DOM,MNL HUB,CEBMNL,PR  1842,Y,Economy Value,DOM,Traditional Travel Agency,2025-03-20,Mon,CEB,3,98.05,19.0,1
2025-02-27,ILO,DOM,MNL HUB,MNLILO,PR  2145,J,Economy Saver,DOM,Traditional Travel Agency,2025-02-21,Thu,ILO,3,62.36,21.0,1
2025-02-20,DVO,DOM,MNL HUB,MNLDVO,PR  1803,W,Premium Economy,Offline,OTA,2025-02-15,Thu,YQR,1,146.0,20.0,0
2025-03-24,CYZ,DOM,MNL HUB,CYZMNL,PR  2019,Y,Economy Supersaver,DOM,WEB/APP,2025-01-07,Mon,MNL,1,30.89,91.0,0
2025-01-17,IAO,DOM,MNL HUB,MNLIAO,PR  2973,Y,Economy Value,DOM,Ticket Office,2024-12-15,Fri,MNL,1,90.66,48.0,0
2025-01-04,KLO,DOM,MNL HUB,MNLKLO,PR  2969,Y,Economy Value,DOM,WEB/APP,2024-12-25,Sat,MNL,1,73.26,25.0,0
2025-01-15,MPH,DOM,MNL HUB,MPHMNL,PR  2040,Y,Economy Supersaver,DOM,Traditional Travel Agency,2024-07-10,Wed,MNL,12,26.11,204.0,1
2025-01-25,LAO,DOM,MNL HUB,LAOMNL,PR  2197,Y,Economy Saver,,Traditional Travel Agency,2024-10-25,Sat,HNL,1,54.84,107.0,0
2025-04-04,TAC,DOM,MNL HUB,TACMNL,PR  2986,Y,Economy Saver,DOM,Traditional Travel Agency,2025-03-24,Fri,TAC,11,103.07,26.0,1
2025-02-27,CEB,DOM,MNL HUB,MNLCEB,PR  2857,J,Economy Supersaver,DOM,WEB/APP,2025-02-17,Thu,MNL,1,21.5,25.0,0
2025-02-11,DVO,DOM,MNL HUB,MNLDVO,PR  2823,Y,Economy Flex,Offline,Traditional Travel Agency,2024-12-21,Tue,FRA,1,130.0,67.0,0
2025-03-20,PPS,DOM,MNL HUB,PPSMNL,PR  2782,Y,Economy Saver,DOM,WEB/APP,2025-03-14,Thu,PPS,4,80.54,21.0,1
2025-04-01,PPS,DOM,MNL HUB,MNLPPS,PR  2787,W,Premium Economy,DOM,WEB/APP,2025-03-10,Tue,PPS,1,104.69,37.0,0
2025-02-19,CEB,DOM,MNL HUB,CEBMNL,PR  1860,Y,Economy Saver,DOM,WEB/APP,2025-01-23,Wed,CEB,2,48.94,42.0,1
2025-01-30,DVO,DOM,MNL HUB,DVOMNL,PR  2814,Y,Economy Supersaver,DOM,Traditional Travel Agency,2025-01-14,Thu,DVO,1,45.25,31.0,0
2025-01-22,DGT,DOM,MNL HUB,DGTMNL,PR  2544,J,Economy Value,DOM,Corporate Web Portal,2025-01-19,Wed,DGT,1,98.33,18.0,0
2025-01-25,CYZ,DOM,MNL HUB,CYZMNL,PR  2019,Y,Economy Saver,DOM,WEB/APP,2025-01-13,Sat,CYZ,3,63.26,27.0,1
2025-02-18,CEB,DOM,MNL HUB,CEBMNL,PR  2850,Y,Economy Saver,Offline,OTA,2025-02-11,Tue,IAO,1,34.58,22.0,0
2025-04-27,PPS,DOM,MNL HUB,PPSMNL,PR  2786,J,Economy Saver,Offline,OTA,2025-04-16,Sun,PPS,2,74.85,26.0,1
2025-04-06,ZAM,DOM,MNL HUB,ZAMMNL,PR  2998,Y,Economy Value,DOM,Traditional Travel Agency,2025-03-20,Sun,ZAM,1,112.49,32.0,0
2025-02-28,CBO,DOM,MNL HUB,MNLCBO,PR  2959,Y,Economy Saver,DOM,WEB/APP,2025-01-14,Fri,MNL,1,55.21,60.0,0
2025-03-10,DVO,DOM,MNL HUB,DVOMNL,PR  1810,J,Economy Flex,DOM,Traditional Travel Agency,2025-03-08,Mon,DVO,1,176.77,17.0,0
2025-04-09,ILO,DOM,MNL HUB,MNLILO,PR  2147,Y,Economy Value,G.CN,OTA,2025-04-08,Wed,HKG,1,74.43,16.0,0
2025-03-07,ILO,DOM,MNL HUB,ILOMNL,PR  2142,J,Economy Saver,DOM,Corporate Web Portal,2025-02-18,Fri,ILO,4,59.5,32.0,1
2025-01-27,USU,DOM,MNL HUB,MNLUSU,PR  2965,Y,Economy Flex,DOM,WEB/APP,2024-11-27,Mon,MNL,1,262.36,76.0,0
2025-02-27,TAC,DOM,MNL HUB,MNLTAC,PR  2985,Y,Economy Flex,DOM,Traditional Travel Agency,2025-02-17,Thu,MNL,2,145.63,25.0,1
2025-03-27,CGY,DOM,MNL HUB,MNLCGY,PR  2519,J,Economy Supersaver,DOM,OTA,2025-02-20,Thu,MNL,2,24.51,50.0,1
2025-03-02,DVO,DOM,MNL HUB,DVOMNL,PR  1806,Y,Economy Flex,Offline,Traditional Travel Agency,2024-12-10,Sun,DVO,1,130.0,97.0,0
2025-01-21,CEB,DOM,MNL HUB,MNLCEB,PR  2853,Y,Economy Value,DOM,WEB/APP,2025-01-21,Tue,MNL,1,105.83,15.0,0
2025-01-30,CEB,DOM,MNL HUB,MNLCEB,PR  2853,W,Premium Economy,DOM,Contact Center,2025-01-15,Thu,MNL,1,185.29,30.0,0
2025-02-06,ZAM,DOM,MNL HUB,MNLZAM,PR  2949,J,Economy Supersaver,DOM,WEB/APP,2025-01-08,Thu,MNL,2,46.33,44.0,1
2025-03-15,DRP,DOM,MNL HUB,MNLDRP,PR  2923,Y,Economy Value,DOM,WEB/APP,2025-03-12,Sat,MNL,5,103.39,18.0,1
2025-04-08,BCD,DOM,MNL HUB,BCDMNL,PR  2134,Y,Economy Saver,DOM,Traditional Travel Agency,2025-03-17,Tue,BCD,1,63.6,37.0,0
2025-02-16,CEB,DOM,MNL HUB,MNLCEB,PR  1861,Y,Economy Supersaver,DOM,WEB/APP,2025-01-09,Sun,MNL,1,23.57,53.0,0
2025-04-11,DVO,DOM,MNL HUB,MNLDVO,PR  2825,J,Economy Saver,G.CN,Ticket Office,2025-02-06,Fri,HKG,1,53.75,79.0,0
2025-04-09,DVO,DOM,MNL HUB,MNLDVO,PR  1813,J,Economy Saver,,Traditional Travel Agency,2025-03-31,Wed,MNL,2,107.26,24.0,1
2025-03-30,DVO,DOM,MNL HUB,DVOMNL,PR  2808,Y,Economy Supersaver,DOM,OTA,2025-03-16,Sun,DVO,7,26.92,29.0,1
2025-03-24,OZC,DOM,MNL HUB,OZCMNL,PR  2890,Y,Economy Value,DOM,WEB/APP,2025-03-09,Mon,OZC,1,96.66,30.0,0
2025-04-07,DVO,DOM,MNL HUB,DVOMNL,PR  1806,Y,Economy Saver,DOM,Traditional Travel Agency,2025-04-02,Mon,DVO,2,72.75,20.0,1
2025-02-15,GES,DOM,MNL HUB,MNLGES,PR  455,Y,Economy Supersaver,DOM,Traditional Travel Agency,2025-01-13,Sat,MNL,1,28.28,48.0,0
2025-01-04,TAG,DOM,MNL HUB,TAGMNL,PR  2776,Y,Economy Value,DOM,WEB/APP,2024-12-28,Sat,MNL,1,144.23,22.0,0
2025-04-07,ZAM,DOM,MNL HUB,ZAMMNL,PR  2994,Y,Economy Value,DOM,WEB/APP,2025-03-27,Mon,ZAM,3,100.54,26.0,1
2025-03-15,CYP,DOM,MNL HUB,MNLCYP,PR  2671,Y,Economy Value,DOM,Corporate Web Portal,2025-03-12,Sat,MNL,1,122.46,18.0,0
2025-02-26,DVO,DOM,MNL HUB,DVOMNL,PR  1810,Y,Economy Saver,ME,WEB/APP,2024-12-22,Wed,DXB,1,72.9,81.0,0
2025-01-28,CBO,DOM,MNL HUB,CBOMNL,PR  2960,Y,Economy Saver,DOM,WEB/APP,2025-01-10,Tue,CBO,1,81.63,33.0,0
2025-03-07,DVO,DOM,MNL HUB,MNLDVO,PR  1805,J,Economy Saver,ME,WEB/APP,2025-03-03,Fri,DXB,1,83.16,19.0,0
2025-04-24,PPS,DOM,MNL HUB,MNLPPS,PR  2787,J,Economy Value,DOM,Ticket Office,2025-04-21,Thu,MNL,2,124.3,18.0,1
2025-03-02,ZAM,DOM,MNL HUB,MNLZAM,PR  2949,J,Economy Saver,DOM,Traditional Travel Agency,2025-02-21,Sun,MNL,2,70.02,24.0,1
2025-01-29,DVO,DOM,MNL HUB,DVOMNL,PR  2808,Y,Economy Saver,JAP,Traditional Travel Agency,2024-12-11,Wed,NGO,1,78.29,64.0,0
2025-03-29,ILO,DOM,MNL HUB,ILOMNL,PR  2140,Y,Economy Supersaver,DOM,OTA,2025-01-14,Sat,ILO,3,11.26,89.0,1
2025-01-17,ILO,DOM,MNL HUB,ILOMNL,PR  2140,Y,Economy Value,DOM,WEB/APP,2025-01-15,Fri,ILO,2,87.36,17.0,1
2025-03-28,DGT,DOM,MNL HUB,DGTMNL,PR  2546,Y,Economy Supersaver,DOM,WEB/APP,2024-08-01,Fri,MNL,5,40.67,254.0,1
2025-01-07,DVO,DOM,MNL HUB,DVOMNL,PR  1810,J,Economy Saver,DOM,Contact Center,2024-12-09,Tue,DVO,1,75.71,44.0,0
2025-02-19,ILO,DOM,MNL HUB,ILOMNL,PR  2148,Y,Non-Rev,,Traditional Travel Agency,2024-10-10,Wed,YYZ,3,28.77,147.0,1
2025-01-17,LAO,DOM,MNL HUB,MNLLAO,PR  2196,Y,Economy Saver,DOM,WEB/APP,2025-01-14,Fri,MNL,1,82.57,18.0,0
2025-01-30,CEB,DOM,MNL HUB,CEBMNL,PR  2864,Y,Economy Flex,ROW,,2025-01-01,Thu,,2,249.6,44.0,1
2025-01-31,DVO,DOM,MNL HUB,DVOMNL,PR  1806,J,Economy Value,DOM,WEB/APP,2025-01-28,Fri,DVO,4,107.01,18.0,1
2025-04-11,DVO,DOM,MNL HUB,MNLDVO,PR  2821,Y,Economy Supersaver,DOM,WEB/APP,2024-11-03,Fri,MNL,1,28.41,174.0,0
2025-03-19,ZAM,DOM,MNL HUB,MNLZAM,PR  2993,Y,Economy Value,ME,Traditional Travel Agency,2025-03-15,Wed,MNL,1,164.39,19.0,0
2025-03-21,TAC,DOM,MNL HUB,TACMNL,PR  2982,Y,Economy Saver,DOM,WEB/APP,2025-03-06,Fri,TAC,2,97.8,30.0,1
2025-04-06,DGT,DOM,MNL HUB,MNLDGT,PR  2543,Y,Economy Value,DOM,WEB/APP,2025-03-29,Sun,DGT,1,99.05,23.0,0
2025-03-18,TAG,DOM,MNL HUB,MNLTAG,PR  2773,Y,Economy Supersaver,ME,Traditional Travel Agency,2025-01-30,Tue,LAX,1,46.36,62.0,0
2025-04-26,DVO,DOM,MNL HUB,DVOMNL,PR  1820,J,Economy Flex,DOM,Traditional Travel Agency,2025-04-23,Sat,MNL,1,180.27,18.0,0
2025-03-19,PPS,DOM,MNL HUB,MNLPPS,PR  2785,Y,Economy Supersaver,DOM,Traditional Travel Agency,2025-01-13,Wed,TAC,2,17.24,80.0,1
2025-04-27,PPS,DOM,MNL HUB,PPSMNL,PR  2780,J,Economy Value,DOM,WEB/APP,2025-04-15,Sun,PPS,1,107.74,27.0,0
2025-01-14,KLO,DOM,MNL HUB,KLOMNL,PR  2944,Y,Economy Supersaver,DOM,Traditional Travel Agency,2025-01-01,Tue,KLO,5,25.43,28.0,1
2025-01-18,CEB,DOM,MNL HUB,CEBMNL,PR  1852,Y,Economy Supersaver,DOM,WEB/APP,2025-01-14,Sat,CEB,3,60.96,19.0,1
2025-04-04,CEB,DOM,MNL HUB,MNLCEB,PR  1851,Y,Economy Saver,DOM,Corporate Web Portal,2025-03-31,Fri,MNL,2,76.98,19.0,1
2025-03-24,BCD,DOM,MNL HUB,BCDMNL,PR  2136,Y,Economy Supersaver,DOM,WEB/APP,2024-12-15,Mon,MNL,1,19.14,114.0,0
2025-02-22,DRP,DOM,MNL HUB,DRPMNL,PR  2922,J,Economy Saver,DOM,Traditional Travel Agency,2025-02-08,Sat,DRP,1,70.1,29.0,0
2025-01-18,RXS,DOM,MNL HUB,RXSMNL,PR  2204,Y,Economy Saver,DOM,Traditional Travel Agency,2025-01-13,Sat,RXS,1,51.58,20.0,0
2025-03-10,BCD,DOM,MNL HUB,MNLBCD,PR  2129,Y,Economy Supersaver,DOM,WEB/APP,2025-02-17,Mon,MNL,1,28.36,36.0,0
2025-02-04,MPH,DOM,MNL HUB,MNLMPH,PR  2045,Y,Economy Value,DOM,Traditional Travel Agency,2025-02-03,Tue,MNL,2,112.66,16.0,1
2025-01-10,CGY,DOM,MNL HUB,MNLCGY,PR  2529,Y,Economy Flex,DOM,WEB/APP,2025-01-09,Fri,MNL,3,145.04,16.0,1
2025-01-25,CEB,DOM,MNL HUB,MNLCEB,PR  1845,Y,Economy Value,DOM,WEB/APP,2025-01-17,Sat,CEB,1,117.28,23.0,0
2025-02-03,GES,DOM,MNL HUB,MNLGES,PR  455,Y,Economy Supersaver,DOM,Traditional Travel Agency,2025-01-03,Mon,MNL,1,27.17,46.0,0
2025-04-25,LAO,DOM,MNL HUB,MNLLAO,PR  2196,J,Economy Saver,DOM,WEB/APP,2025-04-07,Fri,MNL,1,71.01,33.0,0
2025-03-21,CEB,DOM,MNL HUB,MNLCEB,PR  2851,J,Economy Supersaver,DOM,WEB/APP,2025-01-12,Fri,MNL,2,18.18,83.0,1
2025-02-16,BCD,DOM,MNL HUB,BCDMNL,PR  2134,J,Economy Supersaver,DOM,WEB/APP,2024-08-31,Sun,BCD,1,17.91,184.0,0
2025-01-11,BCD,DOM,MNL HUB,MNLBCD,PR  2129,J,Economy Saver,DOM,Traditional Travel Agency,2024-12-20,Sat,MNL,1,63.46,37.0,0
2025-01-31,OZC,DOM,MNL HUB,MNLOZC,PR  2889,Y,Economy Supersaver,DOM,Traditional Travel Agency,2025-01-02,Fri,OZC,27,66.61,44.0,1
2025-03-11,MPH,DOM,MNL HUB,MNLMPH,PR  2041,J,Economy Supersaver,DOM,WEB/APP,2024-12-30,Tue,TAG,4,33.04,86.0,1
2025-03-17,CYZ,DOM,MNL HUB,CYZMNL,PR  2019,W,Premium Economy,DOM,Contact Center,2025-03-13,Mon,CYZ,1,142.56,19.0,0
2025-01-06,KLO,DOM,MNL HUB,MNLKLO,PR  2969,Y,Economy Supersaver,DOM,Traditional Travel Agency,2024-07-12,Mon,MNL,6,14.04,193.0,1
2025-03-23,LAO,DOM,MNL HUB,LAOMNL,PR  2199,Y,Economy Supersaver,DOM,Traditional Travel Agency,2025-03-16,Sun,MNL,3,43.12,22.0,1
2025-04-21,TAC,DOM,MNL HUB,TACMNL,PR  2982,Y,Economy Value,DOM,WEB/APP,2025-03-24,Mon,MNL,1,110.23,43.0,0
2025-01-02,GES,DOM,MNL HUB,GESMNL,PR  454,Y,Economy Supersaver,DOM,Sea Crew,2024-11-25,Thu,MNL,1,48.83,53.0,0
2025-03-17,PPS,DOM,MNL HUB,PPSMNL,PR  2786,J,Economy Saver,,Traditional Travel Agency,2025-03-01,Mon,PPS,1,97.81,31.0,0
2025-04-11,DRP,DOM,MNL HUB,DRPMNL,PR  2922,Y,Economy Supersaver,DOM,OTA,2025-03-18,Fri,DRP,1,37.96,39.0,0
2025-02-19,GES,DOM,MNL HUB,GESMNL,PR  456,Y,Economy Saver,,Traditional Travel Agency,2025-01-16,Wed,GES,1,117.45,49.0,0
2025-01-31,LAO,DOM,MNL HUB,MNLLAO,PR  2198,Y,Economy Saver,,Traditional Travel Agency,2024-11-06,Fri,HNL,2,55.12,101.0,1
2025-01-09,CEB,DOM,MNL HUB,MNLCEB,PR  2849,J,Economy Flex,ROW,,2025-01-05,Thu,,2,237.35,19.0,1
2025-04-13,CEB,DOM,MNL HUB,MNLCEB,PR  2867,Y,Economy Saver,ME,WEB/APP,2024-12-25,Sun,RUH,1,56.51,124.0,0
2025-04-13,CGY,DOM,MNL HUB,CGYMNL,PR  2530,J,Economy Saver,DOM,Traditional Travel Agency,2025-04-10,Sun,CGY,5,61.19,18.0,1
2025-01-04,DVO,DOM,MNL HUB,MNLDVO,PR  1803,Y,Economy Value,DOM,WEB/APP,2025-01-03,Sat,MNL,1,105.08,16.0,0
2025-03-21,DVO,DOM,MNL HUB,MNLDVO,PR  2821,Y,Economy Saver,SEA,OTA,2024-12-18,Fri,FUK,2,72.12,108.0,1
2025-03-31,DVO,DOM,MNL HUB,MNLDVO,PR  1819,Y,Economy Supersaver,DOM,OTA,2025-03-07,Mon,MNL,2,40.95,39.0,1
2025-04-11,GES,DOM,MNL HUB,MNLGES,PR  453,Y,Economy Saver,G.CN,Traditional Travel Agency,2025-02-26,Fri,HKG,2,59.72,59.0,1
2025-04-09,MPH,DOM,MNL HUB,MPHMNL,PR  2048,Y,Economy Supersaver,DOM,OTA,2025-02-08,Wed,MPH,2,36.41,75.0,1
2025-03-13,OZC,DOM,MNL HUB,OZCMNL,PR  2890,Y,Economy Saver,DOM,WEB/APP,2025-03-03,Thu,OZC,1,76.27,25.0,0
2025-03-15,BXU,DOM,MNL HUB,BXUMNL,PR  2968,Y,Economy Saver,DOM,Traditional Travel Agency,2025-03-10,Sat,BXU,1,85.23,20.0,0
2025-04-30,CBO,DOM,MNL HUB,CBOMNL,PR  2958,Y,Economy Saver,DOM,OTA,2025-03-03,Wed,CBO,2,58.21,73.0,1
2025-02-20,LAO,DOM,MNL HUB,MNLLAO,PR  2196,Y,Economy Supersaver,DOM,Ticket Office,2024-09-12,Thu,DVO,8,19.43,176.0,1
2025-01-30,CEB,DOM,MNL HUB,MNLCEB,PR  1861,Y,Economy Supersaver,DOM,Traditional Travel Agency,2025-01-24,Thu,MNL,2,39.3,21.0,1
2025-02-24,CEB,DOM,MNL HUB,MNLCEB,PR  1845,Y,Economy Value,DOM,Ticket Office,2025-02-19,Mon,MNL,1,120.1,20.0,0
2025-03-29,DVO,DOM,MNL HUB,DVOMNL,PR  2818,Y,Economy Saver,,WEB/APP,2025-01-20,Sat,LAX,1,131.65,83.0,0
2025-04-27,CEB,DOM,MNL HUB,MNLCEB,PR  1845,Y,Economy Supersaver,DOM,WEB/APP,2025-02-10,Sun,MNL,1,32.68,91.0,0
2025-03-24,DVO,DOM,MNL HUB,DVOMNL,PR  1810,J,Economy Supersaver,DOM,Traditional Travel Agency,2025-03-11,Mon,DVO,1,40.01,28.0,0
2025-02-14,IAO,DOM,MNL HUB,IAOMNL,PR  2974,Y,Economy Saver,AUS,OTA,2025-01-08,Fri,IAO,2,56.38,52.0,1
2025-04-03,TAC,DOM,MNL HUB,TACMNL,PR  2982,Y,Economy Supersaver,,Traditional Travel Agency,2025-03-06,Thu,ORD,1,32.79,43.0,0
2025-04-08,GES,DOM,MNL HUB,MNLGES,PR  2455,J,Economy Value,Offline,OTA,2025-04-02,Tue,RUH,1,155.83,21.0,0
2025-03-28,CEB,DOM,MNL HUB,MNLCEB,PR  1861,Y,Economy Supersaver,DOM,WEB/APP,2025-02-16,Fri,MNL,4,41.5,55.0,1
2025-04-25,DRP,DOM,MNL HUB,DRPMNL,PR  2922,J,Economy Supersaver,DOM,WEB/APP,2025-02-07,Fri,DRP,3,27.17,92.0,1
2025-01-04,DVO,DOM,MNL HUB,MNLDVO,PR  2821,Y,Economy Value,DOM,Traditional Travel Agency,2024-09-26,Sat,DVO,3,104.69,115.0,1
2025-04-27,CEB,DOM,MNL HUB,MNLCEB,PR  1863,J,Economy Flex,Others,Sea Crew,2025-04-24,Sun,KUL,1,113.39,18.0,0
2025-01-07,CEB,DOM,MNL HUB,CEBMNL,PR  2880,Y,Economy Saver,DOM,WEB/APP,2025-01-02,Tue,CEB,1,80.21,20.0,0
2025-04-12,CEB,DOM,MNL HUB,MNLCEB,PR  2867,J,Business Value,ME,WEB/APP,2025-04-07,Sat,DOH,1,101.08,20.0,0
2025-02-11,DVO,DOM,MNL HUB,DVOMNL,PR  2820,Y,Economy Supersaver,DOM,WEB/APP,2025-01-13,Tue,MNL,2,24.39,44.0,1
2025-04-27,ILO,DOM,MNL HUB,MNLILO,PR  2141,Y,Economy Value,DOM,WEB/APP,2025-04-14,Sun,MNL,3,88.2,28.0,1
2025-03-17,CGY,DOM,MNL HUB,CGYMNL,PR  2522,Y,Economy Saver,DOM,Traditional Travel Agency,2025-03-14,Mon,CGY,1,70.24,18.0,0
2025-02-02,MPH,DOM,MNL HUB,MNLMPH,PR  2043,J,Economy Supersaver,DOM,Traditional Travel Agency,2024-07-18,Sun,MNL,4,27.88,214.0,1
2025-01-29,CEB,DOM,MNL HUB,CEBMNL,PR  2850,Y,Economy Flex,DOM,Traditional Travel Agency,2025-01-20,Wed,MNL,1,150.9,24.0,0
2025-02-03,DVO,DOM,MNL HUB,MNLDVO,PR  1805,Y,Economy Supersaver,DOM,WEB/APP,2024-11-28,Mon,MNL,1,20.25,82.0,0
2025-03-07,ILO,DOM,MNL HUB,ILOMNL,PR  2142,Y,Economy Saver,JAP,WEB/APP,2025-02-02,Fri,NRT,1,54.4,48.0,0
2025-02-28,CBO,DOM,MNL HUB,CBOMNL,PR  2960,Y,Economy Saver,DOM,WEB/APP,2025-01-29,Fri,MNL,1,77.58,45.0,0
2025-02-20,CGY,DOM,MNL HUB,MNLCGY,PR  2527,J,Economy Saver,DOM,WEB/APP,2025-02-04,Thu,CGY,1,54.53,31.0,0
2025-03-31,CEB,DOM,MNL HUB,MNLCEB,PR  2867,Y,Economy Saver,DOM,OTA,2025-03-27,Mon,MNL,1,85.67,19.0,0
2025-03-01,BCD,DOM,MNL HUB,MNLBCD,PR  2129,Y,Economy Supersaver,DOM,WEB/APP,2025-02-06,Sat,MNL,2,28.18,38.0,1
2025-04-07,ILO,DOM,MNL HUB,MNLILO,PR  2143,Y,Economy Value,,OTA,2025-02-27,Mon,KWI,1,17.93,54.0,0
2025-01-08,CGY,DOM,MNL HUB,CGYMNL,PR  2526,Y,Economy Supersaver,DOM,Traditional Travel Agency,2025-01-07,Wed,CGY,1,44.21,16.0,0
2025-03-02,DVO,DOM,MNL HUB,MNLDVO,PR  2825,J,Economy Supersaver,DOM,Traditional Travel Agency,2024-12-29,Sun,MNL,1,27.53,78.0,0
2025-02-11,BXU,DOM,MNL HUB,MNLBXU,PR  2938,Y,Economy Supersaver,DOM,Contact Center,2024-09-11,Tue,JFK,2,62.3,168.0,1
2025-04-23,DVO,DOM,MNL HUB,DVOMNL,PR  1802,Y,Economy Supersaver,DOM,WEB/APP,2025-02-02,Wed,DVO,1,27.0,95.0,0
2025-03-27,CYZ,DOM,MNL HUB,CYZMNL,PR  2019,Y,Economy Saver,DOM,Traditional Travel Agency,2025-03-25,Thu,CYZ,2,60.7,17.0,1
2025-02-01,CEB,DOM,MNL HUB,CEBMNL,PR  2850,Y,Economy Saver,SEA,WEB/APP,2024-12-30,Sat,SIN,2,55.89,48.0,1
2025-04-25,LAO,DOM,MNL HUB,LAOMNL,PR  2199,J,Economy Saver,DOM,Traditional Travel Agency,2025-04-15,Fri,MNL,3,51.04,25.0,1
2025-04-23,CBO,DOM,MNL HUB,MNLCBO,PR  2959,J,Economy Value,DOM,Contact Center,2025-04-09,Wed,MNL,1,103.35,29.0,0
2025-02-12,CEB,DOM,MNL HUB,CEBMNL,PR  2852,Y,Economy Supersaver,DOM,WEB/APP,2025-01-09,Wed,CEB,1,32.56,49.0,0
2025-01-02,CEB,DOM,MNL HUB,MNLCEB,PR  2869,Y,Economy Supersaver,DOM,WEB/APP,2024-08-21,Thu,CEB,1,37.86,149.0,0
2025-02-28,DVO,DOM,MNL HUB,DVOMNL,PR  2822,J,Economy Saver,Offline,Traditional Travel Agency,2024-12-07,Fri,KWI,1,16.56,98.0,0
2025-04-25,CGY,DOM,MNL HUB,MNLCGY,PR  2525,Y,Economy Supersaver,DOM,Traditional Travel Agency,2025-02-03,Fri,MNL,3,31.25,96.0,1
2025-04-01,DVO,DOM,MNL HUB,DVOMNL,PR  1806,Y,Economy Saver,DOM,WEB/APP,2025-03-23,Tue,MNL,2,63.59,24.0,1
2025-04-05,DVO,DOM,MNL HUB,DVOMNL,PR  1818,Y,Economy Supersaver,DOM,OTA,2025-03-17,Sat,DVO,1,38.41,34.0,0
2025-03-18,BCD,DOM,MNL HUB,MNLBCD,PR  2131,Y,Economy Saver,DOM,Traditional Travel Agency,2025-02-20,Tue,MNL,1,59.01,41.0,0
2025-01-24,MPH,DOM,MNL HUB,MPHMNL,PR  2042,Y,Economy Value,AUS,OTA,2025-01-15,Fri,MPH,1,171.58,24.0,0
2025-04-03,CEB,DOM,MNL HUB,CEBMNL,PR  2854,Y,Economy Saver,DOM,WEB/APP,2025-03-03,Thu,MNL,1,84.77,46.0,0
2025-01-29,ZAM,DOM,MNL HUB,MNLZAM,PR  2997,Y,Economy Saver,,Contact Center,2024-09-17,Wed,MNL,1,72.84,149.0,0
2025-04-06,CEB,DOM,MNL HUB,CEBMNL,PR  1864,J,Economy Value,DOM,Traditional Travel Agency,2025-04-04,Sun,CEB,1,97.66,17.0,0
2025-02-13,DRP,DOM,MNL HUB,MNLDRP,PR  2925,J,Economy Supersaver,DOM,Traditional Travel Agency,2025-01-29,Thu,MNL,1,48.94,30.0,0
2025-02-12,DVO,DOM,MNL HUB,DVOMNL,PR  2812,J,Economy Saver,,OTA,2024-12-16,Wed,PUS,1,74.07,73.0,0
2025-03-04,CBO,DOM,MNL HUB,MNLCBO,PR  2957,Y,Economy Supersaver,DOM,WEB/APP,2024-12-01,Tue,MNL,2,21.1,108.0,1
2025-01-13,USU,DOM,MNL HUB,MNLUSU,PR  2963,Y,Economy Supersaver,G.CN,Traditional Travel Agency,2024-09-05,Mon,HKG,2,21.85,145.0,1
2025-02-15,USU,DOM,MNL HUB,USUMNL,PR  2964,J,Economy Saver,,Traditional Travel Agency,2025-02-07,Sat,USU,1,138.51,23.0,0
2025-04-22,DVO,DOM,MNL HUB,DVOMNL,PR  2816,Y,Economy Flex,DOM,Traditional Travel Agency,2025-04-21,Tue,DVO,2,175.2,16.0,1
2025-01-03,KLO,DOM,MNL HUB,KLOMNL,PR  2970,Y,Economy Flex,G.CN,OTA,2024-11-09,Fri,HKG,1,114.5,70.0,0
2025-04-26,MPH,DOM,MNL HUB,MNLMPH,PR  2035,J,Economy Value,DOM,WEB/APP,2025-04-23,Sat,MNL,3,119.9,18.0,1
2025-03-06,LAO,DOM,MNL HUB,LAOMNL,PR  2197,Y,Economy Flex,DOM,Traditional Travel Agency,2025-03-03,Thu,LAO,1,159.75,18.0,0
2025-02-15,CEB,DOM,MNL HUB,MNLCEB,PR  2867,J,Economy Saver,ME,WEB/APP,2025-02-13,Sat,DXB,1,65.82,17.0,0
2025-02-26,CEB,DOM,MNL HUB,CEBMNL,PR  2852,W,Premium Economy,DOM,Contact Center,2025-02-05,Wed,CEB,1,232.89,36.0,0
2025-01-03,DRP,DOM,MNL HUB,DRPMNL,PR  2924,Y,Economy Supersaver,DOM,Ticket Office,2024-09-07,Fri,DRP,1,47.7,133.0,0
2025-02-15,LAO,DOM,MNL HUB,LAOMNL,PR  2197,J,Economy Supersaver,,Traditional Travel Agency,2024-09-02,Sat,HNL,3,44.85,181.0,1
2025-01-27,CBO,DOM,MNL HUB,CBOMNL,PR  2960,Y,Economy Saver,DOM,WEB/APP,2025-01-04,Mon,CBO,2,62.03,38.0,1
2025-02-14,DVO,DOM,MNL HUB,DVOMNL,PR  2820,J,Economy Value,DOM,Ticket Office,2025-02-10,Fri,MNL,1,88.52,19.0,0
2025-04-05,CBO,DOM,MNL HUB,CBOMNL,PR  2960,Y,Economy Saver,DOM,OTA,2025-03-14,Sat,CBO,1,84.05,37.0,0
2025-02-17,ZAM,DOM,MNL HUB,ZAMMNL,PR  2994,Y,Economy Flex,DOM,Traditional Travel Agency,2025-02-13,Mon,ZAM,1,156.85,19.0,0
2025-04-02,DVO,DOM,MNL HUB,MNLDVO,PR  1817,J,Economy Saver,Offline,Traditional Travel Agency,2025-03-19,Wed,KWI,1,32.19,29.0,0
2025-01-14,MPH,DOM,MNL HUB,MNLMPH,PR  2043,Y,Economy Supersaver,DOM,WEB/APP,2024-04-13,Tue,MNL,2,29.69,291.0,1
2025-02-27,RXS,DOM,MNL HUB,RXSMNL,PR  2204,J,Economy Supersaver,DOM,Traditional Travel Agency,2025-02-19,Thu,RXS,2,44.86,23.0,1
2025-04-10,DGT,DOM,MNL HUB,MNLDGT,PR  2543,J,Economy Supersaver,,Traditional Travel Agency,2025-04-08,Thu,MNL,1,47.11,17.0,0
2025-01-08,MPH,DOM,MNL HUB,MPHMNL,PR  2046,Y,Economy Value,,WEB/APP,2024-07-12,Wed,YVR,2,67.34,195.0,1
2025-04-22,DRP,DOM,MNL HUB,DRPMNL,PR  2922,Y,Economy Flex,DOM,WEB/APP,2025-03-21,Tue,DRP,2,148.07,47.0,1
2025-04-01,DVO,DOM,MNL HUB,DVOMNL,PR  1820,J,Economy Supersaver,DOM,OTA,2025-03-14,Tue,DVO,1,27.28,33.0,0
2025-04-25,MPH,DOM,MNL HUB,MPHMNL,PR  2044,Y,Economy Supersaver,DOM,WEB/APP,2024-06-05,Fri,MNL,1,16.51,339.0,0
2025-03-19,DGT,DOM,MNL HUB,MNLDGT,PR  2543,W,Premium Economy,DOM,Ticket Office,2025-03-12,Wed,MNL,3,175.2,22.0,1
2025-04-25,TAC,DOM,MNL HUB,MNLTAC,PR  2985,Y,Economy Value,DOM,WEB/APP,2025-04-16,Fri,TAC,1,146.26,24.0,0
2025-01-13,DVO,DOM,MNL HUB,MNLDVO,PR  1805,Y,Economy Saver,DOM,WEB/APP,2025-01-07,Mon,MNL,1,74.78,21.0,0
2025-01-10,USU,DOM,MNL HUB,USUMNL,PR  2962,Y,Economy Value,DOM,WEB/APP,2024-09-12,Fri,USU,2,142.56,135.0,1
2025-01-17,ZAM,DOM,MNL HUB,MNLZAM,PR  2993,J,Economy Supersaver,DOM,Traditional Travel Agency,2024-12-25,Fri,MNL,1,39.15,38.0,0
2025-03-19,DVO,DOM,MNL HUB,MNLDVO,PR  2821,J,Economy Saver,DOM,Traditional Travel Agency,2025-03-13,Wed,MNL,1,62.78,21.0,0
2025-01-17,ILO,DOM,MNL HUB,ILOMNL,PR  2144,Y,Economy Saver,,Sea Crew,2024-05-21,Fri,ILO,1,47.4,256.0,0
2025-02-13,DVO,DOM,MNL HUB,MNLDVO,PR  1803,J,Economy Value,DOM,WEB/APP,2025-02-11,Thu,DVO,1,92.48,17.0,0
2025-01-01,ILO,DOM,MNL HUB,MNLILO,PR  2143,Y,Economy Supersaver,,Contact Center,2024-02-17,Wed,YVR,2,44.34,334.0,1
2025-04-07,PPS,DOM,MNL HUB,PPSMNL,PR  2780,J,Economy Supersaver,DOM,OTA,2025-03-18,Mon,PPS,1,35.71,35.0,0
2025-04-30,GES,DOM,MNL HUB,MNLGES,PR  453,Y,Economy Saver,DOM,WEB/APP,2025-03-26,Wed,MNL,2,82.67,50.0,1
2025-01-15,LAO,DOM,MNL HUB,LAOMNL,PR  2197,Y,Economy Value,DOM,Traditional Travel Agency,2025-01-06,Wed,LAO,2,111.66,24.0,1
2025-02-12,CEB,DOM,MNL HUB,MNLCEB,PR  2863,J,Economy Saver,Offline,Traditional Travel Agency,2024-09-25,Wed,BER,1,110.5,155.0,0
2025-02-13,CYP,DOM,MNL HUB,MNLCYP,PR  2671,J,Economy Value,DOM,Contact Center,2025-02-02,Thu,MNL,1,122.59,26.0,0
2025-02-21,DRP,DOM,MNL HUB,DRPMNL,PR  2920,Y,Economy Value,DOM,WEB/APP,2025-02-12,Fri,MNL,1,100.85,24.0,0
2025-01-21,KLO,DOM,MNL HUB,KLOMNL,PR  2970,Y,Economy Value,DOM,Traditional Travel Agency,2025-01-20,Tue,KLO,2,108.58,16.0,1
2025-04-06,TAG,DOM,MNL HUB,TAGMNL,PR  2772,Y,Economy Saver,SEA,OTA,2025-04-05,Sun,TAG,1,53.94,16.0,0
2025-04-26,ILO,DOM,MNL HUB,ILOMNL,PR  2144,W,Premium Economy,DOM,WEB/APP,2025-04-23,Sat,ILO,2,207.12,18.0,1
2025-04-29,RXS,DOM,MNL HUB,RXSMNL,PR  2204,Y,Economy Value,DOM,WEB/APP,2025-04-16,Tue,RXS,1,118.14,28.0,0
2025-04-04,DGT,DOM,MNL HUB,MNLDGT,PR  2543,Y,Economy Supersaver,,Traditional Travel Agency,2025-03-05,Fri,MNL,4,45.29,45.0,1
2025-02-24,CBO,DOM,MNL HUB,CBOMNL,PR  2960,J,Economy Saver,,Traditional Travel Agency,2025-02-16,Mon,CBO,1,117.65,23.0,0
2025-01-25,ILO,DOM,MNL HUB,ILOMNL,PR  2152,Y,Economy Saver,DOM,Traditional Travel Agency,2025-01-24,Sat,ILO,1,56.96,16.0,0
2025-02-06,GES,DOM,MNL HUB,MNLGES,PR  455,J,Business Flex,DOM,Contact Center,2025-02-05,Thu,MNL,1,260.68,16.0,0
2025-02-20,DVO,DOM,MNL HUB,DVOMNL,PR  2822,W,Premium Economy,DOM,Traditional Travel Agency,2025-02-19,Thu,DVO,2,244.56,16.0,1
2025-03-24,CEB,DOM,MNL HUB,CEBMNL,PR  2864,Y,Economy Supersaver,DOM,WEB/APP,2025-01-28,Mon,MNL,1,22.19,70.0,0
2025-02-02,DVO,DOM,MNL HUB,MNLDVO,PR  2819,Y,Economy Value,DOM,Traditional Travel Agency,2025-02-01,Sun,MNL,1,90.83,16.0,0
2025-02-04,CEB,DOM,MNL HUB,MNLCEB,PR  2835,J,Economy Saver,DOM,WEB/APP,2025-02-03,Tue,MNL,2,62.07,16.0,1
2025-02-18,OZC,DOM,MNL HUB,OZCMNL,PR  2890,Y,Economy Saver,DOM,WEB/APP,2025-01-19,Tue,OZC,1,72.32,45.0,0
2025-03-22,ILO,DOM,MNL HUB,ILOMNL,PR  2148,Y,Economy Saver,DOM,WEB/APP,2025-03-20,Sat,ILO,1,58.79,17.0,0
2025-04-08,CEB,DOM,MNL HUB,CEBMNL,PR  1852,J,Business Flex,DOM,WEB/APP,2025-04-07,Tue,CEB,1,245.7,16.0,0
2025-02-10,ILO,DOM,MNL HUB,ILOMNL,PR  2140,Y,Economy Value,DOM,WEB/APP,2025-02-06,Mon,ILO,4,124.04,19.0,1
2025-01-29,DVO,DOM,MNL HUB,DVOMNL,PR  2816,Y,Economy Saver,,Traditional Travel Agency,2024-08-09,Wed,LAX,1,74.09,188.0,0
2025-03-13,BCD,DOM,MNL HUB,BCDMNL,PR  2132,Y,Economy Saver,DOM,WEB/APP,2025-03-04,Thu,MNL,1,71.56,24.0,0
2025-03-18,CEB,DOM,MNL HUB,MNLCEB,PR  2859,Y,Economy Saver,DOM,WEB/APP,2025-03-11,Tue,CEB,1,59.7,22.0,0
2025-03-25,DVO,DOM,MNL HUB,MNLDVO,PR  2813,Y,Economy Saver,DOM,WEB/APP,2025-02-07,Tue,MNL,3,63.41,61.0,1
2025-04-30,CEB,DOM,MNL HUB,MNLCEB,PR  2845,W,Premium Economy,DOM,WEB/APP,2025-04-28,Wed,MNL,3,257.79,17.0,1
2025-01-01,MPH,DOM,MNL HUB,MNLMPH,PR  2045,Y,Economy Saver,DOM,WEB/APP,2024-09-08,Wed,MNL,3,36.85,130.0,1
2025-02-02,CEB,DOM,MNL HUB,MNLCEB,PR  2865,Y,Economy Value,DOM,WEB/APP,2025-01-28,Sun,MNL,1,90.8,20.0,0
2025-04-03,EUQ,DOM,MNL HUB,MNLEUQ,PR  2905,Y,Economy Saver,DOM,WEB/APP,2024-12-13,Thu,EUQ,1,83.84,126.0,0
2025-02-20,ILO,DOM,MNL HUB,ILOMNL,PR  2146,J,Economy Supersaver,DOM,Traditional Travel Agency,2025-02-11,Thu,MNL,1,17.08,24.0,0
2025-01-13,DVO,DOM,MNL HUB,DVOMNL,PR  1810,Y,Economy Value,DOM,Traditional Travel Agency,2025-01-08,Mon,DVO,1,122.37,20.0,0
2025-02-21,TAC,DOM,MNL HUB,MNLTAC,PR  2981,J,Economy Supersaver,DOM,WEB/APP,2025-01-09,Fri,MNL,1,42.29,58.0,0
2025-02-11,DVO,DOM,MNL HUB,MNLDVO,PR  2817,Y,Economy Saver,AUS,WEB/APP,2024-10-28,Tue,MEL,1,84.44,121.0,0
2025-03-29,LAO,DOM,MNL HUB,LAOMNL,PR  2199,J,Economy Saver,DOM,Ticket Office,2025-03-24,Sat,MNL,1,51.97,20.0,0
2025-01-08,BXU,DOM,MNL HUB,BXUMNL,PR  2939,W,Premium Economy,,OTA,2025-01-06,Wed,BXU,1,306.22,17.0,0
2025-03-17,BXU,DOM,MNL HUB,MNLBXU,PR  2967,J,Economy Saver,DOM,Ticket Office,2025-03-10,Mon,BCD,1,84.59,22.0,0
2025-02-04,CBO,DOM,MNL HUB,CBOMNL,PR  2958,J,Economy Flex,DOM,Traditional Travel Agency,2025-02-02,Tue,CBO,2,202.8,17.0,1
2025-02-15,CGY,DOM,MNL HUB,MNLCGY,PR  2519,Y,Economy Supersaver,DOM,Traditional Travel Agency,2025-02-11,Sat,MNL,2,30.69,19.0,1
2025-01-12,CEB,DOM,MNL HUB,CEBMNL,PR  1862,J,Economy Saver,DOM,Traditional Travel Agency,2024-12-23,Sun,MPH,1,35.35,35.0,0
2025-04-01,IAO,DOM,MNL HUB,IAOMNL,PR  2972,Y,Economy Flex,DOM,WEB/APP,2025-03-25,Tue,MNL,4,368.23,22.0,1
2025-03-13,MPH,DOM,MNL HUB,MNLMPH,PR  2045,J,Economy Flex,DOM,WEB/APP,2025-01-28,Thu,MNL,1,221.13,59.0,0
2025-01-29,LAO,DOM,MNL HUB,MNLLAO,PR  2198,Y,Economy Value,DOM,WEB/APP,2025-01-03,Wed,MNL,2,95.28,41.0,1
2025-01-07,GES,DOM,MNL HUB,MNLGES,PR  453,J,Economy Value,DOM,WEB/APP,2024-12-27,Tue,MNL,1,101.34,26.0,0
2025-01-10,USU,DOM,MNL HUB,MNLUSU,PR  2963,Y,Economy Saver,Offline,OTA,2024-08-25,Fri,PNH,2,44.81,153.0,1
2025-01-07,MPH,DOM,MNL HUB,MPHMNL,PR  2042,J,Economy Saver,G.CN,Traditional Travel Agency,2024-11-18,Tue,MPH,1,43.75,65.0,0
2025-02-26,USU,DOM,MNL HUB,MNLUSU,PR  2963,J,Economy Supersaver,ROW,,2025-02-14,Wed,MNL,1,48.3,27.0,0
2025-02-17,DVO,DOM,MNL HUB,DVOMNL,PR  2812,J,Business Flex,DOM,WEB/APP,2025-02-11,Mon,DVO,2,259.06,21.0,1
2025-02-27,PPS,DOM,MNL HUB,MNLPPS,PR  2781,Y,Economy Saver,DOM,Traditional Travel Agency,2025-01-03,Thu,MNL,1,64.61,70.0,0
2025-02-09,CEB,DOM,MNL HUB,CEBMNL,PR  2864,Y,Economy Supersaver,DOM,Traditional Travel Agency,2024-09-13,Sun,CEB,3,17.63,164.0,1
2025-02-16,DVO,DOM,MNL HUB,DVOMNL,PR  2818,Y,Economy Supersaver,DOM,WEB/APP,2024-06-15,Sun,MNL,2,29.5,261.0,1
2025-04-02,DGT,DOM,MNL HUB,DGTMNL,PR  2546,J,Economy Saver,DOM,Traditional Travel Agency,2025-03-08,Wed,DGT,2,40.38,40.0,1
2025-01-29,CGY,DOM,MNL HUB,MNLCGY,PR  2519,Y,Economy Saver,DOM,Traditional Travel Agency,2025-01-23,Wed,MNL,3,60.59,21.0,1
2025-03-16,ZAM,DOM,MNL HUB,MNLZAM,PR  2949,J,Economy Supersaver,DOM,Traditional Travel Agency,2025-02-21,Sun,MNL,1,38.97,38.0,0
2025-03-05,BCD,DOM,MNL HUB,MNLBCD,PR  2135,J,Economy Supersaver,DOM,Corporate Web Portal,2025-02-26,Wed,MNL,1,50.17,22.0,0
2025-02-18,BCD,DOM,MNL HUB,BCDMNL,PR  2132,Y,Economy Supersaver,DOM,Traditional Travel Agency,2024-12-31,Tue,BCD,1,31.82,64.0,0
2025-02-08,CEB,DOM,MNL HUB,MNLCEB,PR  2867,Y,Economy Flex,DOM,Ticket Office,2025-02-08,Sat,MNL,2,201.5,15.0,1
2025-02-28,DVO,DOM,MNL HUB,DVOMNL,PR  2814,J,Business Flex,DOM,WEB/APP,2025-02-07,Fri,MNL,2,202.38,36.0,1
2025-04-07,DVO,DOM,MNL HUB,DVOMNL,PR  2822,Y,Economy Supersaver,DOM,WEB/APP,2024-10-28,Mon,MNL,1,28.01,176.0,0
2025-04-24,CEB,DOM,MNL HUB,CEBMNL,PR  2850,Y,Economy Saver,DOM,WEB/APP,2025-03-24,Thu,MNL,2,83.54,46.0,1
2025-04-24,CEB,DOM,MNL HUB,CEBMNL,PR  1846,Y,Economy Supersaver,DOM,WEB/APP,2025-03-30,Thu,CEB,1,41.51,40.0,0
2025-04-21,CGY,DOM,MNL HUB,CGYMNL,PR  2528,J,Economy Supersaver,DOM,WEB/APP,2025-02-04,Mon,MNL,3,24.62,91.0,1
2025-04-13,BXU,DOM,MNL HUB,MNLBXU,PR  2967,J,Economy Value,DOM,WEB/APP,2025-04-01,Sun,MNL,4,104.86,27.0,1
2025-02-10,GES,DOM,MNL HUB,MNLGES,PR  455,Y,Economy Flex,DOM,Traditional Travel Agency,2025-02-06,Mon,CGY,1,169.31,19.0,0
2025-03-27,TAG,DOM,MNL HUB,MNLTAG,PR  2775,W,Premium Economy,G.CN,Traditional Travel Agency,2025-03-26,Thu,MNL,1,245.95,16.0,0
2025-04-21,CGY,DOM,MNL HUB,MNLCGY,PR  2529,W,Premium Economy,DOM,Traditional Travel Agency,2025-04-16,Mon,MNL,2,238.9,20.0,1
2025-03-25,IAO,DOM,MNL HUB,IAOMNL,PR  2972,Y,Economy Supersaver,DOM,Contact Center,2024-06-06,Tue,MNL,3,30.49,307.0,1
2025-01-18,PPS,DOM,MNL HUB,MNLPPS,PR  2779,Y,Economy Supersaver,DOM,Corporate Web Portal,2024-06-10,Sat,PPS,1,31.83,237.0,0
2025-04-05,DRP,DOM,MNL HUB,DRPMNL,PR  2924,J,Economy Value,DOM,Traditional Travel Agency,2025-04-01,Sat,MNL,1,98.6,19.0,0
2025-04-11,OZC,DOM,MNL HUB,MNLOZC,PR  2889,Y,Economy Saver,AUS,OTA,2025-01-04,Fri,HKG,1,86.58,112.0,0
2025-04-10,MPH,DOM,MNL HUB,MNLMPH,PR  2047,Y,Economy Saver,JAP,WEB/APP,2024-06-28,Thu,KIX,2,48.19,301.0,1
2025-04-30,RXS,DOM,MNL HUB,RXSMNL,PR  2204,Y,Economy Value,DOM,WEB/APP,2025-02-17,Wed,RXS,1,124.14,87.0,0
2025-01-29,MPH,DOM,MNL HUB,MPHMNL,PR  2048,Y,Economy Value,,Sea Crew,2025-01-27,Wed,MPH,1,153.66,17.0,0
2025-02-01,KLO,DOM,MNL HUB,KLOMNL,PR  2970,Y,Economy Supersaver,DOM,WEB/APP,2024-10-25,Sat,MNL,2,30.73,114.0,1
2025-04-03,TAC,DOM,MNL HUB,TACMNL,PR  2982,Y,Economy Saver,,OTA,2025-03-26,Thu,TAC,1,120.47,23.0,0
2025-03-22,CGY,DOM,MNL HUB,CGYMNL,PR  2522,Y,Economy Value,DOM,Ticket Office,2025-03-18,Sat,MNL,1,117.43,19.0,0
2025-01-11,GES,DOM,MNL HUB,GESMNL,PR  456,Y,Economy Value,ME,Traditional Travel Agency,2024-12-03,Sat,DOH,1,94.99,54.0,0
2025-04-10,CYP,DOM,MNL HUB,CYPMNL,PR  2672,Y,Economy Value,DOM,GSA/DSA,2025-02-05,Thu,CYP,1,119.94,79.0,0
2025-03-28,DVO,DOM,MNL HUB,DVOMNL,PR  1810,Y,Economy Flex,SEA,OTA,2025-03-26,Fri,DVO,1,185.8,17.0,0
2025-03-14,ILO,DOM,MNL HUB,MNLILO,PR  2141,Y,Economy Value,DOM,WEB/APP,2025-03-11,Fri,MNL,1,92.34,18.0,0
2025-03-15,CGY,DOM,MNL HUB,CGYMNL,PR  2526,Y,Economy Saver,DOM,Ticket Office,2025-02-26,Sat,MNL,2,57.84,32.0,1
2025-04-13,CYP,DOM,MNL HUB,MNLCYP,PR  2673,Y,Economy Value,DOM,WEB/APP,2025-04-09,Sun,MNL,1,129.29,19.0,0
2025-04-08,CEB,DOM,MNL HUB,MNLCEB,PR  2835,J,Economy Saver,DOM,Ticket Office,2025-03-18,Tue,CEB,1,70.85,36.0,0
2025-03-30,BCD,DOM,MNL HUB,MNLBCD,PR  2135,Y,Economy Supersaver,DOM,OTA,2025-01-25,Sun,MNL,1,16.37,79.0,0
2025-02-08,MPH,DOM,MNL HUB,MPHMNL,PR  2038,Y,Economy Saver,DOM,WEB/APP,2025-01-07,Sat,MNL,3,73.91,47.0,1
2025-04-10,CYZ,DOM,MNL HUB,CYZMNL,PR  2019,J,Economy Supersaver,DOM,WEB/APP,2025-01-20,Thu,DXB,1,36.1,95.0,0
2025-04-22,CEB,DOM,MNL HUB,CEBMNL,PR  2860,Y,Economy Supersaver,DOM,OTA,2025-03-02,Tue,TUG,1,13.14,66.0,0
2025-04-06,CEB,DOM,MNL HUB,CEBMNL,PR  2836,Y,Economy Saver,DOM,Traditional Travel Agency,2025-03-25,Sun,MNL,1,87.83,27.0,0
2025-04-10,ZAM,DOM,MNL HUB,MNLZAM,PR  2949,Y,Economy Supersaver,DOM,WEB/APP,2024-04-21,Thu,MNL,3,36.79,369.0,1
2025-01-09,DGT,DOM,MNL HUB,MNLDGT,PR  2543,J,Economy Supersaver,DOM,WEB/APP,2024-08-10,Thu,MNL,2,34.12,167.0,1
2025-02-06,GES,DOM,MNL HUB,GESMNL,PR  456,Y,Economy Supersaver,ROW,,2024-11-07,Thu,BOS,1,136.5,106.0,0
2025-02-01,DVO,DOM,MNL HUB,MNLDVO,PR  1809,Y,Economy Supersaver,DOM,Traditional Travel Agency,2024-12-02,Sat,MNL,19,28.56,76.0,1
2025-04-03,DVO,DOM,MNL HUB,DVOMNL,PR  2808,Y,Economy Saver,JAP,WEB/APP,2025-02-19,Thu,NGO,3,60.07,58.0,1
2025-04-12,DGT,DOM,MNL HUB,MNLDGT,PR  2543,Y,Economy Supersaver,JAP,OTA,2025-02-19,Sat,DGT,3,40.39,67.0,1
2025-04-27,DRP,DOM,MNL HUB,MNLDRP,PR  2923,Y,Economy Value,DOM,Sea Crew,2025-03-14,Sun,MNL,1,73.48,59.0,0
2025-04-23,GES,DOM,MNL HUB,GESMNL,PR  452,J,Economy Saver,DOM,WEB/APP,2025-03-28,Wed,GES,3,95.18,41.0,1
2025-01-18,GES,DOM,MNL HUB,MNLGES,PR  455,Y,Economy Value,DOM,Contact Center,2024-12-25,Sat,GES,1,102.59,39.0,0
2025-03-21,PPS,DOM,MNL HUB,PPSMNL,PR  2782,Y,Economy Value,DOM,Contact Center,2025-03-18,Fri,MNL,1,128.86,18.0,0
2025-04-23,TUG,DOM,MNL HUB,TUGMNL,PR  2015,Y,Economy Supersaver,DOM,WEB/APP,2025-04-21,Wed,TUG,1,33.37,17.0,0
2025-04-24,TAC,DOM,MNL HUB,MNLTAC,PR  2987,Y,Economy Value,DOM,WEB/APP,2025-04-20,Thu,MNL,1,135.69,19.0,0
2025-03-26,CEB,DOM,MNL HUB,MNLCEB,PR  2861,Y,Economy Saver,DOM,Contact Center,2024-11-01,Wed,MEL,1,60.21,160.0,0
2025-04-03,RXS,DOM,MNL HUB,MNLRXS,PR  2203,J,Economy Value,G.CN,WEB/APP,2025-03-13,Thu,HKG,1,60.7,36.0,0
2025-04-06,CGY,DOM,MNL HUB,MNLCGY,PR  2529,Y,Economy Supersaver,DOM,OTA,2025-02-07,Sun,MNL,4,25.97,73.0,1
2025-03-21,CEB,DOM,MNL HUB,CEBMNL,PR  2868,Y,Economy Value,AUS,OTA,2025-02-17,Fri,CEB,2,172.89,47.0,1
2025-02-19,DVO,DOM,MNL HUB,MNLDVO,PR  1809,Y,Economy Saver,DOM,WEB/APP,2025-02-10,Wed,MNL,6,70.63,24.0,1
2025-02-18,DVO,DOM,MNL HUB,MNLDVO,PR  1809,J,Economy Supersaver,DOM,Traditional Travel Agency,2025-01-02,Tue,MNL,3,26.66,62.0,1
2025-02-13,TAC,DOM,MNL HUB,TACMNL,PR  2986,J,Economy Value,DOM,Traditional Travel Agency,2024-12-20,Thu,MNL,3,106.59,70.0,1
2025-01-05,DVO,DOM,MNL HUB,DVOMNL,PR  2818,J,Economy Value,DOM,Traditional Travel Agency,2024-11-13,Sun,DVO,1,93.68,68.0,0
2025-01-13,CEB,DOM,MNL HUB,CEBMNL,PR  2858,Y,Economy Value,DOM,Traditional Travel Agency,2025-01-07,Mon,DVO,4,41.42,21.0,1
2025-02-03,DVO,DOM,MNL HUB,MNLDVO,PR  2817,J,Business Flex,DOM,WEB/APP,2025-01-27,Mon,MNL,1,275.76,22.0,0
2025-01-09,DGT,DOM,MNL HUB,MNLDGT,PR  2545,Y,Economy Supersaver,DOM,Sea Crew,2025-01-01,Thu,MNL,1,48.24,23.0,0
2025-01-17,TAG,DOM,MNL HUB,TAGMNL,PR  2774,Y,Economy Saver,,Traditional Travel Agency,2024-05-29,Fri,TAG,2,134.21,248.0,1
2025-04-05,BCD,DOM,MNL HUB,MNLBCD,PR  2131,Y,Economy Supersaver,DOM,WEB/APP,2025-01-29,Sat,MNL,4,25.88,81.0,1
2025-01-21,BCD,DOM,MNL HUB,BCDMNL,PR  2130,Y,Economy Supersaver,DOM,Traditional Travel Agency,2025-01-03,Tue,BCD,2,35.69,33.0,1
2025-04-06,CBO,DOM,MNL HUB,CBOMNL,PR  2958,W,Premium Economy,DOM,Ticket Office,2025-03-20,Sun,CBO,1,39.12,32.0,0
2025-01-11,DGT,DOM,MNL HUB,DGTMNL,PR  2544,J,Economy Supersaver,DOM,Traditional Travel Agency,2024-11-19,Sat,MNL,1,37.0,68.0,0
2025-03-13,USU,DOM,MNL HUB,USUMNL,PR  2962,Y,Economy Saver,DOM,Ticket Office,2024-09-10,Thu,MNL,5,53.61,199.0,1
2025-02-18,BSO,DOM,MNL HUB,BSOMNL,PR  2933,Y,Economy Flex,DOM,Contact Center,2025-01-14,Tue,BSO,1,243.05,50.0,0
2025-03-06,CGY,DOM,MNL HUB,MNLCGY,PR  2519,Y,Economy Supersaver,DOM,WEB/APP,2025-02-19,Thu,MNL,1,30.81,30.0,0
2025-01-03,BCD,DOM,MNL HUB,BCDMNL,PR  2130,J,Economy Supersaver,DOM,Traditional Travel Agency,2024-12-28,Fri,BCD,1,56.55,21.0,0
2025-01-09,DVO,DOM,MNL HUB,DVOMNL,PR  2808,J,Economy Flex,DOM,Traditional Travel Agency,2025-01-06,Thu,DVO,5,166.17,18.0,1
2025-02-20,RXS,DOM,MNL HUB,RXSMNL,PR  2204,Y,Economy Saver,DOM,Ticket Office,2025-02-19,Thu,RXS,1,70.38,16.0,0
2025-04-03,CGY,DOM,MNL HUB,MNLCGY,PR  2529,Y,Economy Saver,DOM,WEB/APP,2025-04-02,Thu,CGY,1,81.03,16.0,0
2025-04-24,PPS,DOM,MNL HUB,PPSMNL,PR  2786,Y,Economy Saver,DOM,OTA,2025-01-13,Thu,PPS,2,68.7,116.0,1
2025-03-16,DGT,DOM,MNL HUB,DGTMNL,PR  2544,Y,Economy Saver,DOM,Traditional Travel Agency,2025-02-05,Sun,MNL,1,68.6,54.0,0
2025-02-12,TAC,DOM,MNL HUB,TACMNL,PR  2986,Y,Economy Value,DOM,Traditional Travel Agency,2025-01-03,Wed,TAC,2,114.11,55.0,1
2025-03-25,DGT,DOM,MNL HUB,DGTMNL,PR  2544,Y,Economy Supersaver,DOM,WEB/APP,2025-02-18,Tue,DGT,1,52.9,50.0,0
2025-03-05,DGT,DOM,MNL HUB,DGTMNL,PR  2546,W,Premium Economy,DOM,WEB/APP,2025-02-08,Wed,DGT,1,135.21,40.0,0
2025-01-02,DVO,DOM,MNL HUB,MNLDVO,PR  1803,Y,Economy Saver,DOM,WEB/APP,2024-11-12,Thu,MNL,3,52.28,66.0,1
2025-01-29,CEB,DOM,MNL HUB,CEBMNL,PR  2860,Y,Economy Value,DOM,Corporate Web Portal,2025-01-28,Wed,CEB,2,105.37,16.0,1
2025-02-15,CGY,DOM,MNL HUB,CGYMNL,PR  2520,Y,Economy Value,DOM,Ticket Office,2025-02-11,Sat,CGY,1,129.26,19.0,0
2025-04-12,DVO,DOM,MNL HUB,MNLDVO,PR  1819,Y,Economy Value,DOM,WEB/APP,2025-04-11,Sat,MNL,1,123.48,16.0,0
2025-04-25,DVO,DOM,MNL HUB,MNLDVO,PR  1813,Y,Economy Saver,DOM,WEB/APP,2025-03-21,Fri,DVO,1,65.79,50.0,0
2025-02-25,DVO,DOM,MNL HUB,DVOMNL,PR  2814,Y,Economy Saver,DOM,Traditional Travel Agency,2025-02-13,Tue,DVO,9,77.59,27.0,1
2025-02-05,CEB,DOM,MNL HUB,MNLCEB,PR  1845,J,Business Flex,DOM,Ticket Office,2025-02-04,Wed,MNL,2,148.43,16.0,1
2025-02-26,GES,DOM,MNL HUB,MNLGES,PR  455,Y,Economy Saver,AUS,OTA,2025-02-26,Wed,MNL,1,121.43,15.0,0
2025-03-19,CEB,DOM,MNL HUB,CEBMNL,PR  2852,J,Economy Supersaver,DOM,WEB/APP,2025-03-11,Wed,CEB,3,53.4,23.0,1
2025-04-29,BSO,DOM,MNL HUB,BSOMNL,PR  2933,J,Economy Value,DOM,WEB/APP,2025-04-02,Tue,BSO,1,98.07,42.0,0
2025-01-08,RXS,DOM,MNL HUB,RXSMNL,PR  2204,Y,Economy Supersaver,DOM,Ticket Office,2024-11-19,Wed,MNL,1,42.19,65.0,0
2025-01-14,DVO,DOM,MNL HUB,MNLDVO,PR  1805,Y,Economy Saver,DOM,Traditional Travel Agency,2024-12-21,Tue,DVO,1,63.74,39.0,0
2025-04-03,TAC,DOM,MNL HUB,MNLTAC,PR  2985,Y,Economy Value,DOM,Sea Crew,2025-04-02,Thu,MNL,1,140.45,16.0,0
2025-04-26,CEB,DOM,MNL HUB,CEBMNL,PR  2854,Y,Economy Saver,DOM,OTA,2025-03-07,Sat,CEB,1,96.13,65.0,0
2025-01-15,MPH,DOM,MNL HUB,MNLMPH,PR  2045,Y,Economy Flex,DOM,Traditional Travel Agency,2025-01-06,Wed,MNL,1,195.42,24.0,0
2025-03-26,OZC,DOM,MNL HUB,OZCMNL,PR  2890,Y,Economy Supersaver,DOM,WEB/APP,2025-01-07,Wed,MNL,6,26.13,93.0,1
2025-02-17,MPH,DOM,MNL HUB,MNLMPH,PR  2039,Y,Economy Saver,DOM,WEB/APP,2024-09-24,Mon,MNL,6,67.25,161.0,1
2025-04-23,DRP,DOM,MNL HUB,DRPMNL,PR  2922,Y,Economy Flex,ME,Traditional Travel Agency,2025-03-22,Wed,DMM,1,58.93,47.0,0
2025-03-29,ILO,DOM,MNL HUB,ILOMNL,PR  2140,J,Economy Saver,AUS,Traditional Travel Agency,2025-02-08,Sat,POM,1,52.47,64.0,0
2025-04-09,CEB,DOM,MNL HUB,MNLCEB,PR  2853,Y,Economy Saver,DOM,Traditional Travel Agency,2025-04-03,Wed,CGK,4,72.67,21.0,1
2025-03-29,LAO,DOM,MNL HUB,MNLLAO,PR  2198,J,Economy Supersaver,,Traditional Travel Agency,2024-12-09,Sat,OGG,2,49.74,125.0,1
2025-04-02,ILO,DOM,MNL HUB,MNLILO,PR  2139,Y,Economy Supersaver,DOM,WEB/APP,2025-03-24,Wed,MNL,3,35.88,24.0,1
2025-03-24,CGY,DOM,MNL HUB,CGYMNL,PR  2522,J,Economy Value,DOM,WEB/APP,2025-03-13,Mon,CGY,5,90.58,26.0,1
2025-02-04,CEB,DOM,MNL HUB,MNLCEB,PR  2853,Y,Economy Supersaver,DOM,Ticket Office,2025-01-11,Tue,PPS,1,18.02,39.0,0
2025-04-21,CEB,DOM,MNL HUB,MNLCEB,PR  1863,J,Business Flex,DOM,WEB/APP,2025-04-19,Mon,MNL,1,279.36,17.0,0
2025-01-16,MPH,DOM,MNL HUB,MNLMPH,PR  2047,Y,Economy Value,DOM,WEB/APP,2025-01-14,Thu,MNL,4,109.94,17.0,1
2025-02-25,MPH,DOM,MNL HUB,MPHMNL,PR  2044,J,Economy Value,DOM,WEB/APP,2025-01-31,Tue,MNL,1,122.61,40.0,0
2025-04-30,BCD,DOM,MNL HUB,MNLBCD,PR  2135,Y,Economy Supersaver,DOM,OTA,2025-02-01,Wed,MNL,3,27.22,103.0,1
2025-01-22,KLO,DOM,MNL HUB,KLOMNL,PR  2970,Y,Economy Value,,OTA,2024-11-18,Wed,LAX,1,58.68,80.0,0
2025-04-11,DVO,DOM,MNL HUB,MNLDVO,PR  2821,Y,Economy Supersaver,DOM,OTA,2025-01-14,Fri,MNL,1,30.35,102.0,0
2025-01-31,CEB,DOM,MNL HUB,CEBMNL,PR  1862,Y,Economy Supersaver,DOM,WEB/APP,2025-01-23,Fri,CEB,4,43.39,23.0,1
2025-02-17,ZAM,DOM,MNL HUB,MNLZAM,PR  2997,W,Premium Economy,DOM,WEB/APP,2025-02-15,Mon,MNL,7,266.51,17.0,1
2025-04-11,BCD,DOM,MNL HUB,MNLBCD,PR  2135,J,Economy Saver,AUS,OTA,2025-02-28,Fri,HKG,1,50.47,57.0,0
2025-04-10,ILO,DOM,MNL HUB,MNLILO,PR  2145,Y,Economy Value,G.CN,OTA,2025-03-28,Thu,HKG,1,82.1,28.0,0
2025-02-10,DVO,DOM,MNL HUB,DVOMNL,PR  1806,J,Economy Saver,DOM,Contact Center,2025-02-05,Mon,MNL,1,82.44,20.0,0
2025-03-16,PPS,DOM,MNL HUB,MNLPPS,PR  2779,W,Premium Economy,DOM,WEB/APP,2025-03-04,Sun,GES,1,104.69,27.0,0
2025-02-25,USU,DOM,MNL HUB,USUMNL,PR  2962,Y,Economy Flex,DOM,Ticket Office,2025-02-08,Tue,USU,3,236.06,32.0,1
2025-04-01,ZAM,DOM,MNL HUB,ZAMMNL,PR  2998,Y,Economy Value,DOM,Traditional Travel Agency,2025-03-30,Tue,ZAM,1,129.32,17.0,0
2025-01-23,DVO,DOM,MNL HUB,MNLDVO,PR  2823,Y,Economy Saver,DOM,Sea Crew,2025-01-13,Thu,DVO,2,65.5,25.0,1
2025-02-27,DGT,DOM,MNL HUB,DGTMNL,PR  2544,Y,Economy Value,DOM,WEB/APP,2025-01-08,Thu,DGT,1,94.95,65.0,0
2025-02-20,DVO,DOM,MNL HUB,MNLDVO,PR  2821,Y,Economy Saver,DOM,Traditional Travel Agency,2025-02-17,Thu,MNL,15,71.22,18.0,1
2025-01-31,BXU,DOM,MNL HUB,MNLBXU,PR  2967,Y,Economy Supersaver,DOM,Traditional Travel Agency,2025-01-22,Fri,MNL,1,54.24,24.0,0
2025-01-08,TUG,DOM,MNL HUB,TUGMNL,PR  2015,J,Economy Flex,DOM,Corporate Web Portal,2025-01-06,Wed,MNL,1,141.92,17.0,0
2025-03-28,GES,DOM,MNL HUB,MNLGES,PR  453,Y,Economy Supersaver,DOM,OTA,2025-03-06,Fri,MNL,4,47.72,37.0,1
2025-04-05,GES,DOM,MNL HUB,MNLGES,PR  2455,Y,Economy Flex,DOM,WEB/APP,2025-04-03,Sat,MNL,1,205.09,17.0,0
2025-04-03,DRP,DOM,MNL HUB,MNLDRP,PR  2923,J,Economy Saver,DOM,OTA,2025-03-26,Thu,MNL,1,71.28,23.0,0
2025-02-08,BCD,DOM,MNL HUB,MNLBCD,PR  2131,Y,Economy Saver,SEA,WEB/APP,2024-10-27,Sat,SIN,1,36.93,119.0,0
2025-03-28,ILO,DOM,MNL HUB,ILOMNL,PR  2142,Y,Economy Value,,TMC,2024-09-05,Fri,LAX,1,91.62,219.0,0
2025-04-24,DVO,DOM,MNL HUB,DVOMNL,PR  2812,J,Economy Supersaver,DOM,Contact Center,2025-01-13,Thu,DVO,1,25.82,116.0,0
2025-04-09,ILO,DOM,MNL HUB,MNLILO,PR  2143,Y,Economy Supersaver,,WEB/APP,2025-02-08,Wed,LAX,1,38.47,75.0,0
2025-01-27,ZAM,DOM,MNL HUB,MNLZAM,PR  2997,Y,Economy Flex,DOM,Corporate Web Portal,2025-01-23,Mon,MNL,3,148.49,19.0,1
2025-02-17,DVO,DOM,MNL HUB,DVOMNL,PR  2818,Y,Economy Supersaver,DOM,Ticket Office,2024-11-27,Mon,MNL,1,28.29,97.0,0
2025-01-02,DVO,DOM,MNL HUB,MNLDVO,PR  2819,Y,Economy Value,DOM,Traditional Travel Agency,2024-11-27,Thu,MNL,1,126.29,51.0,0
2025-02-14,DRP,DOM,MNL HUB,MNLDRP,PR  2919,Y,Economy Flex,DOM,Ticket Office,2025-01-25,Fri,MNL,1,120.68,35.0,0
2025-03-23,CEB,DOM,MNL HUB,MNLCEB,PR  2845,J,Economy Supersaver,DOM,WEB/APP,2024-09-09,Sun,CEB,3,16.17,210.0,1
2025-03-26,GES,DOM,MNL HUB,MNLGES,PR  455,Y,Economy Saver,DOM,Traditional Travel Agency,2025-03-10,Wed,GES,2,73.88,31.0,1
2025-03-20,TAG,DOM,MNL HUB,MNLTAG,PR  2777,Y,Economy Supersaver,DOM,WEB/APP,2025-03-11,Thu,TAG,1,41.56,24.0,0
2025-04-09,PPS,DOM,MNL HUB,PPSMNL,PR  2786,Y,Economy Value,DOM,WEB/APP,2025-04-03,Wed,MNL,1,113.14,21.0,0
2025-02-18,DVO,DOM,MNL HUB,MNLDVO,PR  1809,J,Economy Supersaver,DOM,Traditional Travel Agency,2024-11-04,Tue,MNL,1,28.45,121.0,0
2025-01-05,BCD,DOM,MNL HUB,BCDMNL,PR  2136,Y,Economy Saver,ROW,,2024-11-22,Sun,BCD,1,101.3,59.0,0
2025-04-08,TAG,DOM,MNL HUB,TAGMNL,PR  2774,Y,Economy Saver,DOM,WEB/APP,2025-03-15,Tue,MNL,6,81.88,39.0,1
2025-02-12,ZAM,DOM,MNL HUB,MNLZAM,PR  2997,Y,Economy Supersaver,DOM,Traditional Travel Agency,2025-01-06,Wed,MNL,1,35.37,52.0,0
2025-03-06,RXS,DOM,MNL HUB,MNLRXS,PR  2203,Y,Economy Supersaver,G.CN,Traditional Travel Agency,2024-07-09,Thu,HKG,1,29.64,255.0,0
2025-02-13,TAC,DOM,MNL HUB,TACMNL,PR  2986,Y,Economy Supersaver,DOM,Traditional Travel Agency,2024-11-05,Thu,TAC,2,14.15,115.0,1
2025-03-14,ILO,DOM,MNL HUB,ILOMNL,PR  2144,Y,Economy Value,DOM,Traditional Travel Agency,2025-03-05,Fri,MNL,3,89.76,24.0,1
2025-04-13,BXU,DOM,MNL HUB,BXUMNL,PR  2968,Y,Economy Saver,G.CN,OTA,2025-04-03,Sun,HKG,1,52.18,25.0,0
2025-04-22,TAC,DOM,MNL HUB,MNLTAC,PR  2987,J,Economy Value,DOM,WEB/APP,2025-04-15,Tue,MNL,2,135.69,22.0,1
2025-01-19,BCD,DOM,MNL HUB,MNLBCD,PR  2137,Y,Economy Supersaver,DOM,Traditional Travel Agency,2024-12-07,Sun,MNL,1,20.59,58.0,0
2025-03-25,DGT,DOM,MNL HUB,DGTMNL,PR  2546,Y,Economy Saver,DOM,Traditional Travel Agency,2025-02-25,Tue,DGT,4,81.57,43.0,1
2025-04-08,DVO,DOM,MNL HUB,DVOMNL,PR  1804,Y,Economy Supersaver,DOM,OTA,2025-03-10,Tue,DVO,5,29.5,44.0,1
2025-01-13,CEB,DOM,MNL HUB,MNLCEB,PR  1861,Y,Economy Supersaver,DOM,Traditional Travel Agency,2024-12-10,Mon,CEB,1,35.45,49.0,0
2025-03-23,BXU,DOM,MNL HUB,BXUMNL,PR  2968,Y,Economy Saver,DOM,WEB/APP,2025-03-21,Sun,BXU,1,62.43,17.0,0
2025-03-14,CGY,DOM,MNL HUB,CGYMNL,PR  2526,Y,Economy Value,DOM,Traditional Travel Agency,2025-02-12,Fri,MNL,1,88.18,45.0,0
2025-04-21,DGT,DOM,MNL HUB,DGTMNL,PR  2546,J,Economy Saver,,Traditional Travel Agency,2025-03-30,Mon,DGT,1,106.97,37.0,0
2025-02-02,MPH,DOM,MNL HUB,MPHMNL,PR  2042,Y,Economy Flex,G.CN,Traditional Travel Agency,2024-07-30,Sun,TPE,4,74.75,202.0,1
2025-01-17,GES,DOM,MNL HUB,MNLGES,PR  2455,J,Economy Saver,DOM,Traditional Travel Agency,2025-01-13,Fri,GES,1,73.33,19.0,0
2025-01-08,CGY,DOM,MNL HUB,MNLCGY,PR  2525,Y,Economy Saver,DOM,WEB/APP,2024-11-21,Wed,CGY,1,63.89,63.0,0
2025-01-11,LAO,DOM,MNL HUB,LAOMNL,PR  2199,Y,Economy Value,DOM,Traditional Travel Agency,2025-01-08,Sat,LAO,1,99.61,18.0,0
2025-03-08,CGY,DOM,MNL HUB,CGYMNL,PR  2530,Y,Economy Supersaver,DOM,Contact Center,2025-03-06,Sat,CGY,1,33.29,17.0,0
2025-01-19,BCD,DOM,MNL HUB,MNLBCD,PR  2133,J,Economy Saver,DOM,Traditional Travel Agency,2025-01-10,Sun,MNL,1,54.49,24.0,0
2025-04-13,CEB,DOM,MNL HUB,MNLCEB,PR  2859,J,Economy Saver,DOM,WEB/APP,2025-03-31,Sun,MNL,1,94.17,28.0,0
2025-01-30,CEB,DOM,MNL HUB,CEBMNL,PR  2860,W,Premium Economy,DOM,WEB/APP,2025-01-29,Thu,MNL,2,177.95,16.0,1
2025-01-03,DVO,DOM,MNL HUB,DVOMNL,PR  2808,Y,Economy Value,DOM,Contact Center,2024-12-05,Fri,DVO,1,137.28,44.0,0
2025-01-31,LAO,DOM,MNL HUB,MNLLAO,PR  2196,Y,Economy Saver,,Traditional Travel Agency,2025-01-24,Fri,LAX,3,51.7,22.0,1
2025-04-07,CEB,DOM,MNL HUB,MNLCEB,PR  2859,Y,Economy Supersaver,DOM,WEB/APP,2025-04-02,Mon,CEB,2,64.85,20.0,1
2025-02-11,CGY,DOM,MNL HUB,CGYMNL,PR  2522,Y,Economy Saver,G.CN,Traditional Travel Agency,2025-01-24,Tue,CGY,1,108.44,33.0,0
2025-02-18,BCD,DOM,MNL HUB,BCDMNL,PR  2130,Y,Economy Flex,DOM,Traditional Travel Agency,2025-02-17,Tue,BCD,9,131.02,16.0,1
2025-01-11,GES,DOM,MNL HUB,GESMNL,PR  456,Y,Economy Saver,Offline,OTA,2024-11-29,Sat,KUL,1,78.34,58.0,0
2025-01-19,TAG,DOM,MNL HUB,MNLTAG,PR  2775,Y,Economy Supersaver,DOM,Traditional Travel Agency,2024-12-21,Sun,MNL,1,26.0,44.0,0
2025-01-15,CEB,DOM,MNL HUB,CEBMNL,PR  2860,J,Economy Saver,DOM,Traditional Travel Agency,2025-01-06,Wed,MNL,1,83.86,24.0,0
2025-04-12,TAC,DOM,MNL HUB,MNLTAC,PR  2985,J,Economy Saver,DOM,OTA,2025-02-11,Sat,TAC,5,82.37,75.0,1
2025-01-14,EUQ,DOM,MNL HUB,EUQMNL,PR  2906,Y,Economy Value,DOM,WEB/APP,2025-01-05,Tue,MNL,1,110.56,24.0,0
2025-04-03,CYZ,DOM,MNL HUB,CYZMNL,PR  2019,Y,Economy Saver,DOM,WEB/APP,2025-03-30,Thu,MNL,1,60.12,19.0,0
2025-01-13,ILO,DOM,MNL HUB,ILOMNL,PR  2140,Y,Economy Supersaver,DOM,Ticket Office,2024-11-20,Mon,ILO,3,33.68,69.0,1
2025-01-18,CGY,DOM,MNL HUB,CGYMNL,PR  2526,Y,Economy Saver,DOM,WEB/APP,2025-01-13,Sat,MNL,1,82.78,20.0,0
2025-01-28,CGY,DOM,MNL HUB,CGYMNL,PR  2522,Y,Economy Saver,DOM,WEB/APP,2024-11-27,Tue,CGY,2,71.64,77.0,1
2025-01-02,CBO,DOM,MNL HUB,CBOMNL,PR  2960,Y,Economy Value,DOM,WEB/APP,2024-11-26,Thu,CBO,1,96.21,52.0,0
2025-02-08,CGY,DOM,MNL HUB,CGYMNL,PR  2522,Y,Economy Value,DOM,WEB/APP,2025-01-30,Sat,CGY,2,87.17,24.0,1
2025-02-22,CGY,DOM,MNL HUB,CGYMNL,PR  2520,Y,Economy Flex,SEA,Traditional Travel Agency,2025-02-07,Sat,MNL,1,241.96,30.0,0
2025-02-06,USU,DOM,MNL HUB,USUMNL,PR  2966,W,Premium Economy,DOM,Traditional Travel Agency,2025-01-31,Thu,MNL,2,262.8,21.0,1
2025-03-04,BCD,DOM,MNL HUB,MNLBCD,PR  2131,Y,Economy Value,DOM,Sea Crew,2025-02-28,Tue,MNL,1,84.86,19.0,0
2025-01-12,CEB,DOM,MNL HUB,MNLCEB,PR  2859,Y,Economy Value,DOM,Traditional Travel Agency,2025-01-08,Sun,CEB,2,91.31,19.0,1
2025-02-12,ILO,DOM,MNL HUB,ILOMNL,PR  2140,Y,Economy Supersaver,DOM,Traditional Travel Agency,2024-12-30,Wed,ILO,3,15.77,59.0,1
2025-03-03,DVO,DOM,MNL HUB,MNLDVO,PR  2817,Y,Economy Saver,DOM,WEB/APP,2025-02-23,Mon,MNL,1,60.36,23.0,0
2025-03-25,CEB,DOM,MNL HUB,MNLCEB,PR  1841,Y,Economy Value,AUS,OTA,2025-03-24,Tue,MNL,2,132.52,16.0,1
2025-04-30,RXS,DOM,MNL HUB,RXSMNL,PR  2204,J,Economy Saver,DOM,Traditional Travel Agency,2025-04-08,Wed,RXS,3,71.13,37.0,1
2025-04-26,TAG,DOM,MNL HUB,MNLTAG,PR  2777,Y,Economy Value,DOM,Traditional Travel Agency,2025-03-26,Sat,TAG,2,101.76,46.0,1
2025-02-10,PPS,DOM,MNL HUB,PPSMNL,PR  2786,Y,Economy Saver,,OTA,2025-01-21,Mon,PPS,1,56.76,35.0,0
2025-01-19,DRP,DOM,MNL HUB,DRPMNL,PR  2924,J,Economy Saver,DOM,WEB/APP,2025-01-01,Sun,MNL,1,62.37,33.0,0
2025-03-13,TAC,DOM,MNL HUB,MNLTAC,PR  2985,Y,Economy Flex,DOM,WEB/APP,2025-03-07,Thu,MNL,1,148.14,21.0,0
2025-02-12,DVO,DOM,MNL HUB,MNLDVO,PR  2821,Y,Economy Saver,AUS,WEB/APP,2024-12-04,Wed,BNE,1,87.88,85.0,0
2025-01-14,BCD,DOM,MNL HUB,BCDMNL,PR  2132,Y,Economy Supersaver,DOM,WEB/APP,2024-12-02,Tue,BCD,3,29.49,58.0,1
2025-02-11,CGY,DOM,MNL HUB,MNLCGY,PR  2519,Y,Economy Value,Offline,Traditional Travel Agency,2025-01-31,Tue,MNL,1,160.74,26.0,0
2025-03-25,GES,DOM,MNL HUB,MNLGES,PR  451,Y,Economy Saver,DOM,Ticket Office,2025-03-24,Tue,MNL,5,76.71,16.0,1
2025-03-14,CEB,DOM,MNL HUB,CEBMNL,PR  2860,Y,Economy Value,DOM,Traditional Travel Agency,2025-03-04,Fri,CEB,2,110.59,25.0,1
2025-01-22,CEB,DOM,MNL HUB,CEBMNL,PR  2868,J,Economy Saver,DOM,Ticket Office,2024-11-18,Wed,MNL,1,71.0,80.0,0
2025-03-08,GES,DOM,MNL HUB,MNLGES,PR  455,Y,Economy Value,DOM,Traditional Travel Agency,2025-02-28,Sat,GES,1,119.62,23.0,0
2025-04-06,CEB,DOM,MNL HUB,CEBMNL,PR  2850,Y,Economy Flex,DOM,Traditional Travel Agency,2025-03-17,Sun,CEB,1,243.87,35.0,0
2025-01-17,DVO,DOM,MNL HUB,MNLDVO,PR  2819,J,Economy Value,DOM,Traditional Travel Agency,2025-01-17,Fri,MNL,2,94.01,15.0,1
2025-03-24,TAC,DOM,MNL HUB,TACMNL,PR  2986,Y,Economy Supersaver,DOM,OTA,2025-03-03,Mon,TAC,1,57.85,36.0,0
2025-01-23,DVO,DOM,MNL HUB,MNLDVO,PR  1809,Y,Economy Value,DOM,WEB/APP,2025-01-16,Thu,DVO,1,90.63,22.0,0
2025-03-03,BSO,DOM,MNL HUB,BSOMNL,PR  2933,Y,Economy Saver,ROW,,2025-02-21,Mon,BSO,1,177.46,25.0,0
2025-03-02,BCD,DOM,MNL HUB,BCDMNL,PR  2138,Y,Economy Supersaver,DOM,Traditional Travel Agency,2025-01-07,Sun,BCD,2,21.81,69.0,1
2025-02-18,CEB,DOM,MNL HUB,CEBMNL,PR  2868,Y,Economy Supersaver,DOM,WEB/APP,2025-01-19,Tue,MNL,1,23.58,45.0,0
2025-02-13,LAO,DOM,MNL HUB,LAOMNL,PR  2199,Y,Economy Saver,DOM,Corporate Web Portal,2025-01-30,Thu,MNL,1,49.65,29.0,0
2025-02-03,TAG,DOM,MNL HUB,TAGMNL,PR  2778,Y,Economy Saver,AUS,OTA,2024-12-27,Mon,TAG,3,107.78,53.0,1
2025-02-05,USU,DOM,MNL HUB,MNLUSU,PR  2961,Y,Economy Saver,JAP,Traditional Travel Agency,2025-01-22,Wed,PNH,1,57.25,29.0,0
2025-01-11,ILO,DOM,MNL HUB,ILOMNL,PR  2140,J,Economy Supersaver,DOM,Traditional Travel Agency,2024-11-10,Sat,ILO,1,17.03,77.0,0
2025-03-12,MPH,DOM,MNL HUB,MPHMNL,PR  2040,Y,Economy Supersaver,DOM,Traditional Travel Agency,2025-02-16,Wed,MPH,5,26.34,39.0,1
2025-04-11,OZC,DOM,MNL HUB,OZCMNL,PR  2890,Y,Economy Value,DOM,Contact Center,2025-03-31,Fri,OZC,2,116.86,26.0,1
2025-01-14,ILO,DOM,MNL HUB,ILOMNL,PR  2142,J,Economy Supersaver,DOM,Traditional Travel Agency,2025-01-03,Tue,ILO,5,52.53,26.0,1
2025-01-31,CEB,DOM,MNL HUB,CEBMNL,PR  1846,Y,Economy Saver,ME,Traditional Travel Agency,2024-10-15,Fri,DXB,1,66.53,123.0,0
2025-01-05,TAC,DOM,MNL HUB,TACMNL,PR  2986,J,Economy Supersaver,ROW,,2024-12-22,Sun,TAC,2,60.55,29.0,1
2025-03-19,ILO,DOM,MNL HUB,MNLILO,PR  2147,Y,Economy Supersaver,DOM,WEB/APP,2025-03-15,Wed,MNL,1,25.06,19.0,0
2025-02-16,DGT,DOM,MNL HUB,MNLDGT,PR  2543,Y,Economy Saver,DOM,Corporate Web Portal,2025-02-11,Sun,MNL,1,96.91,20.0,0
2025-03-06,CEB,DOM,MNL HUB,MNLCEB,PR  2849,Y,Economy Saver,Offline,OTA,2025-02-09,Thu,HAN,2,59.92,40.0,1
2025-04-10,EUQ,DOM,MNL HUB,MNLEUQ,PR  2905,W,Premium Economy,DOM,WEB/APP,2025-03-12,Thu,MNL,1,104.47,44.0,0
2025-01-24,CEB,DOM,MNL HUB,MNLCEB,PR  1851,Y,Economy Value,DOM,Ticket Office,2024-11-01,Fri,MNL,1,93.32,99.0,0
2025-04-10,DVO,DOM,MNL HUB,MNLDVO,PR  2821,J,Economy Saver,DOM,Corporate Web Portal,2025-03-29,Thu,DVO,1,63.97,27.0,0
2025-03-23,CBO,DOM,MNL HUB,MNLCBO,PR  2959,Y,Economy Saver,DOM,Ticket Office,2025-03-09,Sun,MNL,1,73.35,29.0,0
2025-01-10,TAC,DOM,MNL HUB,MNLTAC,PR  2985,J,Economy Value,DOM,WEB/APP,2024-12-13,Fri,TAC,1,107.77,43.0,0
2025-03-14,MPH,DOM,MNL HUB,MNLMPH,PR  2043,Y,Economy Saver,DOM,WEB/APP,2025-03-05,Fri,MNL,1,84.45,24.0,0
2025-01-22,GES,DOM,MNL HUB,GESMNL,PR  2456,Y,Economy Value,DOM,Traditional Travel Agency,2025-01-08,Wed,MNL,1,100.42,29.0,0
2025-01-20,DVO,DOM,MNL HUB,DVOMNL,PR  2824,Y,Economy Flex,,Traditional Travel Agency,2024-10-30,Mon,LAX,4,129.45,97.0,1
2025-01-05,BCD,DOM,MNL HUB,BCDMNL,PR  2138,Y,Economy Flex,DOM,WEB/APP,2025-01-01,Sun,BCD,2,181.14,19.0,1
2025-01-29,MPH,DOM,MNL HUB,MPHMNL,PR  2038,Y,Economy Saver,DOM,WEB/APP,2024-12-02,Wed,MNL,1,78.32,73.0,0
2025-03-02,PPS,DOM,MNL HUB,MNLPPS,PR  2785,J,Economy Value,DOM,WEB/APP,2025-02-05,Sun,MNL,1,102.27,40.0,0
2025-02-07,OZC,DOM,MNL HUB,MNLOZC,PR  2889,Y,Economy Supersaver,DOM,Ticket Office,2025-01-13,Fri,MNL,1,39.29,40.0,0
2025-01-16,USU,DOM,MNL HUB,USUMNL,PR  2966,J,Economy Saver,DOM,WEB/APP,2024-10-14,Thu,USU,2,31.94,109.0,1
2025-01-18,CEB,DOM,MNL HUB,CEBMNL,PR  2860,Y,Economy Saver,DOM,WEB/APP,2025-01-17,Sat,CEB,1,78.9,16.0,0
2025-01-27,DRP,DOM,MNL HUB,MNLDRP,PR  2919,Y,Economy Value,DOM,Traditional Travel Agency,2025-01-23,Mon,MNL,1,99.38,19.0,0
2025-04-10,BXU,DOM,MNL HUB,BXUMNL,PR  2939,Y,Economy Flex,DOM,Traditional Travel Agency,2025-04-09,Thu,BXU,5,154.58,16.0,1
2025-04-08,CGY,DOM,MNL HUB,CGYMNL,PR  2528,J,Economy Supersaver,DOM,OTA,2025-02-01,Tue,MNL,2,26.01,81.0,1
2025-02-27,BXU,DOM,MNL HUB,BXUMNL,PR  2968,Y,Economy Saver,DOM,Traditional Travel Agency,2025-02-24,Thu,BXU,1,60.87,18.0,0
2025-02-04,CEB,DOM,MNL HUB,CEBMNL,PR  2836,Y,Economy Value,DOM,WEB/APP,2025-01-30,Tue,CEB,1,91.99,20.0,0
2025-01-09,ZAM,DOM,MNL HUB,MNLZAM,PR  2949,Y,Economy Supersaver,DOM,Ticket Office,2025-01-08,Thu,MNL,1,28.05,16.0,0
2025-01-05,CEB,DOM,MNL HUB,CEBMNL,PR  2846,W,Premium Economy,DOM,Contact Center,2025-01-04,Sun,CGY,1,172.41,16.0,0
2025-02-28,TAC,DOM,MNL HUB,TACMNL,PR  2986,Y,Economy Saver,,Sea Crew,2025-02-18,Fri,TAC,1,172.9,25.0,0
2025-02-27,CEB,DOM,MNL HUB,CEBMNL,PR  2860,W,Premium Economy,DOM,Traditional Travel Agency,2025-02-23,Thu,CEB,1,230.29,19.0,0
2025-03-13,GES,DOM,MNL HUB,GESMNL,PR  456,J,Economy Supersaver,DOM,WEB/APP,2025-01-28,Thu,GES,2,27.22,59.0,1
2025-04-21,DPL,DOM,MNL HUB,DPLMNL,PR  2558,Y,Economy Flex,DOM,Traditional Travel Agency,2025-04-15,Mon,DPL,2,208.35,21.0,1
2025-03-22,BXU,DOM,MNL HUB,MNLBXU,PR  2967,J,Economy Value,DOM,Traditional Travel Agency,2025-03-07,Sat,MNL,1,92.81,30.0,0
2025-03-20,GES,DOM,MNL HUB,MNLGES,PR  455,Y,Economy Saver,DOM,WEB/APP,2025-03-15,Thu,MNL,1,96.97,20.0,0
2025-01-18,DVO,DOM,MNL HUB,DVOMNL,PR  2814,Y,Economy Value,DOM,Traditional Travel Agency,2025-01-08,Sat,MNL,5,101.35,25.0,1
2025-02-08,ILO,DOM,MNL HUB,MNLILO,PR  2139,J,Economy Value,ROW,,2024-12-21,Sat,AUS,1,234.0,64.0,0
2025-01-28,CGY,DOM,MNL HUB,MNLCGY,PR  2525,Y,Economy Value,DOM,WEB/APP,2025-01-20,Tue,MNL,1,86.35,23.0,0
2025-04-06,TAC,DOM,MNL HUB,TACMNL,PR  2988,Y,Economy Value,DOM,Sea Crew,2025-04-05,Sun,TAC,1,120.67,16.0,0
2025-04-12,CEB,DOM,MNL HUB,MNLCEB,PR  2867,Y,Economy Value,DOM,Ticket Office,2025-04-08,Sat,CEB,1,136.06,19.0,0
2025-04-27,DVO,DOM,MNL HUB,DVOMNL,PR  2812,J,Economy Value,DOM,WEB/APP,2025-04-20,Sun,DVO,4,94.11,22.0,1
2025-04-06,DGT,DOM,MNL HUB,DGTMNL,PR  2544,Y,Economy Saver,Offline,OTA,2025-02-20,Sun,DGT,2,45.77,60.0,1
2025-02-27,TAG,DOM,MNL HUB,TAGMNL,PR  2774,Y,Economy Value,Offline,OTA,2025-02-22,Thu,TAG,2,147.77,20.0,1
2025-02-26,CGY,DOM,MNL HUB,MNLCGY,PR  2521,Y,Economy Value,DOM,Traditional Travel Agency,2025-02-19,Wed,MNL,6,114.69,22.0,1
2025-01-07,GES,DOM,MNL HUB,MNLGES,PR  453,Y,Economy Saver,DOM,WEB/APP,2024-11-19,Tue,GES,1,75.17,64.0,0
2025-01-27,DRP,DOM,MNL HUB,DRPMNL,PR  2924,Y,Economy Value,DOM,Ticket Office,2025-01-23,Mon,DRP,1,86.34,19.0,0
2025-02-07,CEB,DOM,MNL HUB,CEBMNL,PR  2852,Y,Economy Saver,DOM,Traditional Travel Agency,2025-01-31,Fri,MNL,1,71.47,22.0,0
2025-04-09,CEB,DOM,MNL HUB,MNLCEB,PR  2861,Y,Economy Saver,DOM,Ticket Office,2025-03-19,Wed,CEB,4,38.11,36.0,1
2025-04-11,BCD,DOM,MNL HUB,MNLBCD,PR  2133,Y,Economy Saver,AUS,Traditional Travel Agency,2025-02-07,Fri,ICN,4,53.12,78.0,1
2025-01-07,LAO,DOM,MNL HUB,LAOMNL,PR  2199,Y,Economy Saver,SEA,WEB/APP,2024-07-17,Tue,SIN,1,43.03,189.0,0
2025-02-05,KLO,DOM,MNL HUB,KLOMNL,PR  2970,Y,Economy Supersaver,SEA,Traditional Travel Agency,2024-12-31,Wed,SIN,2,25.99,51.0,1
2025-02-02,DRP,DOM,MNL HUB,DRPMNL,PR  2920,Y,Economy Supersaver,DOM,Traditional Travel Agency,2025-01-06,Sun,DRP,1,52.68,42.0,0
2025-03-01,CEB,DOM,MNL HUB,CEBMNL,PR  2860,Y,Economy Saver,DOM,Ticket Office,2025-01-30,Sat,CEB,3,58.38,45.0,1
2025-04-01,BSO,DOM,MNL HUB,BSOMNL,PR  2933,Y,Economy Flex,DOM,WEB/APP,2025-03-22,Tue,BSO,1,275.9,25.0,0
2025-03-24,TAG,DOM,MNL HUB,TAGMNL,PR  2778,J,Economy Value,DOM,Corporate Web Portal,2025-03-17,Mon,MNL,4,106.95,22.0,1
2025-02-17,RXS,DOM,MNL HUB,MNLRXS,PR  2203,Y,Economy Supersaver,DOM,WEB/APP,2025-01-12,Mon,RXS,1,29.12,51.0,0
2025-01-31,MPH,DOM,MNL HUB,MPHMNL,PR  2046,J,Economy Flex,G.CN,OTA,2024-11-29,Fri,TPE,4,90.0,78.0,1
2025-02-25,ILO,DOM,MNL HUB,ILOMNL,PR  2142,J,Business Flex,DOM,WEB/APP,2024-10-16,Tue,MNL,1,163.38,147.0,0
2025-04-23,MPH,DOM,MNL HUB,MPHMNL,PR  2046,Y,Economy Saver,AUS,OTA,2025-02-19,Wed,HKG,2,37.95,78.0,1
2025-01-14,BCD,DOM,MNL HUB,MNLBCD,PR  2137,W,Premium Economy,DOM,WEB/APP,2024-12-11,Tue,BCD,1,115.57,49.0,0
2025-03-21,DVO,DOM,MNL HUB,DVOMNL,PR  2818,Y,Economy Saver,SEA,TMC,2025-03-10,Fri,MNL,3,123.6,26.0,1
2025-04-08,DVO,DOM,MNL HUB,MNLDVO,PR  2821,Y,Economy Saver,DOM,Traditional Travel Agency,2025-03-12,Tue,DVO,1,50.29,42.0,0
2025-01-06,ZAM,DOM,MNL HUB,ZAMMNL,PR  2994,Y,Economy Saver,,Traditional Travel Agency,2024-12-28,Mon,ZAM,2,114.53,24.0,1
2025-04-10,CBO,DOM,MNL HUB,CBOMNL,PR  2960,Y,Economy Flex,DOM,Corporate Web Portal,2025-04-08,Thu,CBO,2,222.75,17.0,1
2025-03-19,USU,DOM,MNL HUB,MNLUSU,PR  2965,Y,Economy Saver,KOR,OTA,2025-01-19,Wed,ICN,1,25.08,74.0,0
2025-03-01,DVO,DOM,MNL HUB,MNLDVO,PR  2813,Y,Economy Value,DOM,WEB/APP,2025-02-24,Sat,DVO,3,122.91,20.0,1
2025-03-01,ZAM,DOM,MNL HUB,ZAMMNL,PR  2950,J,Economy Saver,DOM,WEB/APP,2025-02-12,Sat,MNL,1,57.74,32.0,0
2025-04-24,OZC,DOM,MNL HUB,OZCMNL,PR  2890,Y,Economy Value,DOM,WEB/APP,2025-04-04,Thu,OZC,1,116.25,35.0,0
2025-04-05,USU,DOM,MNL HUB,USUMNL,PR  2964,Y,Economy Flex,,Traditional Travel Agency,2025-02-15,Sat,USU,2,252.58,64.0,1
2025-01-28,ILO,DOM,MNL HUB,MNLILO,PR  2139,Y,Economy Value,Offline,Traditional Travel Agency,2025-01-14,Tue,BRU,1,154.7,29.0,0
2025-02-04,TAG,DOM,MNL HUB,MNLTAG,PR  2777,Y,Economy Supersaver,DOM,Traditional Travel Agency,2025-01-28,Tue,MNL,1,35.15,22.0,0
2025-02-18,DGT,DOM,MNL HUB,MNLDGT,PR  2545,J,Economy Value,DOM,WEB/APP,2025-02-16,Tue,MNL,7,97.18,17.0,1
2025-03-24,CGY,DOM,MNL HUB,CGYMNL,PR  2522,Y,Economy Value,DOM,Corporate Web Portal,2025-03-21,Mon,CGY,2,133.93,18.0,1
2025-01-13,DVO,DOM,MNL HUB,MNLDVO,PR  2813,Y,Economy Supersaver,DOM,Traditional Travel Agency,2024-11-14,Mon,MNL,2,45.41,75.0,1
2025-04-07,CEB,DOM,MNL HUB,CEBMNL,PR  2850,J,Economy Value,SEA,OTA,2025-04-03,Mon,IAO,3,155.18,19.0,1
2025-04-11,BXU,DOM,MNL HUB,MNLBXU,PR  2967,W,Premium Economy,DOM,OTA,2025-03-03,Fri,MNL,1,145.03,54.0,0
2025-03-13,LAO,DOM,MNL HUB,LAOMNL,PR  2199,Y,Economy Saver,DOM,Ticket Office,2025-03-11,Thu,LAO,1,51.3,17.0,0
2025-03-28,TAC,DOM,MNL HUB,MNLTAC,PR  2985,Y,Economy Saver,DOM,Contact Center,2025-03-15,Fri,MNL,1,100.49,28.0,0
2025-04-24,IAO,DOM,MNL HUB,IAOMNL,PR  2974,Y,Economy Flex,DOM,WEB/APP,2025-02-11,Thu,MNL,4,358.91,87.0,1
2025-03-07,GES,DOM,MNL HUB,MNLGES,PR  455,Y,Economy Saver,DOM,WEB/APP,2025-02-20,Fri,GES,2,71.78,30.0,1
2025-03-12,TAC,DOM,MNL HUB,MNLTAC,PR  2981,Y,Economy Saver,DOM,Traditional Travel Agency,2025-03-10,Wed,MNL,1,106.28,17.0,0
2025-04-21,CBO,DOM,MNL HUB,CBOMNL,PR  2958,Y,Economy Saver,DOM,WEB/APP,2025-03-08,Mon,CBO,4,60.94,59.0,1
2025-04-21,BCD,DOM,MNL HUB,MNLBCD,PR  2137,Y,Economy Supersaver,DOM,OTA,2025-03-24,Mon,BCD,2,39.04,43.0,1
2025-01-08,GES,DOM,MNL HUB,GESMNL,PR  454,J,Business Value,,Ticket Office,2024-05-04,Wed,YYZ,1,353.37,264.0,0
2025-04-27,GES,DOM,MNL HUB,MNLGES,PR  453,Y,Economy Saver,JAP,WEB/APP,2025-02-25,Sun,NGO,2,104.86,76.0,1
2025-03-24,DVO,DOM,MNL HUB,DVOMNL,PR  2816,Y,Economy Saver,DOM,WEB/APP,2025-03-16,Mon,DVO,1,63.86,23.0,0
2025-04-12,RXS,DOM,MNL HUB,RXSMNL,PR  2204,Y,Economy Supersaver,DOM,WEB/APP,2025-01-27,Sat,RXS,2,17.03,90.0,1
2025-02-01,USU,DOM,MNL HUB,MNLUSU,PR  2961,Y,Economy Supersaver,DOM,Sea Crew,2024-06-20,Sat,MNL,3,44.66,241.0,1
2025-04-04,DPL,DOM,MNL HUB,DPLMNL,PR  2558,Y,Economy Supersaver,DOM,WEB/APP,2025-02-14,Fri,DPL,1,33.48,64.0,0
2025-03-29,DGT,DOM,MNL HUB,MNLDGT,PR  2545,W,Premium Economy,DOM,Traditional Travel Agency,2025-03-28,Sat,MNL,1,240.27,16.0,0
2025-03-31,DVO,DOM,MNL HUB,MNLDVO,PR  2821,Y,Economy Supersaver,DOM,OTA,2025-03-07,Mon,MNL,1,28.46,39.0,0
2025-04-05,CEB,DOM,MNL HUB,MNLCEB,PR  2867,J,Business Flex,DOM,Ticket Office,2025-02-21,Sat,MNL,1,249.78,58.0,0
2025-01-20,TAC,DOM,MNL HUB,TACMNL,PR  2986,W,Premium Economy,DOM,WEB/APP,2025-01-16,Mon,TAC,5,200.3,19.0,1
2025-04-09,CEB,DOM,MNL HUB,CEBMNL,PR  1852,J,Economy Saver,DOM,OTA,2025-04-04,Wed,CEB,1,85.89,20.0,0
2025-02-21,CEB,DOM,MNL HUB,MNLCEB,PR  1861,W,Premium Economy,DOM,WEB/APP,2025-02-19,Fri,MNL,4,235.46,17.0,1
2025-02-16,DRP,DOM,MNL HUB,MNLDRP,PR  2921,Y,Economy Value,DOM,WEB/APP,2025-02-12,Sun,MNL,1,114.65,19.0,0
2025-04-05,TAC,DOM,MNL HUB,MNLTAC,PR  2981,Y,Economy Saver,DOM,WEB/APP,2025-03-28,Sat,MNL,1,109.7,23.0,0
2025-04-25,BCD,DOM,MNL HUB,MNLBCD,PR  2131,Y,Economy Value,SEA,TMC,2025-04-15,Fri,MNL,1,149.46,25.0,0
2025-04-28,CEB,DOM,MNL HUB,MNLCEB,PR  1863,Y,Economy Saver,DOM,WEB/APP,2025-03-09,Mon,MNL,1,32.23,65.0,0
2025-03-07,TAC,DOM,MNL HUB,TACMNL,PR  2988,Y,Economy Supersaver,DOM,WEB/APP,2025-02-04,Fri,MNL,1,40.16,46.0,0
2025-02-14,TAG,DOM,MNL HUB,TAGMNL,PR  2776,Y,Economy Supersaver,DOM,Traditional Travel Agency,2025-01-09,Fri,TAG,3,25.75,51.0,1
2025-02-08,DVO,DOM,MNL HUB,MNLDVO,PR  2821,Y,Economy Saver,DOM,Contact Center,2025-02-04,Sat,MNL,3,59.38,19.0,1
2025-01-05,BCD,DOM,MNL HUB,BCDMNL,PR  2136,Y,Economy Value,DOM,WEB/APP,2024-09-09,Sun,MNL,1,99.17,133.0,0
2025-01-04,CEB,DOM,MNL HUB,CEBMNL,PR  1862,J,Economy Flex,DOM,Ticket Office,2024-12-31,Sat,CEB,2,152.06,19.0,1
2025-04-09,DGT,DOM,MNL HUB,MNLDGT,PR  2545,J,Economy Saver,G.CN,TMC,2024-10-09,Wed,HKG,1,50.95,197.0,0
2025-01-06,DVO,DOM,MNL HUB,DVOMNL,PR  1810,Y,Economy Flex,DOM,Traditional Travel Agency,2025-01-01,Mon,DVO,2,175.9,20.0,1
2025-01-17,CEB,DOM,MNL HUB,CEBMNL,PR  2860,Y,Economy Value,,OTA,2025-01-16,Fri,MNL,2,185.57,16.0,1
2025-02-18,CGY,DOM,MNL HUB,MNLCGY,PR  2527,Y,Economy Flex,Offline,Sea Crew,2025-02-13,Tue,DXB,1,130.0,20.0,0
2025-03-18,DRP,DOM,MNL HUB,MNLDRP,PR  2919,Y,Economy Value,DOM,WEB/APP,2025-03-07,Tue,MNL,1,80.27,26.0,0
2025-04-08,BXU,DOM,MNL HUB,MNLBXU,PR  2938,Y,Economy Flex,DOM,Corporate Web Portal,2025-04-07,Tue,MNL,1,153.12,16.0,0
2025-01-21,CEB,DOM,MNL HUB,CEBMNL,PR  2850,J,Economy Value,DOM,Ticket Office,2024-11-04,Tue,MNL,4,91.06,93.0,1
2025-02-19,CEB,DOM,MNL HUB,MNLCEB,PR  2869,Y,Economy Supersaver,DOM,Traditional Travel Agency,2024-12-12,Wed,MNL,1,19.85,84.0,0
2025-02-17,MPH,DOM,MNL HUB,MNLMPH,PR  2043,J,Economy Saver,DOM,Traditional Travel Agency,2025-01-13,Mon,MNL,6,64.48,50.0,1
2025-04-01,DPL,DOM,MNL HUB,MNLDPL,PR  2557,Y,Economy Saver,DOM,WEB/APP,2025-02-08,Tue,MNL,1,52.9,67.0,0
2025-02-22,BCD,DOM,MNL HUB,BCDMNL,PR  2130,W,Premium Economy,DOM,WEB/APP,2025-01-09,Sat,GES,1,113.74,59.0,0
2025-02-05,MPH,DOM,MNL HUB,MNLMPH,PR  2039,W,Premium Economy,DOM,WEB/APP,2025-01-30,Wed,MNL,1,177.63,21.0,0
2025-01-05,BCD,DOM,MNL HUB,BCDMNL,PR  2138,Y,Economy Saver,DOM,WEB/APP,2024-09-03,Sun,MNL,1,61.82,139.0,0
2025-03-02,CEB,DOM,MNL HUB,MNLCEB,PR  2869,J,Economy Saver,DOM,Contact Center,2025-02-11,Sun,SGN,2,81.47,34.0,1
2025-03-07,CEB,DOM,MNL HUB,MNLCEB,PR  1861,W,Premium Economy,DOM,Ticket Office,2025-03-07,Fri,MNL,1,195.37,15.0,0
2025-02-17,CGY,DOM,MNL HUB,CGYMNL,PR  2530,Y,Economy Saver,DOM,Traditional Travel Agency,2025-02-12,Mon,CGY,1,78.31,20.0,0
2025-03-30,DVO,DOM,MNL HUB,DVOMNL,PR  2812,Y,Economy Value,DOM,WEB/APP,2025-03-18,Sun,MNL,2,97.46,27.0,1
2025-02-11,GES,DOM,MNL HUB,MNLGES,PR  455,Y,Economy Saver,ME,Traditional Travel Agency,2025-02-09,Tue,RUH,3,109.32,17.0,1
2025-01-24,DRP,DOM,MNL HUB,MNLDRP,PR  2923,J,Economy Value,DOM,Corporate Web Portal,2025-01-16,Fri,DRP,1,86.7,23.0,0
2025-04-26,GES,DOM,MNL HUB,MNLGES,PR  453,Y,Economy Saver,DOM,WEB/APP,2025-03-05,Sat,MNL,2,46.38,67.0,1
2025-01-17,BCD,DOM,MNL HUB,MNLBCD,PR  2133,J,Economy Supersaver,DOM,WEB/APP,2024-12-26,Fri,BCD,2,54.45,37.0,1
2025-03-25,DRP,DOM,MNL HUB,DRPMNL,PR  2922,Y,Economy Supersaver,DOM,WEB/APP,2025-02-10,Tue,MNL,4,19.32,58.0,1
2025-01-08,LAO,DOM,MNL HUB,LAOMNL,PR  2199,Y,Economy Value,Others,OTA,2024-11-09,Wed,LGW,1,135.2,75.0,0
2025-04-08,DPL,DOM,MNL HUB,DPLMNL,PR  2558,Y,Economy Supersaver,DOM,Ticket Office,2025-03-07,Tue,MNL,1,28.14,47.0,0
2025-02-20,DGT,DOM,MNL HUB,MNLDGT,PR  2543,Y,Economy Saver,Offline,OTA,2025-01-30,Thu,MNL,2,109.14,36.0,1
2025-04-08,DVO,DOM,MNL HUB,MNLDVO,PR  1803,Y,Economy Supersaver,DOM,Traditional Travel Agency,2025-03-18,Tue,MNL,1,27.94,36.0,0
2025-02-25,OZC,DOM,MNL HUB,MNLOZC,PR  2889,Y,Economy Flex,ROW,,2025-02-24,Tue,,1,326.17,16.0,0
2025-04-02,BCD,DOM,MNL HUB,MNLBCD,PR  2135,W,Premium Economy,,TMC,2025-03-24,Wed,MNL,1,210.17,24.0,0
2025-01-07,MPH,DOM,MNL HUB,MNLMPH,PR  2043,Y,Economy Supersaver,DOM,WEB/APP,2024-07-19,Tue,MNL,8,23.9,187.0,1
2025-03-11,MPH,DOM,MNL HUB,MPHMNL,PR  2046,Y,Economy Supersaver,DOM,WEB/APP,2024-06-11,Tue,MNL,2,11.08,288.0,1
2025-02-25,DPL,DOM,MNL HUB,DPLMNL,PR  2558,Y,Economy Value,DOM,WEB/APP,2024-09-30,Tue,MNL,1,75.86,163.0,0
2025-03-26,BCD,DOM,MNL HUB,MNLBCD,PR  2133,Y,Economy Saver,DOM,Traditional Travel Agency,2025-03-21,Wed,MNL,2,71.06,20.0,1
2025-02-02,BCD,DOM,MNL HUB,BCDMNL,PR  2130,Y,Economy Saver,DOM,Contact Center,2024-07-15,Sun,BCD,2,64.05,217.0,1
2025-02-11,DVO,DOM,MNL HUB,DVOMNL,PR  2820,Y,Economy Supersaver,DOM,Traditional Travel Agency,2025-02-05,Tue,DVO,2,35.77,21.0,1
2025-04-13,CBO,DOM,MNL HUB,CBOMNL,PR  2960,Y,Economy Saver,DOM,WEB/APP,2025-03-15,Sun,CBO,2,72.55,44.0,1
2025-04-11,DGT,DOM,MNL HUB,DGTMNL,PR  2546,J,Economy Saver,DOM,OTA,2025-03-08,Fri,DGT,2,40.47,49.0,1
2025-04-05,RXS,DOM,MNL HUB,MNLRXS,PR  2205,Y,Economy Supersaver,DOM,OTA,2025-03-07,Sat,MNL,2,45.54,44.0,1
2025-02-14,DVO,DOM,MNL HUB,MNLDVO,PR  2819,Y,Economy Supersaver,JAP,Traditional Travel Agency,2024-11-10,Fri,NRT,1,39.62,111.0,0
2025-04-12,DVO,DOM,MNL HUB,MNLDVO,PR  2811,Y,Economy Value,ME,Traditional Travel Agency,2025-03-31,Sat,DOH,1,145.6,27.0,0
2025-03-02,DRP,DOM,MNL HUB,MNLDRP,PR  2919,J,Economy Saver,DOM,Contact Center,2024-11-02,Sun,LAX,4,38.7,135.0,1
2025-02-21,USU,DOM,MNL HUB,MNLUSU,PR  2965,W,Premium Economy,,Traditional Travel Agency,2025-01-27,Fri,MPH,1,319.95,40.0,0
2025-03-26,DVO,DOM,MNL HUB,DVOMNL,PR  2822,J,Economy Saver,DOM,WEB/APP,2025-03-22,Wed,DVO,2,75.36,19.0,1
2025-04-03,DVO,DOM,MNL HUB,DVOMNL,PR  1814,Y,Economy Saver,DOM,WEB/APP,2025-03-12,Thu,MNL,1,64.08,37.0,0
2025-02-03,GES,DOM,MNL HUB,MNLGES,PR  453,Y,Economy Supersaver,DOM,WEB/APP,2024-08-31,Mon,MNL,1,42.51,171.0,0
2025-01-10,BCD,DOM,MNL HUB,MNLBCD,PR  2137,J,Economy Supersaver,DOM,Traditional Travel Agency,2025-01-05,Fri,MNL,5,39.99,20.0,1
2025-01-14,PPS,DOM,MNL HUB,PPSMNL,PR  2788,J,Economy Flex,DOM,Ticket Office,2025-01-14,Tue,PPS,2,167.53,15.0,1
2025-01-02,PPS,DOM,MNL HUB,MNLPPS,PR  2781,Y,Economy Supersaver,DOM,WEB/APP,2024-07-10,Thu,MNL,10,44.92,191.0,1
2025-02-08,DRP,DOM,MNL HUB,MNLDRP,PR  2923,Y,Economy Saver,DOM,Corporate Web Portal,2025-01-16,Sat,DRP,2,54.3,38.0,1
2025-01-14,CGY,DOM,MNL HUB,CGYMNL,PR  2520,Y,Economy Value,DOM,WEB/APP,2025-01-10,Tue,CGY,3,113.66,19.0,1
2025-02-05,BCD,DOM,MNL HUB,BCDMNL,PR  2130,Y,Economy Value,DOM,WEB/APP,2025-01-22,Wed,BCD,1,76.49,29.0,0
2025-01-21,CGY,DOM,MNL HUB,MNLCGY,PR  2529,Y,Economy Saver,DOM,Traditional Travel Agency,2025-01-19,Tue,MNL,3,60.97,17.0,1
2025-04-04,MPH,DOM,MNL HUB,MNLMPH,PR  2047,Y,Economy Saver,DOM,OTA,2024-09-15,Fri,MNL,5,108.51,216.0,1
2025-03-22,ILO,DOM,MNL HUB,MNLILO,PR  2147,Y,Economy Supersaver,DOM,Traditional Travel Agency,2025-03-20,Sat,MNL,6,35.92,17.0,1
2025-03-25,CBO,DOM,MNL HUB,MNLCBO,PR  2959,J,Economy Saver,DOM,WEB/APP,2025-03-04,Tue,CBO,1,71.1,36.0,0
2025-04-01,BXU,DOM,MNL HUB,BXUMNL,PR  2939,Y,Economy Supersaver,DOM,WEB/APP,2025-03-24,Tue,BXU,2,44.82,23.0,1
2025-03-21,CEB,DOM,MNL HUB,CEBMNL,PR  2852,Y,Economy Saver,DOM,WEB/APP,2025-03-19,Fri,CEB,1,62.59,17.0,0
2025-01-08,ILO,DOM,MNL HUB,ILOMNL,PR  2142,Y,Economy Saver,DOM,WEB/APP,2024-12-28,Wed,ILO,5,73.2,26.0,1
2025-01-29,GES,DOM,MNL HUB,GESMNL,PR  454,J,Economy Value,DOM,WEB/APP,2025-01-24,Wed,GES,9,118.7,20.0,1
2025-01-13,CGY,DOM,MNL HUB,CGYMNL,PR  2522,Y,Economy Flex,DOM,WEB/APP,2025-01-10,Mon,CGY,2,170.8,18.0,1
2025-01-03,GES,DOM,MNL HUB,MNLGES,PR  455,J,Economy Value,DOM,WEB/APP,2024-12-30,Fri,MNL,2,118.43,19.0,1
2025-04-21,PPS,DOM,MNL HUB,MNLPPS,PR  2781,Y,Economy Value,DOM,WEB/APP,2025-04-01,Mon,MNL,1,102.98,35.0,0
2025-03-26,BCD,DOM,MNL HUB,MNLBCD,PR  2129,Y,Economy Saver,DOM,WEB/APP,2025-03-20,Wed,MNL,5,57.34,21.0,1
2025-03-13,IAO,DOM,MNL HUB,MNLIAO,PR  2973,Y,Economy Value,DOM,WEB/APP,2025-02-26,Thu,MNL,1,191.59,30.0,0
2025-02-18,CEB,DOM,MNL HUB,MNLCEB,PR  1841,J,Economy Flex,Offline,Sea Crew,2025-02-10,Tue,LPA,1,104.0,23.0,0
2025-03-20,CEB,DOM,MNL HUB,MNLCEB,PR  1861,J,Economy Supersaver,DOM,Traditional Travel Agency,2024-12-03,Thu,MNL,2,14.46,122.0,1
2025-02-13,GES,DOM,MNL HUB,MNLGES,PR  453,Y,Economy Supersaver,DOM,Traditional Travel Agency,2025-01-20,Thu,MNL,1,42.64,39.0,0
2025-02-16,GES,DOM,MNL HUB,GESMNL,PR  454,J,Economy Saver,DOM,WEB/APP,2025-02-06,Sun,GES,1,81.5,25.0,0
2025-01-27,CEB,DOM,MNL HUB,MNLCEB,PR  1841,J,Economy Supersaver,DOM,Sea Crew,2025-01-24,Mon,MNL,5,63.69,18.0,1
2025-04-09,PPS,DOM,MNL HUB,PPSMNL,PR  2788,J,Economy Supersaver,DOM,OTA,2025-01-15,Wed,PPS,2,26.06,99.0,1
2025-01-21,ILO,DOM,MNL HUB,ILOMNL,PR  2144,J,Economy Saver,DOM,Traditional Travel Agency,2024-12-23,Tue,MNL,1,57.01,44.0,0
2025-04-04,ILO,DOM,MNL HUB,ILOMNL,PR  2144,Y,Economy Value,DOM,Corporate Web Portal,2025-03-28,Fri,MNL,1,112.65,22.0,0
2025-03-02,DVO,DOM,MNL HUB,DVOMNL,PR  2822,Y,Economy Supersaver,DOM,WEB/APP,2025-02-10,Sun,MNL,2,24.53,35.0,1
2025-04-23,PPS,DOM,MNL HUB,PPSMNL,PR  2788,Y,Economy Supersaver,DOM,WEB/APP,2025-02-21,Wed,MNL,1,33.74,76.0,0
2025-04-21,PPS,DOM,MNL HUB,PPSMNL,PR  2780,Y,Economy Saver,Others,OTA,2025-04-07,Mon,PPS,2,121.61,29.0,1
2025-02-11,BSO,DOM,MNL HUB,MNLBSO,PR  2932,Y,Economy Value,DOM,WEB/APP,2025-01-17,Tue,MNL,1,167.3,40.0,0
2025-01-10,CEB,DOM,MNL HUB,MNLCEB,PR  1845,Y,Economy Supersaver,DOM,Ticket Office,2025-01-03,Fri,MNL,1,43.4,22.0,0
2025-02-01,CEB,DOM,MNL HUB,CEBMNL,PR  2860,Y,Economy Flex,DOM,WEB/APP,2025-01-30,Sat,MNL,1,165.45,17.0,0
2025-04-09,CEB,DOM,MNL HUB,MNLCEB,PR  2867,W,Premium Economy,Offline,TMC,2025-04-04,Wed,MNL,1,319.95,20.0,0
2025-04-05,DVO,DOM,MNL HUB,DVOMNL,PR  1814,Y,Economy Saver,DOM,Traditional Travel Agency,2025-03-12,Sat,MNL,1,63.08,39.0,0
2025-04-13,CEB,DOM,MNL HUB,CEBMNL,PR  2836,J,Economy Saver,DOM,OTA,2025-03-03,Sun,CEB,1,34.34,56.0,0
2025-03-26,CEB,DOM,MNL HUB,CEBMNL,PR  2868,Y,Economy Saver,DOM,Ticket Office,2025-03-03,Wed,MNL,1,61.22,38.0,0
2025-03-31,BCD,DOM,MNL HUB,MNLBCD,PR  2131,Y,Economy Supersaver,DOM,OTA,2025-02-09,Mon,MNL,1,23.77,65.0,0
2025-02-12,CEB,DOM,MNL HUB,CEBMNL,PR  2868,Y,Economy Saver,Offline,OTA,2024-11-13,Wed,SYD,1,54.29,106.0,0
2025-04-04,CRM,DOM,MNL HUB,MNLCRM,PR  2079,J,Economy Saver,DOM,Contact Center,2025-02-23,Fri,MNL,1,126.88,55.0,0
2025-01-09,ILO,DOM,MNL HUB,MNLILO,PR  2139,J,Economy Supersaver,DOM,Traditional Travel Agency,2024-11-26,Thu,MNL,4,20.59,59.0,1
2025-04-09,TAG,DOM,MNL HUB,MNLTAG,PR  2775,Y,Economy Value,DOM,WEB/APP,2025-01-18,Wed,PPS,4,98.56,96.0,1
2025-04-21,DVO,DOM,MNL HUB,DVOMNL,PR  2812,Y,Economy Saver,DOM,Contact Center,2025-02-03,Mon,DVO,2,87.93,92.0,1
2025-02-07,PPS,DOM,MNL HUB,MNLPPS,PR  2781,Y,Economy Supersaver,DOM,Traditional Travel Agency,2025-01-22,Fri,MNL,1,31.28,31.0,0
2025-04-11,BCD,DOM,MNL HUB,MNLBCD,PR  2129,Y,Economy Saver,Others,OTA,2024-12-07,Fri,HKG,1,50.47,140.0,0
2025-04-07,ILO,DOM,MNL HUB,MNLILO,PR  2143,Y,Economy Value,ME,WEB/APP,2025-03-21,Mon,DXB,1,69.37,32.0,0
2025-03-06,USU,DOM,MNL HUB,USUMNL,PR  2962,Y,Economy Saver,JAP,Traditional Travel Agency,2025-01-07,Thu,USU,3,35.05,73.0,1
2025-02-04,DVO,DOM,MNL HUB,DVOMNL,PR  2818,Y,Economy Value,DOM,Ticket Office,2025-02-03,Tue,DVO,1,122.94,16.0,0
2025-03-20,PPS,DOM,MNL HUB,PPSMNL,PR  2786,Y,Economy Value,DOM,Traditional Travel Agency,2025-03-07,Thu,PPS,1,102.91,28.0,0
2025-03-01,OZC,DOM,MNL HUB,MNLOZC,PR  2889,J,Economy Saver,Offline,TMC,2025-02-24,Sat,OZC,1,158.57,20.0,0
2025-02-25,TAG,DOM,MNL HUB,TAGMNL,PR  2774,Y,Economy Saver,DOM,WEB/APP,2025-02-21,Tue,TAG,2,85.28,19.0,1
2025-01-02,ILO,DOM,MNL HUB,ILOMNL,PR  2144,J,Economy Value,DOM,WEB/APP,2024-12-24,Thu,ILO,1,92.91,24.0,0
2025-02-26,BCD,DOM,MNL HUB,BCDMNL,PR  2138,Y,Economy Saver,ME,Traditional Travel Agency,2025-01-12,Wed,BCD,1,126.1,60.0,0
2025-02-21,CEB,DOM,MNL HUB,MNLCEB,PR  1861,Y,Economy Saver,AUS,WEB/APP,2024-11-04,Fri,MEL,1,60.34,124.0,0
2025-02-14,ILO,DOM,MNL HUB,ILOMNL,PR  2140,Y,Economy Supersaver,DOM,Traditional Travel Agency,2025-01-11,Fri,ILO,2,24.67,49.0,1
2025-04-12,CGY,DOM,MNL HUB,CGYMNL,PR  2526,Y,Economy Saver,DOM,WEB/APP,2025-04-07,Sat,MNL,1,81.35,20.0,0
2025-02-24,CEB,DOM,MNL HUB,CEBMNL,PR  1842,Y,Economy Saver,DOM,Traditional Travel Agency,2025-02-07,Mon,CEB,1,82.51,32.0,0
2025-04-07,GES,DOM,MNL HUB,MNLGES,PR  457,Y,Economy Supersaver,DOM,WEB/APP,2025-03-17,Mon,MNL,2,47.71,36.0,1
2025-02-25,IAO,DOM,MNL HUB,MNLIAO,PR  2971,Y,Economy Value,DOM,Traditional Travel Agency,2025-02-18,Tue,MNL,1,61.96,22.0,0
2025-04-27,GES,DOM,MNL HUB,GESMNL,PR  2456,Y,Economy Saver,DOM,OTA,2025-03-11,Sun,GES,1,85.84,62.0,0
2025-04-30,DVO,DOM,MNL HUB,DVOMNL,PR  1810,J,Economy Value,ME,Traditional Travel Agency,2025-02-24,Wed,DMM,1,74.54,80.0,0
2025-04-24,MPH,DOM,MNL HUB,MNLMPH,PR  2045,J,Economy Value,DOM,WEB/APP,2025-03-12,Thu,MNL,1,118.86,58.0,0
2025-04-13,CGY,DOM,MNL HUB,MNLCGY,PR  2525,J,Economy Value,SEA,TMC,2025-03-24,Sun,CGY,1,165.35,35.0,0
2025-04-12,CGY,DOM,MNL HUB,MNLCGY,PR  2525,Y,Economy Supersaver,DOM,WEB/APP,2024-09-03,Sat,CGY,1,22.65,236.0,0
2025-04-11,DGT,DOM,MNL HUB,MNLDGT,PR  2545,Y,Economy Saver,ME,Traditional Travel Agency,2025-03-29,Fri,MNL,1,124.26,28.0,0
2025-03-18,CBO,DOM,MNL HUB,CBOMNL,PR  2958,J,Economy Supersaver,DOM,WEB/APP,2024-08-30,Tue,CBO,1,24.84,215.0,0
2025-02-12,IAO,DOM,MNL HUB,IAOMNL,PR  2974,Y,Economy Supersaver,ROW,,2025-02-11,Wed,IAO,1,71.37,16.0,0
2025-04-28,RXS,DOM,MNL HUB,RXSMNL,PR  2204,Y,Economy Value,DOM,WEB/APP,2025-04-13,Mon,RXS,1,78.82,30.0,0
2025-01-08,DRP,DOM,MNL HUB,MNLDRP,PR  2919,W,Premium Economy,DOM,WEB/APP,2025-01-06,Wed,MNL,1,137.3,17.0,0
2025-02-22,DGT,DOM,MNL HUB,DGTMNL,PR  2546,Y,Economy Value,DOM,Contact Center,2025-01-24,Sat,MNL,1,95.77,44.0,0
2025-02-17,ZAM,DOM,MNL HUB,ZAMMNL,PR  2994,Y,Economy Value,DOM,Ticket Office,2025-02-10,Mon,ZAM,1,88.67,22.0,0
2025-01-07,CEB,DOM,MNL HUB,CEBMNL,PR  2868,Y,Economy Saver,DOM,WEB/APP,2024-12-12,Tue,MNL,1,91.07,41.0,0
2025-01-30,DVO,DOM,MNL HUB,DVOMNL,PR  1810,J,Economy Value,DOM,WEB/APP,2025-01-25,Thu,MNL,1,90.77,20.0,0
2025-04-05,GES,DOM,MNL HUB,GESMNL,PR  454,Y,Economy Supersaver,DOM,Traditional Travel Agency,2025-03-05,Sat,GES,1,27.76,46.0,0
2025-04-04,CEB,DOM,MNL HUB,CEBMNL,PR  2850,Y,Economy Value,DOM,WEB/APP,2025-03-29,Fri,CEB,3,125.62,21.0,1
2025-01-08,DVO,DOM,MNL HUB,DVOMNL,PR  2824,Y,Economy Supersaver,DOM,WEB/APP,2024-10-23,Wed,MNL,1,34.88,92.0,0
2025-04-10,BCD,DOM,MNL HUB,MNLBCD,PR  2129,Y,Economy Supersaver,DOM,WEB/APP,2024-08-16,Thu,MNL,2,25.86,252.0,1
2025-04-06,ZAM,DOM,MNL HUB,MNLZAM,PR  2997,J,Economy Value,DOM,Contact Center,2025-03-17,Sun,ZAM,2,93.52,35.0,1
2025-03-01,DRP,DOM,MNL HUB,MNLDRP,PR  2921,Y,Economy Flex,ROW,,2025-02-20,Sat,ELQ,1,192.05,24.0,0
2025-04-27,CEB,DOM,MNL HUB,CEBMNL,PR  2862,J,Economy Value,DOM,Contact Center,2025-03-11,Sun,CEB,5,113.08,62.0,1
2025-02-10,IAO,DOM,MNL HUB,IAOMNL,PR  2974,W,Premium Economy,SEA,OTA,2025-02-04,Mon,MNL,2,337.55,21.0,1
2025-02-24,USU,DOM,MNL HUB,USUMNL,PR  2966,J,Economy Value,DOM,WEB/APP,2024-10-13,Mon,USU,1,62.0,149.0,0
2025-03-06,CEB,DOM,MNL HUB,CEBMNL,PR  1862,Y,Economy Value,DOM,Traditional Travel Agency,2025-02-26,Thu,CEB,1,94.98,23.0,0
2025-01-28,ILO,DOM,MNL HUB,ILOMNL,PR  2140,Y,Economy Supersaver,DOM,WEB/APP,2024-07-01,Tue,MNL,5,15.62,226.0,1
2025-03-15,ILO,DOM,MNL HUB,MNLILO,PR  2143,Y,Economy Saver,DOM,WEB/APP,2025-03-04,Sat,MNL,2,64.08,26.0,1
2025-01-04,PAG,DOM,MNL HUB,MNLPAG,PR  2783,Y,Economy Value,DOM,Traditional Travel Agency,2024-11-27,Sat,MNL,1,103.74,53.0,0
2025-01-19,PPS,DOM,MNL HUB,PPSMNL,PR  2786,Y,Economy Flex,DOM,Ticket Office,2025-01-17,Sun,MNL,2,151.31,17.0,1
2025-01-02,MPH,DOM,MNL HUB,MNLMPH,PR  2047,Y,Economy Value,AUS,Traditional Travel Agency,2024-09-28,Thu,PER,2,83.71,111.0,1
2025-01-23,CBO,DOM,MNL HUB,MNLCBO,PR  2957,Y,Economy Supersaver,DOM,Traditional Travel Agency,2024-12-15,Thu,MNL,1,50.96,54.0,0
2025-01-11,LAO,DOM,MNL HUB,MNLLAO,PR  2198,J,Economy Saver,,Traditional Travel Agency,2024-12-31,Sat,HNL,1,63.36,26.0,0
2025-01-18,CBO,DOM,MNL HUB,MNLCBO,PR  2959,Y,Economy Saver,ROW,,2025-01-15,Sat,MNL,1,103.35,18.0,0
2025-03-08,BCD,DOM,MNL HUB,BCDMNL,PR  2134,J,Economy Supersaver,SEA,TMC,2025-02-28,Sat,KUL,1,40.51,23.0,0
2025-03-01,DGT,DOM,MNL HUB,DGTMNL,PR  2546,J,Economy Supersaver,DOM,WEB/APP,2025-01-16,Sat,MNL,1,52.49,59.0,0
2025-03-28,DVO,DOM,MNL HUB,DVOMNL,PR  2812,Y,Economy Supersaver,,Traditional Travel Agency,2025-03-26,Fri,DVO,1,43.45,17.0,0
2025-02-13,PPS,DOM,MNL HUB,PPSMNL,PR  2782,Y,Economy Saver,DOM,Ticket Office,2025-02-12,Thu,PPS,7,89.21,16.0,1
2025-01-20,ILO,DOM,MNL HUB,ILOMNL,PR  2144,J,Economy Value,DOM,WEB/APP,2025-01-13,Mon,MNL,1,84.52,22.0,0
2025-04-07,DVO,DOM,MNL HUB,MNLDVO,PR  2821,Y,Economy Value,DOM,WEB/APP,2025-04-07,Mon,MNL,4,110.09,15.0,1
2025-04-06,LAO,DOM,MNL HUB,MNLLAO,PR  2196,J,Economy Saver,DOM,WEB/APP,2025-03-28,Sun,MNL,2,71.8,24.0,1
2025-04-03,TAG,DOM,MNL HUB,MNLTAG,PR  2775,J,Economy Saver,DOM,Traditional Travel Agency,2025-04-03,Thu,MNL,1,88.92,15.0,0
2025-01-28,PPS,DOM,MNL HUB,PPSMNL,PR  2788,Y,Economy Saver,DOM,WEB/APP,2025-01-27,Tue,PPS,5,70.63,16.0,1
2025-01-07,CEB,DOM,MNL HUB,CEBMNL,PR  2858,J,Economy Supersaver,DOM,Traditional Travel Agency,2024-09-24,Tue,CEB,2,36.01,120.0,1
2025-02-07,PPS,DOM,MNL HUB,MNLPPS,PR  2779,Y,Economy Value,DOM,Ticket Office,2025-02-07,Fri,MNL,1,106.31,15.0,0
2025-03-29,DRP,DOM,MNL HUB,DRPMNL,PR  2920,W,Premium Economy,DOM,Traditional Travel Agency,2025-03-24,Sat,DRP,1,161.36,20.0,0
2025-01-19,CEB,DOM,MNL HUB,MNLCEB,PR  2857,Y,Economy Supersaver,DOM,WEB/APP,2025-01-13,Sun,CEB,3,36.83,21.0,1
2025-02-13,BXU,DOM,MNL HUB,BXUMNL,PR  2939,Y,Economy Value,DOM,Traditional Travel Agency,2025-02-10,Thu,MNL,2,92.05,18.0,1
2025-03-01,CEB,DOM,MNL HUB,CEBMNL,PR  2854,Y,Economy Supersaver,DOM,WEB/APP,2025-01-13,Sat,CEB,1,40.93,62.0,0
2025-04-06,DGT,DOM,MNL HUB,MNLDGT,PR  2543,Y,Economy Saver,DOM,Ticket Office,2025-03-12,Sun,CEB,2,91.95,40.0,1
2025-02-13,DRP,DOM,MNL HUB,DRPMNL,PR  2920,Y,Economy Saver,DOM,Traditional Travel Agency,2025-01-07,Thu,MNL,3,54.72,52.0,1
2025-01-31,ILO,DOM,MNL HUB,MNLILO,PR  2141,Y,Economy Saver,DOM,WEB/APP,2025-01-27,Fri,MNL,1,70.25,19.0,0
2025-01-03,BCD,DOM,MNL HUB,BCDMNL,PR  2130,Y,Economy Flex,DOM,WEB/APP,2024-12-27,Fri,BCD,1,181.42,22.0,0
2025-01-30,CYZ,DOM,MNL HUB,MNLCYZ,PR  2018,Y,Economy Saver,DOM,Traditional Travel Agency,2025-01-29,Thu,MNL,3,62.67,16.0,1
2025-01-27,TAC,DOM,MNL HUB,MNLTAC,PR  2981,J,Economy Supersaver,DOM,Contact Center,2024-11-07,Mon,MNL,1,26.87,96.0,0
2025-02-04,PPS,DOM,MNL HUB,PPSMNL,PR  2782,Y,Economy Supersaver,DOM,Traditional Travel Agency,2025-02-03,Tue,PPS,4,49.0,16.0,1
2025-04-26,CGY,DOM,MNL HUB,CGYMNL,PR  2520,Y,Economy Saver,DOM,WEB/APP,2025-04-03,Sat,CGY,1,69.12,38.0,0
2025-02-21,MPH,DOM,MNL HUB,MNLMPH,PR  2047,J,Economy Saver,DOM,WEB/APP,2024-12-27,Fri,MNL,2,76.05,71.0,1
2025-01-08,PPS,DOM,MNL HUB,MNLPPS,PR  2785,Y,Economy Saver,DOM,Sea Crew,2024-11-20,Wed,MNL,3,66.29,64.0,1
2025-02-16,CGY,DOM,MNL HUB,MNLCGY,PR  2521,Y,Economy Saver,DOM,Sea Crew,2025-01-07,Sun,CGY,1,59.15,55.0,0
2025-04-27,ZAM,DOM,MNL HUB,MNLZAM,PR  2953,Y,Economy Value,DOM,Contact Center,2025-04-06,Sun,ZAM,1,93.56,36.0,0
2025-03-16,CEB,DOM,MNL HUB,MNLCEB,PR  2859,Y,Economy Supersaver,DOM,WEB/APP,2025-02-10,Sun,CEB,2,41.37,49.0,1
2025-03-28,DVO,DOM,MNL HUB,DVOMNL,PR  2816,Y,Economy Saver,DOM,OTA,2025-02-12,Fri,DVO,1,78.01,59.0,0
2025-02-02,CEB,DOM,MNL HUB,CEBMNL,PR  2864,Y,Economy Value,,Traditional Travel Agency,2024-12-14,Sun,CEB,2,128.67,65.0,1
2025-02-08,GES,DOM,MNL HUB,MNLGES,PR  453,W,Premium Economy,DOM,Traditional Travel Agency,2025-02-05,Sat,MNL,2,258.96,18.0,1
2025-01-08,ILO,DOM,MNL HUB,ILOMNL,PR  2144,J,Economy Supersaver,DOM,WEB/APP,2024-11-02,Wed,ILO,1,22.7,82.0,0
2025-01-30,CEB,DOM,MNL HUB,CEBMNL,PR  2854,J,Economy Supersaver,DOM,Ticket Office,2025-01-20,Thu,MNL,2,61.8,25.0,1
2025-03-05,TAG,DOM,MNL HUB,TAGMNL,PR  2778,Y,Economy Saver,DOM,Traditional Travel Agency,2025-02-13,Wed,TAG,1,64.78,35.0,0
2025-01-12,KLO,DOM,MNL HUB,KLOMNL,PR  2970,Y,Economy Value,DOM,WEB/APP,2025-01-07,Sun,KLO,2,76.47,20.0,1
2025-04-01,MPH,DOM,MNL HUB,MPHMNL,PR  2044,Y,Economy Supersaver,DOM,WEB/APP,2024-06-18,Tue,MNL,2,16.56,302.0,1
2025-03-21,OZC,DOM,MNL HUB,MNLOZC,PR  2889,Y,Economy Supersaver,DOM,WEB/APP,2025-03-11,Fri,MNL,1,51.64,25.0,0
2025-04-05,DPL,DOM,MNL HUB,DPLMNL,PR  2558,Y,Economy Supersaver,DOM,Traditional Travel Agency,2025-03-01,Sat,DPL,1,34.87,50.0,0
2025-04-23,GES,DOM,MNL HUB,MNLGES,PR  2455,Y,Economy Saver,DOM,WEB/APP,2025-03-11,Wed,MNL,1,46.38,58.0,0
2025-01-09,RXS,DOM,MNL HUB,RXSMNL,PR  2204,Y,Economy Saver,DOM,WEB/APP,2025-01-01,Thu,RXS,2,75.37,23.0,1
2025-02-16,TAC,DOM,MNL HUB,MNLTAC,PR  2985,Y,Economy Saver,DOM,Traditional Travel Agency,2025-01-31,Sun,TAC,1,102.6,31.0,0
2025-02-13,CGY,DOM,MNL HUB,CGYMNL,PR  2530,Y,Economy Supersaver,ROW,,2025-02-10,Thu,CGY,1,32.56,18.0,0
2025-03-23,CEB,DOM,MNL HUB,MNLCEB,PR  2849,J,Economy Saver,DOM,WEB/APP,2025-03-07,Sun,MNL,1,59.88,31.0,0
2025-02-18,CEB,DOM,MNL HUB,CEBMNL,PR  2850,Y,Economy Value,DOM,WEB/APP,2025-02-03,Tue,CEB,1,134.9,30.0,0
2025-01-08,ILO,DOM,MNL HUB,ILOMNL,PR  2144,Y,Economy Value,G.CN,OTA,2024-12-10,Wed,HKG,1,78.83,44.0,0
2025-04-03,CGY,DOM,MNL HUB,MNLCGY,PR  2525,Y,Economy Saver,DOM,Traditional Travel Agency,2025-01-25,Thu,BSO,1,72.66,83.0,0
2025-01-02,BCD,DOM,MNL HUB,BCDMNL,PR  2130,Y,Economy Flex,ME,Traditional Travel Agency,2024-10-22,Thu,MNL,3,254.27,87.0,1
2025-04-27,GES,DOM,MNL HUB,MNLGES,PR  453,J,Business Flex,DOM,WEB/APP,2025-04-22,Sun,MNL,2,276.13,20.0,1
2025-01-10,DRP,DOM,MNL HUB,DRPMNL,PR  2922,Y,Economy Flex,ROW,,2024-12-17,Fri,,1,253.02,39.0,0
2025-03-08,ILO,DOM,MNL HUB,ILOMNL,PR  2146,Y,Economy Value,ME,Traditional Travel Agency,2025-02-24,Sat,MNL,1,138.35,27.0,0
2025-01-03,MPH,DOM,MNL HUB,MPHMNL,PR  2042,J,Economy Saver,DOM,Contact Center,2024-08-03,Fri,BCD,2,40.11,168.0,1
2025-02-16,TAG,DOM,MNL HUB,MNLTAG,PR  2775,Y,Economy Value,DOM,Ticket Office,2025-02-16,Sun,MNL,1,97.8,15.0,0
2025-02-07,BCD,DOM,MNL HUB,BCDMNL,PR  2132,Y,Economy Flex,DOM,Traditional Travel Agency,2025-02-05,Fri,BCD,1,132.0,17.0,0
2025-01-11,CEB,DOM,MNL HUB,MNLCEB,PR  2859,J,Economy Saver,DOM,Contact Center,2025-01-02,Sat,MNL,1,68.8,24.0,0
2025-01-17,DVO,DOM,MNL HUB,DVOMNL,PR  2814,J,Business Flex,DOM,Ticket Office,2025-01-02,Fri,MNL,1,204.99,30.0,0
2025-02-03,LAO,DOM,MNL HUB,MNLLAO,PR  2198,J,Economy Supersaver,,Traditional Travel Agency,2024-11-26,Mon,HNL,2,42.15,84.0,1
2025-01-02,DRP,DOM,MNL HUB,DRPMNL,PR  2922,J,Economy Flex,DOM,WEB/APP,2024-12-26,Thu,DRP,1,166.62,22.0,0
2025-03-20,CGY,DOM,MNL HUB,MNLCGY,PR  2519,Y,Economy Flex,DOM,WEB/APP,2025-03-19,Thu,MNL,3,168.43,16.0,1
2025-02-17,DVO,DOM,MNL HUB,MNLDVO,PR  2815,Y,Economy Saver,DOM,WEB/APP,2025-01-09,Mon,DVO,1,60.33,54.0,0
2025-04-08,DVO,DOM,MNL HUB,DVOMNL,PR  1820,Y,Economy Supersaver,DOM,Traditional Travel Agency,2025-03-19,Tue,DVO,2,27.72,35.0,1
2025-04-29,IAO,DOM,MNL HUB,IAOMNL,PR  2974,J,Economy Flex,Offline,OTA,2025-04-14,Tue,IAO,2,393.87,30.0,1
2025-02-04,CBO,DOM,MNL HUB,CBOMNL,PR  2958,Y,Economy Value,DOM,Traditional Travel Agency,2025-01-29,Tue,CBO,6,128.19,21.0,1
2025-02-17,CEB,DOM,MNL HUB,CEBMNL,PR  2852,J,Economy Supersaver,DOM,Traditional Travel Agency,2024-12-28,Mon,CEB,2,25.42,66.0,1
2025-02-06,DRP,DOM,MNL HUB,MNLDRP,PR  2919,Y,Economy Value,DOM,Corporate Web Portal,2025-01-28,Thu,DRP,1,79.5,24.0,0
2025-03-09,BXU,DOM,MNL HUB,MNLBXU,PR  2938,Y,Economy Value,DOM,Contact Center,2025-01-05,Sun,BXU,1,90.5,78.0,0
2025-01-27,DVO,DOM,MNL HUB,DVOMNL,PR  2824,Y,Economy Saver,DOM,Traditional Travel Agency,2025-01-15,Mon,DVO,1,64.73,27.0,0
2025-03-18,CGY,DOM,MNL HUB,MNLCGY,PR  2519,Y,Economy Supersaver,DOM,WEB/APP,2025-03-02,Tue,MNL,1,33.26,31.0,0
2025-02-05,BCD,DOM,MNL HUB,MNLBCD,PR  2137,Y,Economy Supersaver,DOM,WEB/APP,2024-12-12,Wed,MNL,1,20.72,70.0,0
2025-03-04,CYP,DOM,MNL HUB,MNLCYP,PR  2671,Y,Economy Saver,DOM,Traditional Travel Agency,2025-02-19,Tue,MNL,1,107.41,28.0,0
2025-01-22,MPH,DOM,MNL HUB,MNLMPH,PR  2039,Y,Economy Supersaver,DOM,Traditional Travel Agency,2024-12-27,Wed,MNL,17,46.79,41.0,1
2025-01-20,CEB,DOM,MNL HUB,CEBMNL,PR  2880,Y,Economy Saver,DOM,Ticket Office,2025-01-15,Mon,MNL,1,69.71,20.0,0
2025-02-20,KLO,DOM,MNL HUB,MNLKLO,PR  2969,Y,Economy Flex,,Sea Crew,2025-02-16,Thu,MSY,1,118.3,19.0,0
2025-01-06,DRP,DOM,MNL HUB,DRPMNL,PR  2920,Y,Economy Value,SEA,Traditional Travel Agency,2024-11-04,Mon,SIN,1,58.73,78.0,0
2025-04-10,CEB,DOM,MNL HUB,MNLCEB,PR  1841,Y,Economy Supersaver,DOM,OTA,2025-02-12,Thu,MNL,1,34.43,72.0,0
2025-02-07,DVO,DOM,MNL HUB,DVOMNL,PR  1806,J,Business Flex,DOM,WEB/APP,2025-02-07,Fri,DVO,1,259.23,15.0,0
2025-01-08,CEB,DOM,MNL HUB,CEBMNL,PR  2862,Y,Economy Supersaver,DOM,Traditional Travel Agency,2024-12-26,Wed,CEB,4,38.69,28.0,1
2025-04-09,DVO,DOM,MNL HUB,DVOMNL,PR  1814,Y,Economy Value,DOM,WEB/APP,2025-03-28,Wed,DVO,5,95.68,27.0,1
2025-02-24,GES,DOM,MNL HUB,MNLGES,PR  453,J,Economy Saver,Offline,Sea Crew,2025-02-13,Mon,MNL,1,114.63,26.0,0
2025-02-25,CEB,DOM,MNL HUB,CEBMNL,PR  2850,Y,Economy Saver,JAP,Traditional Travel Agency,2025-02-13,Tue,KIX,4,40.57,27.0,1
2025-03-22,BXU,DOM,MNL HUB,MNLBXU,PR  2938,Y,Economy Value,DOM,Traditional Travel Agency,2025-03-10,Sat,BXU,2,94.1,27.0,1
2025-04-08,BCD,DOM,MNL HUB,MNLBCD,PR  2131,J,Economy Supersaver,Offline,OTA,2024-12-04,Tue,BCD,1,29.5,140.0,0
2025-04-22,MPH,DOM,MNL HUB,MPHMNL,PR  2046,Y,Economy Supersaver,DOM,OTA,2024-06-30,Tue,MPH,4,32.84,311.0,1
2025-04-03,GES,DOM,MNL HUB,MNLGES,PR  453,J,Economy Supersaver,DOM,WEB/APP,2025-03-24,Thu,MNL,2,63.38,25.0,1
2025-04-25,CGY,DOM,MNL HUB,MNLCGY,PR  2525,W,Premium Economy,DOM,WEB/APP,2025-04-20,Fri,MNL,1,162.85,20.0,0
2025-03-08,DGT,DOM,MNL HUB,MNLDGT,PR  2543,Y,Economy Supersaver,DOM,WEB/APP,2025-02-16,Sat,DGT,2,58.56,35.0,1
2025-03-14,DVO,DOM,MNL HUB,DVOMNL,PR  2824,J,Economy Supersaver,DOM,Traditional Travel Agency,2025-02-27,Fri,DVO,2,28.95,30.0,1
2025-03-04,PPS,DOM,MNL HUB,PPSMNL,PR  2782,Y,Economy Flex,DOM,Ticket Office,2025-03-02,Tue,PPS,1,34.22,17.0,0
2025-01-01,GES,DOM,MNL HUB,GESMNL,PR  454,Y,Economy Saver,DOM,Traditional Travel Agency,2024-12-08,Wed,GES,4,75.38,39.0,1
2025-02-18,LAO,DOM,MNL HUB,MNLLAO,PR  2196,J,Economy Saver,DOM,WEB/APP,2025-02-10,Tue,ILO,1,69.57,23.0,0
2025-04-22,TAC,DOM,MNL HUB,MNLTAC,PR  2985,W,Premium Economy,DOM,Corporate Web Portal,2025-04-16,Tue,MNL,1,211.81,21.0,0
2025-01-27,RXS,DOM,MNL HUB,MNLRXS,PR  2203,Y,Economy Supersaver,DOM,WEB/APP,2025-01-13,Mon,MNL,1,35.72,29.0,0
2025-02-20,TUG,DOM,MNL HUB,MNLTUG,PR  2014,Y,Economy Saver,Offline,Traditional Travel Agency,2024-07-26,Thu,SIN,1,32.99,224.0,0
2025-04-02,DVO,DOM,MNL HUB,DVOMNL,PR  1802,Y,Economy Supersaver,DOM,Ticket Office,2025-03-13,Wed,MNL,3,27.76,35.0,1
2025-01-19,BSO,DOM,MNL HUB,MNLBSO,PR  2932,Y,Economy Value,DOM,WEB/APP,2025-01-03,Sun,MNL,1,163.56,31.0,0
2025-01-24,CRM,DOM,MNL HUB,MNLCRM,PR  2079,J,Economy Flex,DOM,Traditional Travel Agency,2025-01-16,Fri,TAC,1,178.66,23.0,0
2025-03-25,CBO,DOM,MNL HUB,MNLCBO,PR  2957,Y,Economy Value,DOM,Traditional Travel Agency,2025-02-14,Tue,MNL,1,110.3,54.0,0
2025-04-07,DVO,DOM,MNL HUB,MNLDVO,PR  1805,Y,Economy Supersaver,DOM,Traditional Travel Agency,2025-03-24,Mon,MNL,1,40.31,29.0,0
2025-03-05,LAO,DOM,MNL HUB,MNLLAO,PR  2198,Y,Economy Supersaver,,Traditional Travel Agency,2024-12-20,Wed,HNL,1,47.03,90.0,0
2025-01-23,MPH,DOM,MNL HUB,MNLMPH,PR  2047,J,Economy Flex,DOM,WEB/APP,2025-01-23,Thu,MNL,4,193.21,15.0,1
2025-01-09,USU,DOM,MNL HUB,USUMNL,PR  2966,W,Premium Economy,Offline,Traditional Travel Agency,2024-11-08,Thu,USU,2,371.61,77.0,1
2025-01-02,CEB,DOM,MNL HUB,CEBMNL,PR  1862,W,Premium Economy,Offline,OTA,2024-12-30,Thu,CEB,3,100.72,18.0,1
2025-01-14,CEB,DOM,MNL HUB,MNLCEB,PR  1841,Y,Economy Flex,DOM,WEB/APP,2025-01-10,Tue,CEB,1,113.42,19.0,0
2025-04-12,PPS,DOM,MNL HUB,MNLPPS,PR  2779,J,Economy Saver,DOM,Traditional Travel Agency,2025-04-05,Sat,PPS,3,72.87,22.0,1
2025-04-28,MPH,DOM,MNL HUB,MNLMPH,PR  2043,Y,Economy Saver,AUS,OTA,2025-04-22,Mon,TPE,1,38.1,21.0,0
2025-03-14,TAC,DOM,MNL HUB,TACMNL,PR  2988,Y,Economy Value,DOM,Corporate Web Portal,2025-03-05,Fri,MNL,5,109.92,24.0,1
2025-04-06,TAG,DOM,MNL HUB,MNLTAG,PR  2773,J,Economy Saver,,Traditional Travel Agency,2025-04-02,Sun,MNL,3,33.52,19.0,1
2025-04-06,DVO,DOM,MNL HUB,DVOMNL,PR  1802,Y,Economy Saver,DOM,Traditional Travel Agency,2025-03-24,Sun,DVO,1,63.21,28.0,0
2025-01-04,TAC,DOM,MNL HUB,MNLTAC,PR  2985,Y,Economy Saver,DOM,Traditional Travel Agency,2024-11-27,Sat,TAC,1,56.47,53.0,0
2025-02-10,CGY,DOM,MNL HUB,MNLCGY,PR  2527,Y,Economy Supersaver,DOM,Traditional Travel Agency,2024-12-26,Mon,MNL,1,25.86,61.0,0
2025-03-18,DVO,DOM,MNL HUB,MNLDVO,PR  2819,J,Economy Supersaver,DOM,WEB/APP,2025-02-01,Tue,DVO,3,22.87,60.0,1
2025-01-18,LAO,DOM,MNL HUB,LAOMNL,PR  2197,Y,Economy Saver,,Traditional Travel Agency,2024-10-01,Sat,OGG,1,58.25,124.0,0
2025-04-07,CEB,DOM,MNL HUB,MNLCEB,PR  1851,J,Economy Saver,DOM,Corporate Web Portal,2025-03-25,Mon,MNL,1,73.74,28.0,0
2025-03-07,BCD,DOM,MNL HUB,MNLBCD,PR  2137,Y,Economy Saver,DOM,Ticket Office,2024-08-28,Fri,BCD,1,64.52,206.0,0
2025-01-07,OZC,DOM,MNL HUB,OZCMNL,PR  2890,Y,Economy Saver,DOM,Ticket Office,2024-11-05,Tue,MNL,1,82.84,78.0,0
2025-02-07,CEB,DOM,MNL HUB,MNLCEB,PR  2853,Y,Economy Flex,DOM,Sea Crew,2025-02-05,Fri,MNL,2,183.4,17.0,1
2025-04-27,ILO,DOM,MNL HUB,MNLILO,PR  2141,J,Economy Supersaver,DOM,Traditional Travel Agency,2025-03-01,Sun,MNL,5,38.32,72.0,1
2025-02-25,GES,DOM,MNL HUB,GESMNL,PR  456,Y,Economy Flex,DOM,WEB/APP,2025-02-25,Tue,GES,2,170.12,15.0,1
2025-04-03,ZAM,DOM,MNL HUB,ZAMMNL,PR  2954,Y,Economy Saver,DOM,WEB/APP,2025-03-23,Thu,ZAM,10,74.46,26.0,1
2025-02-13,LAO,DOM,MNL HUB,LAOMNL,PR  2197,J,Economy Value,DOM,Ticket Office,2025-02-04,Thu,LAO,2,95.85,24.0,1
2025-03-21,BXU,DOM,MNL HUB,BXUMNL,PR  2939,Y,Economy Supersaver,DOM,Traditional Travel Agency,2025-02-25,Fri,BXU,3,41.81,39.0,1
2025-04-23,DVO,DOM,MNL HUB,DVOMNL,PR  2808,J,Non-Rev,,Traditional Travel Agency,2025-04-15,Wed,DVO,1,158.6,23.0,0
2025-02-03,PPS,DOM,MNL HUB,PPSMNL,PR  2788,Y,Economy Saver,DOM,Ticket Office,2025-01-28,Mon,MNL,5,70.82,21.0,1
2025-03-23,CBO,DOM,MNL HUB,MNLCBO,PR  2959,J,Economy Saver,DOM,Traditional Travel Agency,2025-03-22,Sun,MNL,1,76.05,16.0,0
2025-03-22,DVO,DOM,MNL HUB,MNLDVO,PR  2821,Y,Economy Saver,DOM,Traditional Travel Agency,2025-03-17,Sat,MNL,4,63.14,20.0,1
2025-03-15,DVO,DOM,MNL HUB,MNLDVO,PR  2823,Y,Economy Supersaver,DOM,Traditional Travel Agency,2025-02-27,Sat,DVO,3,34.36,31.0,1
2025-03-29,BCD,DOM,MNL HUB,MNLBCD,PR  2131,Y,Economy Supersaver,DOM,WEB/APP,2025-01-13,Sat,MNL,1,19.47,90.0,0
2025-03-12,PPS,DOM,MNL HUB,MNLPPS,PR  2785,J,Economy Value,DOM,WEB/APP,2025-02-10,Wed,MNL,3,101.69,45.0,1
2025-03-30,DVO,DOM,MNL HUB,MNLDVO,PR  1805,J,Business Flex,DOM,WEB/APP,2025-03-20,Sun,DVO,1,188.72,25.0,0
2025-02-25,GES,DOM,MNL HUB,GESMNL,PR  456,J,Economy Supersaver,SEA,OTA,2025-02-21,Tue,GES,1,66.05,19.0,0
2025-03-21,CGY,DOM,MNL HUB,CGYMNL,PR  2522,J,Economy Saver,SEA,Traditional Travel Agency,2025-03-07,Fri,KUL,1,135.33,29.0,0
2025-03-01,DRP,DOM,MNL HUB,DRPMNL,PR  2920,J,Economy Supersaver,DOM,Ticket Office,2025-02-11,Sat,DRP,1,49.31,33.0,0
2025-04-04,BCD,DOM,MNL HUB,MNLBCD,PR  2135,Y,Economy Saver,G.CN,Traditional Travel Agency,2025-03-22,Fri,HKG,1,50.62,28.0,0
2025-02-17,BCD,DOM,MNL HUB,MNLBCD,PR  2129,J,Economy Supersaver,DOM,WEB/APP,2024-12-02,Mon,BCD,1,14.55,92.0,0
2025-03-26,PPS,DOM,MNL HUB,MNLPPS,PR  2787,Y,Economy Value,DOM,WEB/APP,2025-03-24,Wed,MNL,2,131.35,17.0,1
2025-04-25,CEB,DOM,MNL HUB,CEBMNL,PR  2850,Y,Economy Flex,DOM,Contact Center,2025-04-16,Fri,MNL,1,213.59,24.0,0
2025-04-06,CEB,DOM,MNL HUB,MNLCEB,PR  2861,J,Economy Supersaver,DOM,WEB/APP,2025-01-27,Sun,CEB,1,50.0,84.0,0
2025-02-10,CBO,DOM,MNL HUB,CBOMNL,PR  2960,J,Economy Value,DOM,Ticket Office,2025-01-30,Mon,CBO,2,86.61,26.0,1
2025-02-02,ILO,DOM,MNL HUB,MNLILO,PR  2147,Y,Economy Saver,DOM,Corporate Web Portal,2025-01-30,Sun,MNL,4,56.52,18.0,1
2025-01-29,USU,DOM,MNL HUB,MNLUSU,PR  2965,J,Economy Value,G.CN,WEB/APP,2024-08-17,Wed,TPE,2,63.09,180.0,1
2025-02-28,BCD,DOM,MNL HUB,MNLBCD,PR  2131,Y,Economy Supersaver,,Traditional Travel Agency,2025-02-07,Fri,LAX,1,34.39,36.0,0
2025-02-27,DGT,DOM,MNL HUB,MNLDGT,PR  2543,Y,Economy Value,DOM,Traditional Travel Agency,2025-02-19,Thu,DGT,3,96.05,23.0,1
2025-02-19,TAC,DOM,MNL HUB,TACMNL,PR  2982,Y,Economy Saver,ME,Traditional Travel Agency,2025-01-29,Wed,TAC,1,128.96,36.0,0
2025-01-19,ILO,DOM,MNL HUB,ILOMNL,PR  2140,Y,Economy Saver,ME,WEB/APP,2024-03-05,Sun,DXB,2,56.81,335.0,1
2025-04-25,DVO,DOM,MNL HUB,DVOMNL,PR  1818,Y,Economy Value,DOM,Traditional Travel Agency,2025-04-14,Fri,MNL,2,133.29,26.0,1
2025-03-05,DVO,DOM,MNL HUB,DVOMNL,PR  2820,J,Economy Value,DOM,WEB/APP,2025-01-30,Wed,DVO,1,94.34,49.0,0
2025-03-21,BSO,DOM,MNL HUB,MNLBSO,PR  2932,Y,Economy Value,DOM,Traditional Travel Agency,2025-02-26,Fri,MNL,1,206.62,38.0,0
2025-04-13,CEB,DOM,MNL HUB,CEBMNL,PR  2860,Y,Economy Saver,G.CN,OTA,2025-03-13,Sun,CEB,5,54.31,46.0,1
2025-04-30,CGY,DOM,MNL HUB,CGYMNL,PR  2526,Y,Economy Saver,,OTA,2024-12-15,Wed,DFW,1,59.06,151.0,0
2025-03-15,TAC,DOM,MNL HUB,MNLTAC,PR  2983,Y,Economy Value,DOM,Ticket Office,2025-03-13,Sat,MNL,1,126.96,17.0,0
2025-04-09,CRM,DOM,MNL HUB,CRMMNL,PR  2080,J,Economy Saver,DOM,WEB/APP,2025-03-31,Wed,MNL,1,132.43,24.0,0
2025-04-11,CGY,DOM,MNL HUB,MNLCGY,PR  2525,Y,Economy Saver,DOM,WEB/APP,2025-03-03,Fri,MNL,1,60.01,54.0,0
2025-04-09,CEB,DOM,MNL HUB,MNLCEB,PR  2869,Y,Economy Flex,,Sea Crew,2025-04-04,Wed,MIA,1,104.0,20.0,0
2025-03-07,OZC,DOM,MNL HUB,OZCMNL,PR  2890,Y,Economy Value,DOM,WEB/APP,2025-03-05,Fri,OZC,2,112.08,17.0,1
2025-03-31,ZAM,DOM,MNL HUB,MNLZAM,PR  2953,W,Premium Economy,DOM,Ticket Office,2025-03-31,Mon,MNL,1,268.77,15.0,0
2025-02-28,CEB,DOM,MNL HUB,CEBMNL,PR  2836,Y,Economy Supersaver,DOM,Ticket Office,2025-02-21,Fri,CEB,1,34.79,22.0,0
2025-03-15,ILO,DOM,MNL HUB,ILOMNL,PR  2146,Y,Economy Saver,,Traditional Travel Agency,2025-03-07,Sat,ILO,1,102.64,23.0,0
2025-02-28,ZAM,DOM,MNL HUB,ZAMMNL,PR  2994,Y,Economy Value,DOM,WEB/APP,2024-09-15,Fri,MNL,1,108.13,181.0,0
2025-03-30,DVO,DOM,MNL HUB,MNLDVO,PR  1809,Y,Economy Value,DOM,Ticket Office,2025-03-28,Sun,MNL,2,97.95,17.0,1
2025-02-11,DVO,DOM,MNL HUB,MNLDVO,PR  1809,Y,Economy Saver,DOM,WEB/APP,2025-02-06,Tue,MNL,3,70.75,20.0,1
2025-01-18,CBO,DOM,MNL HUB,MNLCBO,PR  2959,Y,Economy Flex,DOM,Contact Center,2025-01-16,Sat,MNL,3,229.19,17.0,1
2025-04-10,CGY,DOM,MNL HUB,MNLCGY,PR  2527,Y,Economy Supersaver,DOM,WEB/APP,2025-03-03,Thu,CGY,2,31.95,53.0,1
2025-04-09,DVO,DOM,MNL HUB,MNLDVO,PR  2823,J,Economy Supersaver,DOM,OTA,2025-01-15,Wed,MNL,2,26.43,99.0,1
2025-03-04,DVO,DOM,MNL HUB,MNLDVO,PR  2823,Y,Economy Value,DOM,Ticket Office,2025-03-04,Tue,MNL,1,94.79,15.0,0
2025-01-21,DVO,DOM,MNL HUB,DVOMNL,PR  1806,J,Economy Supersaver,DOM,Traditional Travel Agency,2025-01-20,Tue,DVO,15,42.98,16.0,1
2025-01-22,LAO,DOM,MNL HUB,LAOMNL,PR  2197,Y,Economy Flex,DOM,WEB/APP,2025-01-21,Wed,LAO,5,195.35,16.0,1
2025-03-06,PPS,DOM,MNL HUB,PPSMNL,PR  2782,Y,Economy Supersaver,DOM,Traditional Travel Agency,2025-01-23,Thu,PPS,11,17.24,57.0,1
2025-02-27,LAO,DOM,MNL HUB,LAOMNL,PR  2197,Y,Economy Saver,,Traditional Travel Agency,2024-07-25,Thu,LAO,1,79.34,232.0,0
2025-04-30,BCD,DOM,MNL HUB,BCDMNL,PR  2134,W,Premium Economy,DOM,Traditional Travel Agency,2025-04-26,Wed,MNL,1,188.59,19.0,0
2025-04-12,LAO,DOM,MNL HUB,MNLLAO,PR  2196,Y,Economy Supersaver,,Traditional Travel Agency,2025-03-16,Sat,SFO,2,33.52,42.0,1
2025-02-22,ILO,DOM,MNL HUB,MNLILO,PR  2141,Y,Economy Value,DOM,WEB/APP,2025-02-10,Sat,ILO,1,92.34,27.0,0
2025-04-07,DVO,DOM,MNL HUB,DVOMNL,PR  1814,J,Economy Value,DOM,WEB/APP,2025-04-05,Mon,DVO,1,95.81,17.0,0
2025-03-26,DVO,DOM,MNL HUB,DVOMNL,PR  2822,Y,Economy Flex,DOM,WEB/APP,2025-03-25,Wed,DVO,1,176.49,16.0,0
2025-01-25,CEB,DOM,MNL HUB,CEBMNL,PR  2868,Y,Economy Value,DOM,WEB/APP,2024-12-22,Sat,CEB,1,74.4,49.0,0
2025-02-09,CEB,DOM,MNL HUB,CEBMNL,PR  1842,Y,Economy Supersaver,DOM,Traditional Travel Agency,2024-09-25,Sun,CEB,1,28.92,152.0,0
2025-02-10,CGY,DOM,MNL HUB,MNLCGY,PR  2525,Y,Economy Supersaver,DOM,Traditional Travel Agency,2025-02-03,Mon,MNL,2,45.95,22.0,1
2025-01-09,ZAM,DOM,MNL HUB,ZAMMNL,PR  2998,Y,Economy Saver,DOM,Contact Center,2024-12-01,Thu,MNL,2,63.27,54.0,1
2025-03-19,DGT,DOM,MNL HUB,MNLDGT,PR  2545,Y,Economy Value,DOM,Traditional Travel Agency,2025-03-14,Wed,MNL,2,104.1,20.0,1
2025-04-04,CGY,DOM,MNL HUB,MNLCGY,PR  2529,J,Economy Saver,SEA,Traditional Travel Agency,2025-03-24,Fri,KUL,1,78.08,26.0,0
2025-04-02,TAG,DOM,MNL HUB,TAGMNL,PR  2774,Y,Economy Value,DOM,Corporate Web Portal,2025-03-19,Wed,TAG,1,100.93,29.0,0
2025-04-12,ILO,DOM,MNL HUB,MNLILO,PR  2147,Y,Economy Supersaver,DOM,WEB/APP,2025-01-30,Sat,MNL,2,37.46,87.0,1
2025-04-03,CGY,DOM,MNL HUB,CGYMNL,PR  2520,J,Economy Supersaver,DOM,Traditional Travel Agency,2025-03-07,Thu,CGY,1,42.37,42.0,0
2025-04-29,CGY,DOM,MNL HUB,MNLCGY,PR  2521,J,Economy Saver,DOM,WEB/APP,2025-04-04,Tue,CGY,1,69.45,40.0,0
2025-04-12,BCD,DOM,MNL HUB,BCDMNL,PR  2132,J,Economy Supersaver,DOM,OTA,2025-02-01,Sat,BCD,2,25.96,85.0,1
2025-04-11,MPH,DOM,MNL HUB,MNLMPH,PR  2047,Y,Economy Saver,Offline,Traditional Travel Agency,2025-04-04,Fri,MNL,2,106.06,22.0,1
2025-01-29,DVO,DOM,MNL HUB,MNLDVO,PR  2825,Y,Economy Supersaver,DOM,Traditional Travel Agency,2025-01-22,Wed,MNL,4,49.98,22.0,1
2025-04-04,CYZ,DOM,MNL HUB,MNLCYZ,PR  2018,J,Economy Saver,DOM,WEB/APP,2025-03-28,Fri,CYZ,1,60.41,22.0,0
2025-01-06,CEB,DOM,MNL HUB,CEBMNL,PR  2868,J,Economy Value,DOM,Ticket Office,2024-12-19,Mon,MNL,2,107.58,33.0,1
2025-04-05,PPS,DOM,MNL HUB,MNLPPS,PR  2779,J,Economy Supersaver,DOM,OTA,2025-01-26,Sat,MNL,3,31.12,84.0,1
2025-04-12,CEB,DOM,MNL HUB,CEBMNL,PR  2850,Y,Economy Value,,TMC,2025-03-12,Sat,MNL,2,169.82,46.0,1
2025-01-18,CEB,DOM,MNL HUB,CEBMNL,PR  2864,J,Economy Saver,DOM,WEB/APP,2025-01-16,Sat,ILO,2,27.0,17.0,1
2025-03-29,CEB,DOM,MNL HUB,MNLCEB,PR  1841,Y,Economy Value,DOM,Contact Center,2025-03-28,Sat,MNL,1,123.27,16.0,0
2025-02-26,CEB,DOM,MNL HUB,MNLCEB,PR  2867,Y,Economy Supersaver,DOM,Ticket Office,2025-02-05,Wed,CEB,3,48.11,36.0,1
2025-03-23,CYZ,DOM,MNL HUB,CYZMNL,PR  2019,Y,Economy Supersaver,DOM,Traditional Travel Agency,2025-01-16,Sun,CYZ,1,25.53,81.0,0
2025-01-07,GES,DOM,MNL HUB,GESMNL,PR  456,Y,Economy Supersaver,DOM,Traditional Travel Agency,2024-07-30,Tue,GES,2,37.29,176.0,1
2025-03-13,CGY,DOM,MNL HUB,MNLCGY,PR  2525,Y,Economy Saver,DOM,WEB/APP,2025-03-05,Thu,MNL,1,58.2,23.0,0
2025-03-31,ILO,DOM,MNL HUB,ILOMNL,PR  2144,Y,Economy Value,DOM,Contact Center,2025-03-26,Mon,MNL,1,117.34,20.0,0
2025-01-03,TAC,DOM,MNL HUB,TACMNL,PR  2988,Y,Economy Flex,DOM,Sea Crew,2025-01-01,Fri,TAC,1,163.57,17.0,0
2025-02-20,DVO,DOM,MNL HUB,DVOMNL,PR  2808,J,Economy Saver,DOM,WEB/APP,2025-02-10,Thu,DVO,1,60.37,25.0,0
2025-01-27,ILO,DOM,MNL HUB,ILOMNL,PR  2140,Y,Economy Supersaver,DOM,WEB/APP,2024-07-04,Mon,ILO,5,41.48,222.0,1
2025-04-10,DVO,DOM,MNL HUB,DVOMNL,PR  1806,Y,Economy Supersaver,DOM,OTA,2025-03-25,Thu,DVO,1,39.6,31.0,0
2025-02-24,DVO,DOM,MNL HUB,DVOMNL,PR  2818,J,Economy Supersaver,DOM,Traditional Travel Agency,2025-02-17,Mon,DVO,1,35.87,22.0,0
2025-01-29,DVO,DOM,MNL HUB,MNLDVO,PR  2813,J,Economy Supersaver,,Traditional Travel Agency,2024-11-13,Wed,RDU,1,263.9,92.0,0
2025-03-04,DGT,DOM,MNL HUB,DGTMNL,PR  2544,Y,Economy Supersaver,DOM,Traditional Travel Agency,2025-01-10,Tue,DGT,2,29.38,68.0,1
2025-03-17,CBO,DOM,MNL HUB,CBOMNL,PR  2960,Y,Economy Flex,DOM,WEB/APP,2025-03-15,Mon,CBO,9,235.33,17.0,1
2025-01-28,CEB,DOM,MNL HUB,CEBMNL,PR  2868,W,Premium Economy,DOM,WEB/APP,2025-01-25,Tue,CEB,1,184.9,18.0,0
2025-03-27,DRP,DOM,MNL HUB,DRPMNL,PR  2920,Y,Economy Flex,DOM,WEB/APP,2025-03-20,Thu,DRP,1,166.05,22.0,0
2025-04-02,TAG,DOM,MNL HUB,MNLTAG,PR  2773,Y,Economy Saver,DOM,Traditional Travel Agency,2025-01-23,Wed,MNL,3,80.07,84.0,1
2025-04-12,EUQ,DOM,MNL HUB,MNLEUQ,PR  2905,Y,Economy Flex,DOM,WEB/APP,2025-03-19,Sat,MNL,1,168.04,39.0,0
2025-04-08,TAC,DOM,MNL HUB,MNLTAC,PR  2985,J,Economy Supersaver,DOM,Ticket Office,2025-02-14,Tue,MNL,1,27.03,68.0,0
2025-03-24,CGY,DOM,MNL HUB,CGYMNL,PR  2520,J,Economy Value,DOM,WEB/APP,2025-03-17,Mon,CGY,2,90.58,22.0,1
2025-02-04,ILO,DOM,MNL HUB,ILOMNL,PR  2146,Y,Economy Supersaver,DOM,Contact Center,2024-12-27,Tue,TUG,1,14.37,54.0,0
2025-01-15,KLO,DOM,MNL HUB,MNLKLO,PR  2945,Y,Economy Saver,DOM,Traditional Travel Agency,2025-01-05,Wed,MNL,3,67.45,25.0,1
2025-02-05,CGY,DOM,MNL HUB,CGYMNL,PR  2526,Y,Economy Value,DOM,Corporate Web Portal,2025-02-03,Wed,CGY,1,115.51,17.0,0
2025-03-21,DVO,DOM,MNL HUB,DVOMNL,PR  2820,J,Economy Supersaver,DOM,Ticket Office,2025-02-26,Fri,DVO,1,38.86,38.0,0
2025-02-28,TAC,DOM,MNL HUB,TACMNL,PR  2986,W,Premium Economy,DOM,WEB/APP,2025-02-06,Fri,MNL,2,145.35,37.0,1
2025-04-10,TAC,DOM,MNL HUB,MNLTAC,PR  2987,J,Economy Flex,ME,Traditional Travel Agency,2025-04-08,Thu,MNL,1,210.08,17.0,0
2025-01-24,ILO,DOM,MNL HUB,MNLILO,PR  2139,J,Economy Saver,DOM,WEB/APP,2024-12-03,Fri,MNL,1,98.14,67.0,0
2025-02-15,USU,DOM,MNL HUB,MNLUSU,PR  2963,Y,Economy Flex,DOM,WEB/APP,2025-01-11,Sat,MNL,1,208.61,50.0,0
2025-04-26,TAC,DOM,MNL HUB,MNLTAC,PR  2987,Y,Economy Flex,Offline,Traditional Travel Agency,2025-04-21,Sat,AMM,1,143.0,20.0,0
2025-04-06,LAO,DOM,MNL HUB,MNLLAO,PR  2196,Y,Economy Value,DOM,WEB/APP,2025-03-31,Sun,MNL,2,99.1,21.0,1
2025-03-29,TAG,DOM,MNL HUB,MNLTAG,PR  2771,Y,Economy Saver,DOM,WEB/APP,2025-01-29,Sat,MNL,1,64.24,74.0,0
2025-01-23,CEB,DOM,MNL HUB,CEBMNL,PR  2868,J,Economy Value,SEA,WEB/APP,2025-01-15,Thu,CGK,1,69.17,23.0,0
2025-04-05,DVO,DOM,MNL HUB,MNLDVO,PR  1809,Y,Economy Supersaver,DOM,Traditional Travel Agency,2025-03-11,Sat,MNL,1,27.53,40.0,0
2025-04-07,MPH,DOM,MNL HUB,MNLMPH,PR  2045,Y,Economy Saver,Offline,Traditional Travel Agency,2024-10-12,Mon,MNL,2,116.15,192.0,1
2025-03-21,DVO,DOM,MNL HUB,DVOMNL,PR  1810,J,Economy Saver,DOM,Traditional Travel Agency,2025-02-19,Fri,DVO,3,68.28,45.0,1
2025-03-06,BXU,DOM,MNL HUB,BXUMNL,PR  2968,Y,Economy Flex,,Sea Crew,2025-03-04,Thu,BXU,1,239.47,17.0,0
2025-02-08,DGT,DOM,MNL HUB,DGTMNL,PR  2546,Y,Economy Saver,,OTA,2025-01-29,Sat,DGT,1,109.11,25.0,0
2025-04-12,LAO,DOM,MNL HUB,MNLLAO,PR  2196,Y,Economy Flex,Offline,Sea Crew,2025-04-10,Sat,ILO,1,211.89,17.0,0
2025-03-01,TUG,DOM,MNL HUB,MNLTUG,PR  2014,Y,Economy Supersaver,DOM,Traditional Travel Agency,2024-12-10,Sat,MNL,3,25.39,96.0,1
2025-04-02,DGT,DOM,MNL HUB,DGTMNL,PR  2546,Y,Economy Saver,DOM,OTA,2025-03-24,Wed,DGT,1,84.08,24.0,0
2025-03-08,BCD,DOM,MNL HUB,MNLBCD,PR  2135,J,Economy Value,DOM,WEB/APP,2025-03-03,Sat,MNL,1,79.22,20.0,0
2025-04-30,DVO,DOM,MNL HUB,MNLDVO,PR  2823,Y,Economy Supersaver,DOM,WEB/APP,2025-03-09,Wed,MNL,1,38.21,67.0,0
2025-03-07,CGY,DOM,MNL HUB,MNLCGY,PR  2527,Y,Economy Supersaver,DOM,Traditional Travel Agency,2025-02-05,Fri,MNL,4,24.76,45.0,1
2025-04-12,DVO,DOM,MNL HUB,DVOMNL,PR  1818,Y,Economy Supersaver,DOM,WEB/APP,2025-02-15,Sat,MNL,2,25.09,71.0,1
2025-03-21,LAO,DOM,MNL HUB,LAOMNL,PR  2197,J,Economy Supersaver,,Traditional Travel Agency,2024-11-06,Fri,HNL,3,44.0,150.0,1
2025-02-18,BCD,DOM,MNL HUB,MNLBCD,PR  2135,J,Economy Flex,DOM,WEB/APP,2025-02-15,Tue,MNL,1,127.08,18.0,0
2025-04-04,BCD,DOM,MNL HUB,BCDMNL,PR  2138,Y,Economy Supersaver,DOM,WEB/APP,2025-01-21,Fri,BCD,1,31.5,88.0,0
2025-03-06,MPH,DOM,MNL HUB,MPHMNL,PR  2044,J,Economy Saver,DOM,Sea Crew,2025-02-21,Thu,MPH,2,77.01,28.0,1
2025-04-03,DVO,DOM,MNL HUB,DVOMNL,PR  2812,Y,Economy Saver,DOM,WEB/APP,2025-03-25,Thu,MNL,3,64.08,24.0,1
2025-01-29,DGT,DOM,MNL HUB,DGTMNL,PR  2544,Y,Economy Saver,DOM,Traditional Travel Agency,2025-01-07,Wed,DGT,2,79.47,37.0,1
2025-03-01,BCD,DOM,MNL HUB,BCDMNL,PR  2132,Y,Economy Saver,,Traditional Travel Agency,2024-10-22,Sat,JAX,1,37.88,145.0,0
2025-04-03,ILO,DOM,MNL HUB,MNLILO,PR  2145,Y,Economy Value,DOM,Corporate Web Portal,2025-03-26,Thu,TAC,5,56.62,23.0,1
2025-04-02,BCD,DOM,MNL HUB,BCDMNL,PR  2134,Y,Economy Saver,DOM,WEB/APP,2025-03-15,Wed,BCD,1,64.07,33.0,0
2025-04-06,CEB,DOM,MNL HUB,CEBMNL,PR  2862,Y,Economy Value,DOM,Corporate Web Portal,2025-03-25,Sun,MNL,1,97.66,27.0,0
2025-04-03,CGY,DOM,MNL HUB,MNLCGY,PR  2525,W,Premium Economy,DOM,Ticket Office,2025-04-02,Thu,MNL,1,236.81,16.0,0
2025-02-03,PPS,DOM,MNL HUB,MNLPPS,PR  2779,Y,Economy Value,DOM,Ticket Office,2025-02-03,Mon,MNL,3,117.25,15.0,1
2025-04-13,DVO,DOM,MNL HUB,MNLDVO,PR  2823,Y,Economy Flex,ROW,,2025-04-13,Sun,,2,103.88,15.0,1
2025-01-23,OZC,DOM,MNL HUB,OZCMNL,PR  2890,J,Economy Supersaver,DOM,Traditional Travel Agency,2024-12-15,Thu,OZC,5,31.96,54.0,1
2025-01-07,DVO,DOM,MNL HUB,DVOMNL,PR  2824,J,Economy Saver,JAP,Traditional Travel Agency,2024-06-23,Tue,NGO,1,78.59,213.0,0
2025-02-27,PPS,DOM,MNL HUB,PPSMNL,PR  2786,Y,Economy Supersaver,DOM,WEB/APP,2025-01-10,Thu,PPS,2,29.07,63.0,1
2025-01-09,DGT,DOM,MNL HUB,DGTMNL,PR  2546,Y,Economy Supersaver,ROW,,2025-01-09,Thu,DGT,1,47.24,15.0,0
2025-02-08,DVO,DOM,MNL HUB,MNLDVO,PR  2819,Y,Economy Saver,DOM,Contact Center,2024-12-04,Sat,MNL,1,46.33,81.0,0
2025-04-21,PPS,DOM,MNL HUB,MNLPPS,PR  2785,Y,Economy Saver,DOM,WEB/APP,2024-12-30,Mon,PPS,1,67.62,127.0,0
2025-02-18,CGY,DOM,MNL HUB,MNLCGY,PR  2519,Y,Economy Supersaver,,OTA,2024-07-17,Tue,IAH,2,29.77,231.0,1
2025-02-09,DVO,DOM,MNL HUB,DVOMNL,PR  2816,Y,Economy Supersaver,,Traditional Travel Agency,2024-09-29,Sun,YYC,2,67.24,148.0,1
2025-01-15,BCD,DOM,MNL HUB,BCDMNL,PR  2130,Y,Economy Value,DOM,WEB/APP,2025-01-08,Wed,BCD,1,92.19,22.0,0
2025-02-24,CEB,DOM,MNL HUB,MNLCEB,PR  2857,J,Economy Saver,DOM,WEB/APP,2025-02-17,Mon,MNL,1,59.26,22.0,0
2025-03-22,CBO,DOM,MNL HUB,CBOMNL,PR  2960,J,Economy Value,DOM,WEB/APP,2025-03-20,Sat,CBO,3,120.79,17.0,1
2025-03-05,IAO,DOM,MNL HUB,MNLIAO,PR  2971,J,Economy Saver,DOM,WEB/APP,2025-02-25,Wed,DPS,1,83.71,23.0,0
2025-03-19,BCD,DOM,MNL HUB,MNLBCD,PR  2135,Y,Economy Value,DOM,WEB/APP,2025-03-12,Wed,MNL,1,80.88,22.0,0
2025-03-25,GES,DOM,MNL HUB,GESMNL,PR  454,J,Economy Supersaver,DOM,WEB/APP,2025-01-15,Tue,GES,1,27.53,84.0,0
2025-02-22,DVO,DOM,MNL HUB,MNLDVO,PR  2815,Y,Economy Flex,DOM,Traditional Travel Agency,2025-02-17,Sat,GES,1,162.61,20.0,0
2025-02-06,DRP,DOM,MNL HUB,DRPMNL,PR  2920,Y,Economy Saver,DOM,Ticket Office,2025-01-20,Thu,DRP,1,60.82,32.0,0
2025-02-12,KLO,DOM,MNL HUB,KLOMNL,PR  2970,J,Economy Supersaver,DOM,WEB/APP,2024-05-31,Wed,MNL,1,17.32,272.0,0
2025-01-14,DVO,DOM,MNL HUB,MNLDVO,PR  2825,Y,Economy Saver,DOM,Traditional Travel Agency,2025-01-11,Tue,MNL,2,64.35,18.0,1
2025-03-20,CEB,DOM,MNL HUB,MNLCEB,PR  2867,Y,Economy Supersaver,DOM,Traditional Travel Agency,2025-03-10,Thu,MNL,1,55.07,25.0,0
2025-02-13,CEB,DOM,MNL HUB,CEBMNL,PR  2846,Y,Economy Value,DOM,Contact Center,2025-02-07,Thu,CEB,1,139.99,21.0,0
2025-01-17,TAG,DOM,MNL HUB,TAGMNL,PR  2774,W,Premium Economy,Offline,Traditional Travel Agency,2024-06-21,Fri,MUC,2,120.9,225.0,1
2025-04-07,CEB,DOM,MNL HUB,MNLCEB,PR  1851,Y,Economy Saver,DOM,OTA,2025-04-02,Mon,MNL,1,75.22,20.0,0
2025-04-28,DVO,DOM,MNL HUB,DVOMNL,PR  1818,Y,Economy Saver,DOM,Contact Center,2025-04-21,Mon,DVO,1,83.89,22.0,0
2025-03-26,CBO,DOM,MNL HUB,MNLCBO,PR  2959,Y,Economy Value,DOM,WEB/APP,2025-03-15,Wed,MNL,1,106.34,26.0,0
2025-01-10,GES,DOM,MNL HUB,MNLGES,PR  2455,Y,Economy Saver,,TMC,2024-12-30,Fri,GES,4,115.97,26.0,1
2025-04-05,DGT,DOM,MNL HUB,DGTMNL,PR  2546,Y,Economy Saver,DOM,WEB/APP,2025-03-04,Sat,MNL,1,40.47,47.0,0
2025-03-18,ILO,DOM,MNL HUB,ILOMNL,PR  2144,Y,Economy Saver,DOM,WEB/APP,2025-03-13,Tue,ILO,1,59.13,20.0,0
2025-01-31,PPS,DOM,MNL HUB,PPSMNL,PR  2788,J,Economy Saver,DOM,Ticket Office,2025-01-22,Fri,MNL,6,65.12,24.0,1
2025-04-13,DVO,DOM,MNL HUB,MNLDVO,PR  1805,Y,Economy Value,DOM,WEB/APP,2025-03-30,Sun,DVO,1,94.34,29.0,0
2025-03-20,TAG,DOM,MNL HUB,TAGMNL,PR  2778,Y,Economy Saver,DOM,Traditional Travel Agency,2025-03-14,Thu,MNL,4,78.52,21.0,1
2025-04-10,TAG,DOM,MNL HUB,TAGMNL,PR  2772,Y,Economy Supersaver,DOM,OTA,2025-02-18,Thu,TAG,1,40.78,66.0,0
2025-02-03,PPS,DOM,MNL HUB,PPSMNL,PR  2780,Y,Economy Supersaver,DOM,Traditional Travel Agency,2025-01-31,Mon,PPS,3,61.03,18.0,1
2025-04-08,DVO,DOM,MNL HUB,MNLDVO,PR  2823,J,Economy Supersaver,DOM,OTA,2025-02-23,Tue,MNL,2,29.83,59.0,1
2025-01-07,CBO,DOM,MNL HUB,CBOMNL,PR  2960,J,Economy Flex,DOM,WEB/APP,2025-01-03,Tue,MNL,1,204.96,19.0,0
2025-04-13,DVO,DOM,MNL HUB,MNLDVO,PR  1805,J,Economy Saver,DOM,Traditional Travel Agency,2025-03-24,Sun,MNL,1,63.53,35.0,0
2025-02-08,RXS,DOM,MNL HUB,RXSMNL,PR  2204,J,Economy Supersaver,DOM,WEB/APP,2025-01-18,Sat,RXS,2,18.11,36.0,1
2025-04-10,GES,DOM,MNL HUB,MNLGES,PR  453,Y,Economy Value,DOM,WEB/APP,2025-03-25,Thu,MNL,1,106.15,31.0,0
2025-03-16,BCD,DOM,MNL HUB,MNLBCD,PR  2137,Y,Economy Supersaver,DOM,Traditional Travel Agency,2025-02-06,Sun,MNL,1,21.99,53.0,0
2025-04-21,DVO,DOM,MNL HUB,DVOMNL,PR  2808,Y,Economy Saver,DOM,WEB/APP,2025-01-15,Mon,MNL,3,49.21,111.0,1
2025-02-16,DVO,DOM,MNL HUB,MNLDVO,PR  2821,Y,Economy Value,DOM,Ticket Office,2025-01-04,Sun,MNL,1,93.33,58.0,0
2025-04-13,BCD,DOM,MNL HUB,BCDMNL,PR  2138,J,Economy Saver,DOM,WEB/APP,2025-04-10,Sun,BCD,2,63.68,18.0,1
2025-04-24,CEB,DOM,MNL HUB,MNLCEB,PR  2869,J,Economy Saver,DOM,Contact Center,2025-01-20,Thu,KUL,1,38.73,109.0,0
2025-04-23,MPH,DOM,MNL HUB,MPHMNL,PR  2046,Y,Economy Value,DOM,WEB/APP,2025-04-13,Wed,MNL,1,109.91,25.0,0
2025-01-30,KLO,DOM,MNL HUB,KLOMNL,PR  2970,J,Economy Saver,DOM,WEB/APP,2025-01-22,Thu,KLO,2,63.26,23.0,1
2025-04-07,CEB,DOM,MNL HUB,MNLCEB,PR  2861,Y,Economy Value,DOM,Ticket Office,2025-03-08,Mon,CEB,1,88.76,45.0,0
2025-03-20,DGT,DOM,MNL HUB,MNLDGT,PR  2543,J,Economy Supersaver,DOM,WEB/APP,2024-12-16,Thu,MNL,5,40.65,109.0,1
2025-04-25,CBO,DOM,MNL HUB,CBOMNL,PR  2960,Y,Economy Value,DOM,Corporate Web Portal,2025-04-08,Fri,MNL,1,100.92,32.0,0
2025-02-04,CEB,DOM,MNL HUB,MNLCEB,PR  2835,Y,Economy Supersaver,DOM,Traditional Travel Agency,2025-02-02,Tue,MNL,2,37.85,17.0,1
2025-02-22,CEB,DOM,MNL HUB,CEBMNL,PR  2850,W,Premium Economy,ME,Traditional Travel Agency,2024-11-23,Sat,DOH,1,158.6,106.0,0
2025-04-08,DVO,DOM,MNL HUB,DVOMNL,PR  2812,Y,Economy Supersaver,G.CN,Traditional Travel Agency,2025-02-28,Tue,DVO,1,43.28,54.0,0
2025-01-09,DVO,DOM,MNL HUB,DVOMNL,PR  1804,Y,Economy Saver,DOM,Traditional Travel Agency,2024-12-29,Thu,DVO,1,87.13,26.0,0
2025-04-13,BXU,DOM,MNL HUB,BXUMNL,PR  2968,Y,Economy Saver,DOM,WEB/APP,2025-03-25,Sun,BXU,1,62.43,34.0,0
2025-01-20,CEB,DOM,MNL HUB,CEBMNL,PR  1842,Y,Economy Saver,Offline,OTA,2024-11-28,Mon,CEB,3,43.13,68.0,1
2025-04-02,ILO,DOM,MNL HUB,MNLILO,PR  2139,Y,Economy Value,DOM,WEB/APP,2025-03-29,Wed,MNL,1,91.51,19.0,0
2025-03-26,MPH,DOM,MNL HUB,MNLMPH,PR  2045,Y,Economy Supersaver,DOM,OTA,2024-11-30,Wed,MNL,3,27.61,131.0,1
2025-02-13,TAG,DOM,MNL HUB,MNLTAG,PR  2773,Y,Economy Saver,DOM,Traditional Travel Agency,2025-02-10,Thu,MNL,10,59.87,18.0,1
2025-02-24,GES,DOM,MNL HUB,MNLGES,PR  453,Y,Economy Supersaver,DOM,Traditional Travel Agency,2025-02-01,Mon,MNL,1,58.33,38.0,0
2025-03-05,DPL,DOM,MNL HUB,MNLDPL,PR  2557,Y,Economy Value,DOM,WEB/APP,2025-02-17,Wed,DPL,1,80.33,31.0,0
2025-01-10,CGY,DOM,MNL HUB,MNLCGY,PR  2521,Y,Economy Saver,DOM,WEB/APP,2024-12-27,Fri,CGY,1,71.38,29.0,0
2025-01-27,CEB,DOM,MNL HUB,MNLCEB,PR  2857,Y,Economy Supersaver,DOM,WEB/APP,2024-12-29,Mon,CEB,1,37.04,44.0,0
2025-02-05,ILO,DOM,MNL HUB,ILOMNL,PR  2140,Y,Economy Value,DOM,WEB/APP,2025-02-04,Wed,ILO,2,92.61,16.0,1
2025-01-08,CEB,DOM,MNL HUB,CEBMNL,PR  2860,J,Economy Value,DOM,Traditional Travel Agency,2025-01-08,Wed,CEB,1,120.47,15.0,0
2025-04-02,CBO,DOM,MNL HUB,MNLCBO,PR  2959,Y,Economy Value,DOM,WEB/APP,2025-02-28,Wed,CBO,2,92.7,48.0,1
2025-01-06,CEB,DOM,MNL HUB,CEBMNL,PR  2868,Y,Economy Saver,SEA,OTA,2024-10-30,Mon,HAN,2,53.96,83.0,1
2025-02-16,BCD,DOM,MNL HUB,MNLBCD,PR  2131,Y,Economy Supersaver,DOM,WEB/APP,2025-01-13,Sun,MNL,2,34.98,49.0,1
2025-04-27,CEB,DOM,MNL HUB,MNLCEB,PR  2861,J,Economy Saver,AUS,WEB/APP,2025-03-06,Sun,MEL,4,48.75,67.0,1
2025-04-05,BCD,DOM,MNL HUB,MNLBCD,PR  2129,Y,Economy Value,SEA,OTA,2025-04-01,Sat,MNL,1,124.06,19.0,0
2025-04-23,LAO,DOM,MNL HUB,MNLLAO,PR  2198,Y,Economy Saver,,WEB/APP,2025-04-19,Wed,LAX,1,42.5,19.0,0
2025-03-05,RXS,DOM,MNL HUB,RXSMNL,PR  2204,Y,Economy Supersaver,SEA,WEB/APP,2025-02-22,Wed,SIN,1,30.98,26.0,0
2025-04-06,RXS,DOM,MNL HUB,RXSMNL,PR  2206,Y,Economy Flex,ROW,,2025-03-19,Sun,,1,30.73,33.0,0
2025-01-09,CGY,DOM,MNL HUB,CGYMNL,PR  2522,J,Economy Supersaver,DOM,WEB/APP,2024-04-29,Thu,CGY,1,38.02,270.0,0
2025-04-05,DVO,DOM,MNL HUB,DVOMNL,PR  1810,Y,Economy Saver,DOM,Contact Center,2025-03-10,Sat,DVO,1,74.07,41.0,0
2025-03-07,MPH,DOM,MNL HUB,MNLMPH,PR  2047,W,Premium Economy,DOM,WEB/APP,2025-02-21,Fri,MNL,1,144.34,29.0,0
2025-04-13,CGY,DOM,MNL HUB,MNLCGY,PR  2525,Y,Economy Value,DOM,Traditional Travel Agency,2025-04-03,Sun,CGY,1,101.62,25.0,0
2025-04-12,GES,DOM,MNL HUB,MNLGES,PR  453,W,Premium Economy,DOM,WEB/APP,2025-04-04,Sat,MNL,1,245.19,23.0,0
2025-04-06,CEB,DOM,MNL HUB,MNLCEB,PR  2861,Y,Economy Saver,DOM,Ticket Office,2025-03-17,Sun,MNL,1,48.02,35.0,0
2025-04-06,DVO,DOM,MNL HUB,MNLDVO,PR  2811,Y,Economy Supersaver,DOM,WEB/APP,2025-03-31,Sun,DVO,2,39.95,21.0,1
2025-03-16,CEB,DOM,MNL HUB,CEBMNL,PR  2858,Y,Economy Supersaver,DOM,WEB/APP,2025-02-23,Sun,MNL,1,21.67,36.0,0
2025-01-29,DVO,DOM,MNL HUB,DVOMNL,PR  2822,Y,Economy Supersaver,DOM,WEB/APP,2025-01-06,Wed,DVO,3,38.48,38.0,1
2025-04-28,DVO,DOM,MNL HUB,DVOMNL,PR  1820,Y,Economy Saver,DOM,WEB/APP,2025-04-01,Mon,DVO,2,49.86,42.0,1
2025-01-03,DVO,DOM,MNL HUB,DVOMNL,PR  1806,Y,Economy Value,SEA,TMC,2024-11-06,Fri,MNL,5,179.47,73.0,1
2025-04-03,BCD,DOM,MNL HUB,MNLBCD,PR  2133,W,Premium Economy,Offline,Traditional Travel Agency,2025-01-01,Thu,BCN,1,104.0,107.0,0
2025-02-06,CEB,DOM,MNL HUB,CEBMNL,PR  1842,Y,Economy Saver,DOM,WEB/APP,2025-01-22,Thu,CEB,1,71.11,30.0,0
2025-01-27,CEB,DOM,MNL HUB,MNLCEB,PR  2853,Y,Economy Supersaver,DOM,WEB/APP,2024-12-21,Mon,MNL,1,34.02,52.0,0
2025-01-27,BCD,DOM,MNL HUB,BCDMNL,PR  2136,Y,Economy Saver,DOM,WEB/APP,2025-01-23,Mon,MNL,2,75.32,19.0,1
2025-04-05,DGT,DOM,MNL HUB,MNLDGT,PR  2545,Y,Economy Saver,DOM,WEB/APP,2025-03-14,Sat,MNL,17,87.76,37.0,1
2025-02-26,DVO,DOM,MNL HUB,DVOMNL,PR  2808,J,Business Flex,DOM,WEB/APP,2025-01-30,Wed,MNL,1,192.32,42.0,0
2025-03-10,USU,DOM,MNL HUB,USUMNL,PR  2966,W,Premium Economy,DOM,WEB/APP,2024-09-19,Mon,MNL,2,257.54,187.0,1
2025-01-03,DRP,DOM,MNL HUB,DRPMNL,PR  2924,J,Economy Flex,DOM,WEB/APP,2024-12-03,Fri,MNL,1,137.13,46.0,0
2025-01-11,BCD,DOM,MNL HUB,MNLBCD,PR  2133,Y,Economy Flex,Offline,Traditional Travel Agency,2024-09-18,Sat,BGO,1,104.0,130.0,0
2025-02-28,USU,DOM,MNL HUB,MNLUSU,PR  2963,Y,Economy Saver,SEA,WEB/APP,2024-12-16,Fri,HAN,2,55.94,89.0,1
2025-02-19,CEB,DOM,MNL HUB,MNLCEB,PR  2853,Y,Economy Value,SEA,TMC,2025-01-31,Wed,MNL,1,171.71,34.0,0
2025-01-17,RXS,DOM,MNL HUB,MNLRXS,PR  2203,Y,Economy Supersaver,DOM,WEB/APP,2024-11-12,Fri,MNL,3,17.95,81.0,1
2025-03-23,CGY,DOM,MNL HUB,MNLCGY,PR  2527,Y,Economy Supersaver,DOM,Traditional Travel Agency,2025-03-07,Sun,MNL,1,32.9,31.0,0
2025-04-11,DVO,DOM,MNL HUB,MNLDVO,PR  1801,Y,Economy Supersaver,SEA,WEB/APP,2025-02-28,Fri,SIN,1,39.99,57.0,0
2025-01-16,BCD,DOM,MNL HUB,BCDMNL,PR  2134,Y,Economy Saver,DOM,Traditional Travel Agency,2025-01-02,Thu,BCD,1,68.54,29.0,0
2025-01-17,DVO,DOM,MNL HUB,DVOMNL,PR  2818,Y,Economy Saver,,Traditional Travel Agency,2024-09-26,Fri,LAX,1,84.23,128.0,0
2025-01-19,DPL,DOM,MNL HUB,DPLMNL,PR  2558,Y,Economy Saver,DOM,Traditional Travel Agency,2025-01-06,Sun,DPL,1,59.38,28.0,0
2025-01-29,LAO,DOM,MNL HUB,LAOMNL,PR  2197,Y,Economy Supersaver,,Contact Center,2024-03-16,Wed,SFO,1,49.11,334.0,0
2025-04-11,RXS,DOM,MNL HUB,MNLRXS,PR  2203,Y,Economy Flex,DOM,WEB/APP,2025-04-06,Fri,MNL,1,132.08,20.0,0
2025-02-12,CEB,DOM,MNL HUB,MNLCEB,PR  2861,Y,Economy Saver,DOM,Traditional Travel Agency,2025-01-15,Wed,CEB,1,69.6,43.0,0
2025-03-01,ILO,DOM,MNL HUB,MNLILO,PR  2143,Y,Economy Saver,,Traditional Travel Agency,2024-12-26,Sat,ILO,2,111.65,80.0,1
2025-02-17,DVO,DOM,MNL HUB,MNLDVO,PR  1809,Y,Economy Flex,AUS,Traditional Travel Agency,2024-12-28,Mon,ICN,3,111.19,66.0,1
2025-04-07,TAC,DOM,MNL HUB,TACMNL,PR  2988,Y,Economy Supersaver,DOM,Traditional Travel Agency,2025-03-25,Mon,TAC,2,69.51,28.0,1
2025-04-10,DRP,DOM,MNL HUB,MNLDRP,PR  2919,Y,Economy Value,DOM,WEB/APP,2025-03-21,Thu,MNL,4,86.38,35.0,1
2025-03-06,PPS,DOM,MNL HUB,MNLPPS,PR  2781,J,Economy Saver,DOM,WEB/APP,2025-02-17,Thu,MNL,1,77.14,32.0,0
2025-01-23,ILO,DOM,MNL HUB,ILOMNL,PR  2140,Y,Economy Supersaver,DOM,Traditional Travel Agency,2024-12-27,Thu,MNL,1,24.65,42.0,0
2025-03-03,DVO,DOM,MNL HUB,DVOMNL,PR  2812,Y,Economy Supersaver,DOM,WEB/APP,2025-02-18,Mon,DVO,2,47.81,28.0,1
2025-02-20,BCD,DOM,MNL HUB,BCDMNL,PR  2134,W,Premium Economy,DOM,Traditional Travel Agency,2025-02-06,Thu,MNL,1,191.1,29.0,0
2025-02-13,ILO,DOM,MNL HUB,ILOMNL,PR  2146,J,Economy Supersaver,DOM,WEB/APP,2024-12-20,Thu,ILO,1,13.69,70.0,0
2025-01-04,LAO,DOM,MNL HUB,LAOMNL,PR  2199,Y,Economy Value,DOM,WEB/APP,2024-12-26,Sat,LAO,3,122.43,24.0,1
2025-03-01,MPH,DOM,MNL HUB,MPHMNL,PR  2046,Y,Economy Saver,Offline,OTA,2024-12-02,Sat,MPH,1,46.07,104.0,0
2025-04-10,DVO,DOM,MNL HUB,MNLDVO,PR  2823,Y,Economy Value,DOM,Ticket Office,2025-04-10,Thu,MNL,1,124.25,15.0,0
2025-03-15,PPS,DOM,MNL HUB,MNLPPS,PR  2785,Y,Economy Supersaver,DOM,WEB/APP,2024-06-11,Sat,MNL,2,23.19,292.0,1
2025-03-26,BCD,DOM,MNL HUB,MNLBCD,PR  2133,Y,Economy Supersaver,Offline,OTA,2025-01-24,Wed,RUH,1,54.78,76.0,0
2025-04-01,CEB,DOM,MNL HUB,CEBMNL,PR  1864,Y,Economy Supersaver,DOM,OTA,2024-09-09,Tue,MNL,7,17.61,219.0,1
2025-03-06,DRP,DOM,MNL HUB,MNLDRP,PR  2923,J,Economy Supersaver,DOM,WEB/APP,2025-02-01,Thu,MNL,2,40.43,48.0,1
2025-04-09,IAO,DOM,MNL HUB,MNLIAO,PR  2973,Y,Economy Flex,DOM,WEB/APP,2025-03-21,Wed,MNL,2,279.81,34.0,1
2025-04-10,CEB,DOM,MNL HUB,CEBMNL,PR  2854,Y,Economy Saver,DOM,WEB/APP,2025-04-07,Thu,CRM,3,81.28,18.0,1
2025-03-31,TAG,DOM,MNL HUB,TAGMNL,PR  2774,Y,Economy Value,DOM,OTA,2025-03-28,Mon,TAG,1,122.5,18.0,0
2025-01-02,CEB,DOM,MNL HUB,MNLCEB,PR  2869,Y,Economy Value,DOM,Traditional Travel Agency,2025-01-01,Thu,MNL,2,77.22,16.0,1
2025-03-21,ILO,DOM,MNL HUB,ILOMNL,PR  2146,Y,Economy Supersaver,DOM,Traditional Travel Agency,2025-01-30,Fri,ILO,2,15.08,65.0,1
2025-03-03,BCD,DOM,MNL HUB,BCDMNL,PR  2134,Y,Economy Flex,DOM,Ticket Office,2025-02-04,Mon,MNL,2,21.95,42.0,1
2025-04-04,CGY,DOM,MNL HUB,CGYMNL,PR  1520,Y,Economy Supersaver,DOM,Ticket Office,2024-10-30,Fri,CGY,1,47.12,171.0,0
2025-04-05,BSO,DOM,MNL HUB,BSOMNL,PR  2933,Y,Economy Flex,DOM,Traditional Travel Agency,2025-03-25,Sat,BSO,1,290.17,26.0,0
2025-04-29,CGY,DOM,MNL HUB,CGYMNL,PR  2530,Y,Economy Saver,DOM,WEB/APP,2025-04-12,Tue,CGY,3,69.08,32.0,1
2025-04-05,CGY,DOM,MNL HUB,MNLCGY,PR  2529,Y,Economy Saver,AUS,OTA,2025-03-01,Sat,BKK,1,72.29,50.0,0
2025-04-07,ZAM,DOM,MNL HUB,ZAMMNL,PR  2954,J,Economy Flex,DOM,Traditional Travel Agency,2025-04-07,Mon,ZAM,1,235.82,15.0,0
2025-03-25,DRP,DOM,MNL HUB,DRPMNL,PR  2922,Y,Economy Supersaver,DOM,WEB/APP,2025-02-04,Tue,DRP,4,19.32,64.0,1
2025-04-07,ZAM,DOM,MNL HUB,ZAMMNL,PR  2994,Y,Economy Supersaver,DOM,Traditional Travel Agency,2025-02-11,Mon,ZAM,2,35.81,70.0,1
2025-04-12,TAC,DOM,MNL HUB,TACMNL,PR  2986,Y,Economy Value,DOM,Contact Center,2025-03-23,Sat,TAC,3,146.02,35.0,1
2025-01-16,ILO,DOM,MNL HUB,ILOMNL,PR  2146,Y,Economy Supersaver,DOM,Traditional Travel Agency,2025-01-07,Thu,MNL,1,29.07,24.0,0
2025-04-04,IAO,DOM,MNL HUB,MNLIAO,PR  2973,Y,Economy Supersaver,DOM,Contact Center,2024-09-06,Fri,DRP,3,21.46,225.0,1
2025-03-14,TUG,DOM,MNL HUB,TUGMNL,PR  2015,Y,Economy Supersaver,DOM,Traditional Travel Agency,2025-02-26,Fri,TUG,1,35.65,31.0,0
2025-03-19,BXU,DOM,MNL HUB,MNLBXU,PR  2938,Y,Economy Flex,DOM,WEB/APP,2025-03-17,Wed,MNL,3,150.12,17.0,1
2025-02-20,CEB,DOM,MNL HUB,MNLCEB,PR  2857,J,Economy Saver,DOM,WEB/APP,2025-02-17,Thu,CEB,4,83.03,18.0,1
2025-02-13,MPH,DOM,MNL HUB,MPHMNL,PR  2048,Y,Economy Value,DOM,Traditional Travel Agency,2025-02-03,Thu,MPH,2,98.3,25.0,1
2025-02-19,CGY,DOM,MNL HUB,MNLCGY,PR  2521,Y,Economy Value,DOM,WEB/APP,2025-02-09,Wed,MNL,1,86.01,25.0,0
2025-01-04,ILO,DOM,MNL HUB,ILOMNL,PR  2148,Y,Economy Supersaver,DOM,Traditional Travel Agency,2024-07-09,Sat,MNL,1,36.61,194.0,0
2025-03-28,MPH,DOM,MNL HUB,MPHMNL,PR  2048,J,Economy Flex,DOM,WEB/APP,2025-03-26,Fri,MPH,1,180.74,17.0,0
2025-03-19,DVO,DOM,MNL HUB,DVOMNL,PR  2818,J,Economy Value,DOM,WEB/APP,2025-03-14,Wed,DVO,1,121.03,20.0,0
2025-01-20,CEB,DOM,MNL HUB,CEBMNL,PR  1862,Y,Economy Value,,OTA,2024-12-19,Mon,LAX,1,72.77,47.0,0
2025-01-11,CEB,DOM,MNL HUB,MNLCEB,PR  2849,J,Economy Value,DOM,Ticket Office,2025-01-10,Sat,MNL,2,115.59,16.0,1
2025-04-10,CBO,DOM,MNL HUB,CBOMNL,PR  2960,J,Economy Value,DOM,WEB/APP,2025-03-25,Thu,CBO,1,92.37,31.0,0
2025-02-03,DRP,DOM,MNL HUB,DRPMNL,PR  2920,Y,Economy Saver,DOM,WEB/APP,2024-12-31,Mon,SIN,2,41.83,49.0,1
2025-01-21,CEB,DOM,MNL HUB,MNLCEB,PR  2835,Y,Economy Supersaver,DOM,WEB/APP,2025-01-15,Tue,MNL,4,36.78,21.0,1
2025-03-09,CEB,DOM,MNL HUB,MNLCEB,PR  1841,Y,Economy Supersaver,DOM,WEB/APP,2025-02-12,Sun,LAO,1,21.67,40.0,0
2025-04-23,CEB,DOM,MNL HUB,CEBMNL,PR  2846,Y,Economy Value,DOM,WEB/APP,2025-03-19,Wed,IAO,2,96.71,50.0,1
2025-01-20,OZC,DOM,MNL HUB,OZCMNL,PR  2890,Y,Economy Supersaver,DOM,Traditional Travel Agency,2024-12-16,Mon,OZC,2,35.62,50.0,1
2025-04-09,GES,DOM,MNL HUB,GESMNL,PR  454,J,Business Flex,DOM,Ticket Office,2025-03-21,Wed,GES,3,143.87,34.0,1
2025-03-24,BXU,DOM,MNL HUB,BXUMNL,PR  2942,Y,Economy Flex,DOM,WEB/APP,2025-03-22,Mon,BXU,4,150.32,17.0,1
2025-01-17,CGY,DOM,MNL HUB,CGYMNL,PR  2528,Y,Economy Supersaver,DOM,WEB/APP,2024-09-17,Fri,MNL,1,31.79,137.0,0
2025-04-21,ILO,DOM,MNL HUB,ILOMNL,PR  2144,Y,Economy Value,DOM,Contact Center,2025-02-16,Mon,MNL,1,86.98,79.0,0
2025-04-21,CEB,DOM,MNL HUB,MNLCEB,PR  2867,Y,Economy Value,DOM,WEB/APP,2025-03-10,Mon,CEB,1,110.75,57.0,0
2025-04-21,ILO,DOM,MNL HUB,MNLILO,PR  2147,Y,Economy Supersaver,DOM,OTA,2025-01-10,Mon,MNL,2,31.09,116.0,1
2025-04-05,BCD,DOM,MNL HUB,BCDMNL,PR  2136,J,Economy Saver,,Traditional Travel Agency,2025-03-26,Sat,BCD,3,60.75,25.0,1
2025-03-13,DVO,DOM,MNL HUB,MNLDVO,PR  2815,J,Economy Supersaver,DOM,Traditional Travel Agency,2025-03-02,Thu,MNL,6,53.12,26.0,1
2025-03-08,ILO,DOM,MNL HUB,MNLILO,PR  2141,Y,Economy Supersaver,,OTA,2025-02-26,Sat,YXE,1,36.31,25.0,0
2025-01-30,BCD,DOM,MNL HUB,BCDMNL,PR  2138,Y,Economy Saver,DOM,WEB/APP,2025-01-27,Thu,BCD,5,61.22,18.0,1
2025-02-05,ILO,DOM,MNL HUB,ILOMNL,PR  2148,Y,Economy Supersaver,DOM,Ticket Office,2025-01-16,Wed,ILO,1,14.23,35.0,0
2025-02-19,KLO,DOM,MNL HUB,KLOMNL,PR  2970,J,Economy Supersaver,DOM,Traditional Travel Agency,2025-01-27,Wed,KLO,2,20.85,38.0,1
2025-04-02,CEB,DOM,MNL HUB,MNLCEB,PR  2845,Y,Economy Supersaver,DOM,OTA,2025-03-16,Wed,MNL,2,43.42,32.0,1
2025-01-31,TAC,DOM,MNL HUB,TACMNL,PR  2982,Y,Economy Value,DOM,Contact Center,2025-01-16,Fri,TAC,1,125.23,30.0,0
2025-02-14,DPL,DOM,MNL HUB,MNLDPL,PR  2557,Y,Economy Value,DOM,WEB/APP,2025-02-01,Fri,MNL,1,80.67,28.0,0
2025-03-28,ILO,DOM,MNL HUB,ILOMNL,PR  2140,Y,Economy Saver,DOM,Traditional Travel Agency,2025-03-21,Fri,MNL,1,78.9,22.0,0
2025-01-15,BCD,DOM,MNL HUB,BCDMNL,PR  2130,Y,Economy Supersaver,DOM,Traditional Travel Agency,2025-01-08,Wed,BCD,1,37.23,22.0,0
2025-03-28,CBO,DOM,MNL HUB,CBOMNL,PR  2960,Y,Economy Saver,DOM,WEB/APP,2025-02-28,Fri,MNL,2,58.83,43.0,1
2025-04-06,CGY,DOM,MNL HUB,MNLCGY,PR  1519,Y,Economy Flex,Offline,Traditional Travel Agency,2025-03-26,Sun,TNR,1,191.1,26.0,0
2025-04-05,PPS,DOM,MNL HUB,PPSMNL,PR  2782,Y,Economy Saver,DOM,Traditional Travel Agency,2025-04-03,Sat,PPS,1,79.66,17.0,0
2025-01-24,DPL,DOM,MNL HUB,MNLDPL,PR  2557,Y,Economy Saver,DOM,WEB/APP,2025-01-10,Fri,MNL,5,67.93,29.0,1
2025-04-04,CGY,DOM,MNL HUB,CGYMNL,PR  2526,Y,Economy Saver,DOM,WEB/APP,2025-03-02,Fri,CGY,1,58.74,48.0,0
2025-03-18,CEB,DOM,MNL HUB,MNLCEB,PR  2857,J,Economy Value,DOM,WEB/APP,2025-03-18,Tue,MNL,1,94.15,15.0,0
2025-02-21,CEB,DOM,MNL HUB,CEBMNL,PR  1842,Y,Economy Saver,ME,Traditional Travel Agency,2024-10-17,Fri,RUH,1,56.52,142.0,0
2025-02-25,CEB,DOM,MNL HUB,MNLCEB,PR  2859,Y,Economy Saver,DOM,Sea Crew,2025-02-14,Tue,CEB,1,59.69,26.0,0
2025-01-23,DVO,DOM,MNL HUB,DVOMNL,PR  2818,Y,Economy Value,DOM,Traditional Travel Agency,2025-01-20,Thu,DVO,1,134.15,18.0,0
2025-04-25,DVO,DOM,MNL HUB,MNLDVO,PR  2811,J,Economy Supersaver,DOM,WEB/APP,2025-03-13,Fri,MNL,1,46.92,58.0,0
2025-04-01,PPS,DOM,MNL HUB,MNLPPS,PR  2787,Y,Economy Flex,G.CN,Traditional Travel Agency,2025-03-13,Tue,TPE,1,119.63,34.0,0
2025-03-04,CGY,DOM,MNL HUB,MNLCGY,PR  2529,J,Economy Supersaver,DOM,Traditional Travel Agency,2025-01-26,Tue,MNL,2,24.31,52.0,1
2025-01-17,MPH,DOM,MNL HUB,MPHMNL,PR  2042,Y,Economy Value,,TMC,2025-01-06,Fri,MNL,1,152.85,26.0,0
2025-03-31,DVO,DOM,MNL HUB,DVOMNL,PR  1804,Y,Economy Supersaver,DOM,Ticket Office,2025-03-22,Mon,DVO,9,50.13,24.0,1
2025-02-11,CBO,DOM,MNL HUB,CBOMNL,PR  2958,Y,Economy Saver,DOM,Ticket Office,2025-01-24,Tue,MNL,1,76.69,33.0,0
2025-03-27,ILO,DOM,MNL HUB,MNLILO,PR  2141,J,Economy Value,,Traditional Travel Agency,2025-03-16,Thu,LAX,1,51.44,26.0,0
2025-01-29,CEB,DOM,MNL HUB,MNLCEB,PR  2857,J,Business Flex,DOM,Ticket Office,2025-01-17,Wed,MNL,2,36.57,27.0,1
2025-04-04,PPS,DOM,MNL HUB,PPSMNL,PR  2780,Y,Economy Saver,DOM,WEB/APP,2025-03-19,Fri,PPS,3,68.59,31.0,1
2025-04-08,TAG,DOM,MNL HUB,TAGMNL,PR  2776,Y,Economy Saver,G.CN,OTA,2025-03-07,Tue,TPE,4,58.35,47.0,1
2025-01-28,TAG,DOM,MNL HUB,MNLTAG,PR  2777,Y,Economy Saver,DOM,WEB/APP,2024-12-11,Tue,MNL,2,65.61,63.0,1
2025-03-16,DVO,DOM,MNL HUB,DVOMNL,PR  2814,Y,Economy Saver,DOM,Ticket Office,2025-03-04,Sun,MNL,4,75.63,27.0,1
2025-03-15,DVO,DOM,MNL HUB,DVOMNL,PR  2808,Y,Economy Saver,DOM,WEB/APP,2025-03-12,Sat,MNL,1,73.55,18.0,0
2025-04-12,CGY,DOM,MNL HUB,CGYMNL,PR  2530,Y,Economy Supersaver,DOM,OTA,2025-04-02,Sat,CGY,2,33.78,25.0,1
2025-03-31,BCD,DOM,MNL HUB,MNLBCD,PR  2135,Y,Economy Supersaver,DOM,Traditional Travel Agency,2025-02-13,Mon,BCD,1,23.77,61.0,0
2025-04-21,PPS,DOM,MNL HUB,MNLPPS,PR  2779,Y,Economy Saver,DOM,OTA,2025-03-20,Mon,MNL,2,69.05,47.0,1
2025-02-08,GES,DOM,MNL HUB,GESMNL,PR  454,J,Economy Value,DOM,Traditional Travel Agency,2025-02-03,Sat,CEB,1,101.72,20.0,0
2025-03-07,CEB,DOM,MNL HUB,MNLCEB,PR  2859,J,Economy Supersaver,DOM,Traditional Travel Agency,2025-02-15,Fri,MNL,2,48.97,35.0,1
2025-03-23,CEB,DOM,MNL HUB,MNLCEB,PR  2853,Y,Economy Saver,DOM,WEB/APP,2025-03-08,Sun,MNL,1,59.88,30.0,0
2025-01-18,MPH,DOM,MNL HUB,MPHMNL,PR  2046,Y,Economy Saver,DOM,Traditional Travel Agency,2024-11-25,Sat,MPH,1,78.95,69.0,0
2025-01-28,CEB,DOM,MNL HUB,MNLCEB,PR  1845,Y,Economy Value,DOM,Contact Center,2025-01-15,Tue,MNL,1,91.66,28.0,0
2025-02-14,LAO,DOM,MNL HUB,LAOMNL,PR  2197,Y,Economy Value,,Traditional Travel Agency,2024-08-08,Fri,HNL,2,69.63,205.0,1
2025-01-18,BCD,DOM,MNL HUB,MNLBCD,PR  2135,Y,Economy Flex,Offline,OTA,2024-11-27,Sat,HND,3,65.0,67.0,1
2025-04-04,DVO,DOM,MNL HUB,MNLDVO,PR  1809,Y,Economy Supersaver,DOM,OTA,2025-03-10,Fri,MNL,8,30.15,40.0,1
2025-04-02,CGY,DOM,MNL HUB,CGYMNL,PR  1520,Y,Economy Flex,DOM,Corporate Web Portal,2025-03-18,Wed,CGY,1,167.53,30.0,0
2025-04-06,PPS,DOM,MNL HUB,PPSMNL,PR  2782,Y,Economy Saver,DOM,WEB/APP,2025-03-04,Sun,MNL,2,84.67,48.0,1
2025-03-30,DVO,DOM,MNL HUB,MNLDVO,PR  1803,Y,Economy Supersaver,DOM,Traditional Travel Agency,2025-03-03,Sun,DVO,1,26.67,42.0,0
2025-04-04,ZAM,DOM,MNL HUB,ZAMMNL,PR  2998,Y,Economy Flex,DOM,Corporate Web Portal,2025-03-14,Fri,DVO,1,244.04,36.0,0
2025-02-10,ILO,DOM,MNL HUB,ILOMNL,PR  2142,Y,Economy Saver,DOM,WEB/APP,2024-12-16,Mon,MNL,1,80.79,71.0,0
2025-02-02,DRP,DOM,MNL HUB,DRPMNL,PR  2920,Y,Economy Value,DOM,WEB/APP,2025-01-28,Sun,DRP,4,85.98,20.0,1
2025-02-02,CYZ,DOM,MNL HUB,MNLCYZ,PR  2018,Y,Economy Supersaver,DOM,Traditional Travel Agency,2024-11-28,Sun,MNL,1,33.54,81.0,0
2025-02-28,PPS,DOM,MNL HUB,PPSMNL,PR  2786,Y,Economy Saver,DOM,Traditional Travel Agency,2024-12-14,Fri,PPS,4,61.82,91.0,1
2025-03-09,CEB,DOM,MNL HUB,CEBMNL,PR  2850,J,Business Flex,DOM,Contact Center,2025-01-14,Sun,MNL,1,302.6,69.0,0
2025-04-07,CEB,DOM,MNL HUB,CEBMNL,PR  2846,Y,Economy Saver,DOM,Traditional Travel Agency,2025-03-31,Mon,CEB,1,86.3,22.0,0
2025-02-14,BCD,DOM,MNL HUB,MNLBCD,PR  2131,Y,Economy Supersaver,DOM,WEB/APP,2024-11-20,Fri,MNL,3,22.62,101.0,1
2025-04-26,ILO,DOM,MNL HUB,ILOMNL,PR  2146,W,Premium Economy,DOM,Traditional Travel Agency,2025-04-23,Sat,MNL,1,207.12,18.0,0
2025-03-27,DVO,DOM,MNL HUB,DVOMNL,PR  2822,Y,Economy Saver,,Traditional Travel Agency,2025-01-27,Thu,KWI,1,130.0,74.0,0
2025-02-20,CGY,DOM,MNL HUB,MNLCGY,PR  2525,Y,Economy Value,Offline,Traditional Travel Agency,2025-01-24,Thu,MNL,1,162.27,42.0,0
2025-03-08,CEB,DOM,MNL HUB,MNLCEB,PR  1841,Y,Economy Value,DOM,Contact Center,2025-02-07,Sat,MNL,2,93.77,44.0,1
2025-03-26,CEB,DOM,MNL HUB,MNLCEB,PR  2851,Y,Economy Supersaver,DOM,OTA,2024-12-11,Wed,MNL,3,18.1,120.0,1
2025-04-01,MPH,DOM,MNL HUB,MPHMNL,PR  2048,W,Premium Economy,DOM,WEB/APP,2025-03-18,Tue,MPH,1,296.63,29.0,0
2025-02-19,PPS,DOM,MNL HUB,MNLPPS,PR  2785,Y,Economy Saver,SEA,GSA/DSA,2025-02-12,Wed,DPS,1,79.05,22.0,0
2025-01-19,DVO,DOM,MNL HUB,DVOMNL,PR  1806,Y,Economy Saver,DOM,Contact Center,2024-11-28,Sun,MNL,2,86.17,67.0,1
2025-02-01,DVO,DOM,MNL HUB,MNLDVO,PR  1809,Y,Economy Saver,DOM,WEB/APP,2025-01-17,Sat,MNL,1,46.52,30.0,0
2025-04-06,TAC,DOM,MNL HUB,TACMNL,PR  2988,Y,Economy Supersaver,DOM,WEB/APP,2025-03-18,Sun,TAC,1,64.84,34.0,0
2025-04-11,PPS,DOM,MNL HUB,MNLPPS,PR  2787,Y,Economy Saver,DOM,Corporate Web Portal,2025-04-04,Fri,PPS,1,72.86,22.0,0
2025-04-12,MPH,DOM,MNL HUB,MPHMNL,PR  2042,Y,Economy Saver,DOM,WEB/APP,2025-03-03,Sat,MPH,1,109.87,55.0,0
2025-01-09,DVO,DOM,MNL HUB,DVOMNL,PR  1806,Y,Economy Supersaver,DOM,Contact Center,2024-08-10,Thu,MNL,1,51.32,167.0,0
2025-01-21,RXS,DOM,MNL HUB,RXSMNL,PR  2204,Y,Economy Saver,SEA,WEB/APP,2024-11-13,Tue,KUL,1,54.04,84.0,0
2025-01-28,OZC,DOM,MNL HUB,MNLOZC,PR  2889,Y,Economy Saver,DOM,WEB/APP,2025-01-20,Tue,MNL,3,76.73,23.0,1
2025-01-21,DVO,DOM,MNL HUB,DVOMNL,PR  1806,Y,Economy Supersaver,DOM,WEB/APP,2024-11-30,Tue,MNL,1,33.65,67.0,0
2025-04-12,OZC,DOM,MNL HUB,OZCMNL,PR  2890,Y,Economy Supersaver,DOM,OTA,2025-01-19,Sat,OZC,1,25.84,98.0,0
2025-01-30,TAG,DOM,MNL HUB,TAGMNL,PR  2778,Y,Economy Supersaver,DOM,Traditional Travel Agency,2025-01-17,Thu,TAG,2,54.69,28.0,1
2025-03-10,BCD,DOM,MNL HUB,MNLBCD,PR  2137,Y,Economy Supersaver,DOM,Traditional Travel Agency,2025-01-26,Mon,MNL,2,17.44,58.0,1
2025-01-31,MPH,DOM,MNL HUB,MPHMNL,PR  2046,Y,Economy Supersaver,DOM,WEB/APP,2024-06-12,Fri,MNL,7,34.84,248.0,1
2025-03-25,DGT,DOM,MNL HUB,DGTMNL,PR  2544,J,Economy Supersaver,DOM,WEB/APP,2025-01-07,Tue,MNL,2,25.03,92.0,1
2025-04-11,BXU,DOM,MNL HUB,BXUMNL,PR  2968,Y,Economy Saver,DOM,Traditional Travel Agency,2025-04-06,Fri,MNL,1,83.51,20.0,0
2025-03-13,CGY,DOM,MNL HUB,MNLCGY,PR  2527,Y,Economy Supersaver,DOM,Traditional Travel Agency,2024-12-12,Thu,MNL,1,25.9,106.0,0
2025-04-26,USU,DOM,MNL HUB,USUMNL,PR  2964,J,Economy Flex,DOM,WEB/APP,2025-03-08,Sat,USU,4,287.19,64.0,1
2025-04-30,CEB,DOM,MNL HUB,CEBMNL,PR  2854,J,Business Flex,DOM,Ticket Office,2025-04-25,Wed,MNL,2,31.46,20.0,1
2025-03-04,CBO,DOM,MNL HUB,CBOMNL,PR  2958,Y,Economy Saver,DOM,Traditional Travel Agency,2025-02-16,Tue,CBO,1,70.69,31.0,0
2025-02-28,PPS,DOM,MNL HUB,PPSMNL,PR  2786,Y,Economy Flex,DOM,WEB/APP,2025-02-24,Fri,MNL,2,204.24,19.0,1
2025-02-04,DVO,DOM,MNL HUB,DVOMNL,PR  2816,Y,Economy Saver,DOM,Ticket Office,2025-01-15,Tue,MNL,1,71.06,35.0,0
2025-04-22,DVO,DOM,MNL HUB,MNLDVO,PR  1803,Y,Economy Value,DOM,WEB/APP,2025-03-14,Tue,MNL,6,96.21,54.0,1
2025-03-01,CEB,DOM,MNL HUB,CEBMNL,PR  2868,Y,Economy Saver,,Sea Crew,2024-10-03,Sat,CEB,1,80.34,164.0,0
2025-04-30,ILO,DOM,MNL HUB,MNLILO,PR  2145,Y,Economy Supersaver,G.CN,Traditional Travel Agency,2024-12-10,Wed,ILO,2,24.25,156.0,1
2025-02-16,ZAM,DOM,MNL HUB,MNLZAM,PR  2949,J,Economy Supersaver,DOM,Traditional Travel Agency,2025-01-26,Sun,MNL,1,38.68,36.0,0
2025-01-28,BXU,DOM,MNL HUB,BXUMNL,PR  2939,Y,Economy Saver,DOM,Traditional Travel Agency,2025-01-22,Tue,BXU,6,74.53,21.0,1
2025-04-29,RXS,DOM,MNL HUB,MNLRXS,PR  2203,Y,Economy Supersaver,DOM,OTA,2025-01-05,Tue,MNL,4,16.92,129.0,1
2025-04-21,CEB,DOM,MNL HUB,CEBMNL,PR  2850,Y,Economy Flex,DOM,WEB/APP,2025-04-18,Mon,MNL,1,190.54,18.0,0
2025-03-24,DVO,DOM,MNL HUB,MNLDVO,PR  2815,J,Economy Saver,ME,Traditional Travel Agency,2025-03-16,Mon,GIZ,1,49.23,23.0,0
2025-01-09,ILO,DOM,MNL HUB,MNLILO,PR  2145,J,Economy Saver,DOM,Traditional Travel Agency,2024-12-15,Thu,NRT,1,52.47,40.0,0
2025-01-29,DPL,DOM,MNL HUB,MNLDPL,PR  2557,J,Economy Value,DOM,Traditional Travel Agency,2025-01-22,Wed,MNL,2,81.65,22.0,1
2025-01-10,CEB,DOM,MNL HUB,MNLCEB,PR  2859,Y,Economy Supersaver,DOM,WEB/APP,2025-01-02,Fri,CEB,1,61.59,23.0,0
2025-02-07,MPH,DOM,MNL HUB,MPHMNL,PR  2042,J,Economy Value,AUS,Traditional Travel Agency,2024-05-18,Fri,MEL,2,153.52,280.0,1
2025-01-24,BCD,DOM,MNL HUB,BCDMNL,PR  2134,Y,Economy Value,G.CN,TMC,2025-01-13,Fri,MNL,1,125.36,26.0,0
2025-02-13,CGY,DOM,MNL HUB,CGYMNL,PR  2528,Y,Economy Saver,DOM,Traditional Travel Agency,2025-02-01,Thu,CGY,1,68.92,27.0,0
2025-02-22,DVO,DOM,MNL HUB,MNLDVO,PR  2817,Y,Economy Value,DOM,Traditional Travel Agency,2025-01-28,Sat,DVO,1,92.1,40.0,0
2025-03-02,ZAM,DOM,MNL HUB,MNLZAM,PR  2949,Y,Economy Saver,AUS,WEB/APP,2025-02-09,Sun,SYD,1,68.94,36.0,0
2025-01-24,ILO,DOM,MNL HUB,MNLILO,PR  2147,Y,Economy Saver,DOM,WEB/APP,2025-01-15,Fri,ILO,1,70.21,24.0,0
2025-04-29,TAG,DOM,MNL HUB,MNLTAG,PR  2777,Y,Economy Saver,AUS,Traditional Travel Agency,2025-03-31,Tue,MNL,2,117.23,44.0,1
2025-01-20,MPH,DOM,MNL HUB,MPHMNL,PR  2040,Y,Economy Saver,DOM,WEB/APP,2025-01-14,Mon,MNL,2,88.36,21.0,1
2025-01-27,ZAM,DOM,MNL HUB,MNLZAM,PR  2993,J,Economy Supersaver,DOM,WEB/APP,2025-01-07,Mon,ZAM,1,43.08,35.0,0
2025-04-10,CEB,DOM,MNL HUB,MNLCEB,PR  2869,Y,Economy Supersaver,DOM,WEB/APP,2025-02-28,Thu,MNL,1,13.9,56.0,0
2025-01-20,DPL,DOM,MNL HUB,DPLMNL,PR  2558,W,Premium Economy,DOM,Traditional Travel Agency,2025-01-17,Mon,DPL,1,241.43,18.0,0
2025-04-23,ZAM,DOM,MNL HUB,MNLZAM,PR  2997,Y,Economy Saver,DOM,WEB/APP,2025-03-31,Wed,MNL,2,72.12,38.0,1
2025-02-15,CGY,DOM,MNL HUB,CGYMNL,PR  2526,Y,Economy Saver,DOM,WEB/APP,2025-01-30,Sat,CGY,3,56.93,31.0,1
2025-03-26,PPS,DOM,MNL HUB,MNLPPS,PR  2779,Y,Economy Supersaver,DOM,OTA,2025-02-12,Wed,MNL,1,20.51,57.0,0
2025-04-09,ILO,DOM,MNL HUB,MNLILO,PR  2139,Y,Economy Saver,G.CN,WEB/APP,2025-03-15,Wed,HKG,1,44.89,40.0,0
2025-01-21,ILO,DOM,MNL HUB,ILOMNL,PR  2148,Y,Economy Saver,DOM,WEB/APP,2025-01-18,Tue,ILO,2,57.01,18.0,1
2025-02-19,ZAM,DOM,MNL HUB,MNLZAM,PR  2993,W,Premium Economy,DOM,WEB/APP,2025-02-18,Wed,MNL,3,264.13,16.0,1
2025-04-26,BCD,DOM,MNL HUB,MNLBCD,PR  2131,Y,Economy Supersaver,DOM,Traditional Travel Agency,2025-02-28,Sat,MNL,3,30.41,72.0,1
2025-02-21,ZAM,DOM,MNL HUB,MNLZAM,PR  2993,Y,Economy Value,DOM,WEB/APP,2025-02-12,Fri,MNL,1,88.31,24.0,0
2025-04-02,CEB,DOM,MNL HUB,MNLCEB,PR  1851,J,Economy Value,DOM,WEB/APP,2025-03-19,Wed,MNL,1,97.28,29.0,0
2025-01-21,GES,DOM,MNL HUB,GESMNL,PR  2456,J,Economy Value,DOM,Traditional Travel Agency,2025-01-17,Tue,GES,1,115.2,19.0,0
2025-02-19,MPH,DOM,MNL HUB,MNLMPH,PR  2037,Y,Economy Value,DOM,WEB/APP,2025-01-14,Wed,PPS,2,57.76,51.0,1
2025-02-12,BXU,DOM,MNL HUB,BXUMNL,PR  2939,Y,Economy Supersaver,DOM,WEB/APP,2024-12-06,Wed,MNL,1,23.91,83.0,0
2025-04-02,TAC,DOM,MNL HUB,TACMNL,PR  2986,Y,Economy Supersaver,DOM,WEB/APP,2025-02-13,Wed,MNL,1,24.91,63.0,0
2025-04-06,CBO,DOM,MNL HUB,MNLCBO,PR  2957,Y,Economy Supersaver,ME,Traditional Travel Agency,2025-02-02,Sun,RUH,1,83.2,78.0,0
2025-02-16,CEB,DOM,MNL HUB,CEBMNL,PR  2854,W,Premium Economy,DOM,WEB/APP,2025-02-16,Sun,CEB,2,240.37,15.0,1
2025-01-16,CEB,DOM,MNL HUB,CEBMNL,PR  2854,Y,Economy Value,DOM,WEB/APP,2025-01-10,Thu,CEB,3,121.45,21.0,1
2025-01-20,RXS,DOM,MNL HUB,MNLRXS,PR  2203,J,Economy Supersaver,DOM,Traditional Travel Agency,2024-12-03,Mon,MNL,1,18.18,63.0,0
2025-01-01,CGY,DOM,MNL HUB,MNLCGY,PR  2521,J,Economy Saver,DOM,WEB/APP,2024-12-17,Wed,MNL,2,67.09,30.0,1
2025-01-21,CBO,DOM,MNL HUB,MNLCBO,PR  2957,Y,Economy Saver,DOM,Traditional Travel Agency,2024-12-24,Tue,MNL,1,61.47,43.0,0
2025-03-08,CEB,DOM,MNL HUB,CEBMNL,PR  2880,Y,Economy Supersaver,DOM,Traditional Travel Agency,2025-03-06,Sat,CEB,1,54.68,17.0,0
2025-01-01,DVO,DOM,MNL HUB,MNLDVO,PR  2819,Y,Economy Supersaver,DOM,WEB/APP,2024-02-15,Wed,DVO,3,30.42,336.0,1
2025-03-15,DRP,DOM,MNL HUB,DRPMNL,PR  2924,Y,Economy Supersaver,DOM,Traditional Travel Agency,2025-02-10,Sat,DRP,3,40.4,48.0,1
2025-02-14,MPH,DOM,MNL HUB,MNLMPH,PR  2045,Y,Economy Supersaver,DOM,Traditional Travel Agency,2024-07-12,Fri,MNL,2,110.3,232.0,1
2025-01-01,CGY,DOM,MNL HUB,CGYMNL,PR  2526,Y,Economy Value,DOM,Traditional Travel Agency,2024-11-29,Wed,MNL,5,88.87,48.0,1
2025-03-18,CGY,DOM,MNL HUB,CGYMNL,PR  2522,Y,Economy Value,DOM,WEB/APP,2025-02-09,Tue,CGY,1,91.78,52.0,0
2025-03-22,CEB,DOM,MNL HUB,CEBMNL,PR  2854,Y,Economy Value,DOM,Contact Center,2025-02-26,Sat,MNL,1,121.99,39.0,0
2025-04-27,ILO,DOM,MNL HUB,MNLILO,PR  2143,Y,Economy Saver,DOM,WEB/APP,2025-04-06,Sun,ILO,1,75.7,36.0,0
2025-03-02,TUG,DOM,MNL HUB,MNLTUG,PR  2014,Y,Economy Saver,Offline,OTA,2025-02-24,Sun,DOH,1,50.9,21.0,0
2025-02-10,CEB,DOM,MNL HUB,MNLCEB,PR  1861,Y,Economy Supersaver,DOM,Traditional Travel Agency,2025-01-30,Mon,MNL,1,37.29,26.0,0
2025-03-25,BXU,DOM,MNL HUB,MNLBXU,PR  2938,Y,Economy Flex,G.CN,OTA,2025-03-25,Tue,MNL,2,238.85,15.0,1
2025-03-05,DVO,DOM,MNL HUB,DVOMNL,PR  2822,Y,Economy Flex,DOM,Ticket Office,2024-12-10,Wed,DVO,2,260.49,100.0,1
2025-04-05,CEB,DOM,MNL HUB,MNLCEB,PR  1841,Y,Economy Supersaver,DOM,WEB/APP,2024-06-05,Sat,MNL,15,17.37,319.0,1
2025-01-05,BCD,DOM,MNL HUB,BCDMNL,PR  2132,Y,Economy Flex,DOM,WEB/APP,2025-01-04,Sun,BCD,4,181.14,16.0,1
2025-04-09,ILO,DOM,MNL HUB,MNLILO,PR  2147,Y,Economy Value,DOM,Traditional Travel Agency,2025-02-23,Wed,ILO,5,88.23,60.0,1
2025-04-25,CBO,DOM,MNL HUB,CBOMNL,PR  2960,Y,Economy Supersaver,DOM,Contact Center,2025-01-14,Fri,CBO,2,28.0,116.0,1
2025-04-06,TAG,DOM,MNL HUB,TAGMNL,PR  2772,Y,Economy Saver,Offline,Traditional Travel Agency,2025-01-06,Sun,MNL,2,104.2,105.0,1
2025-03-29,DRP,DOM,MNL HUB,DRPMNL,PR  2920,J,Economy Saver,DOM,Ticket Office,2025-03-13,Sat,MNL,1,63.28,31.0,0
2025-04-10,IAO,DOM,MNL HUB,IAOMNL,PR  2974,J,Economy Saver,,Traditional Travel Agency,2025-04-07,Thu,IAO,2,193.13,18.0,1
2025-01-05,BCD,DOM,MNL HUB,BCDMNL,PR  2130,Y,Economy Flex,ME,Traditional Travel Agency,2024-08-12,Sun,DXB,1,104.4,161.0,0
2025-04-06,BCD,DOM,MNL HUB,BCDMNL,PR  2132,W,Premium Economy,DOM,Ticket Office,2024-07-29,Sun,MNL,1,108.88,266.0,0
2025-01-04,TAC,DOM,MNL HUB,TACMNL,PR  2988,Y,Economy Value,DOM,WEB/APP,2024-11-18,Sat,MNL,2,114.58,62.0,1
2025-04-07,MPH,DOM,MNL HUB,MNLMPH,PR  2041,J,Economy Saver,,OTA,2025-03-31,Mon,MNL,1,118.86,22.0,0
2025-04-29,CEB,DOM,MNL HUB,CEBMNL,PR  1846,Y,Economy Supersaver,DOM,Traditional Travel Agency,2025-04-16,Tue,CEB,1,62.83,28.0,0
2025-03-10,DVO,DOM,MNL HUB,MNLDVO,PR  1809,Y,Economy Supersaver,DOM,Contact Center,2025-02-24,Mon,DVO,1,34.6,29.0,0
2025-03-25,PPS,DOM,MNL HUB,MNLPPS,PR  2787,W,Premium Economy,DOM,WEB/APP,2025-03-19,Tue,PPS,2,142.34,21.0,1
2025-04-11,TAC,DOM,MNL HUB,TACMNL,PR  2982,Y,Economy Flex,DOM,Corporate Web Portal,2025-04-08,Fri,TAC,6,148.48,18.0,1
2025-01-13,TUG,DOM,MNL HUB,MNLTUG,PR  2014,Y,Economy Value,,OTA,2024-11-08,Mon,YYZ,1,51.14,81.0,0
2025-01-27,DGT,DOM,MNL HUB,DGTMNL,PR  4544,Y,Economy Flex,DOM,WEB/APP,2025-01-23,Mon,DGT,2,166.09,19.0,1
2025-03-07,CEB,DOM,MNL HUB,CEBMNL,PR  2860,Y,Economy Saver,Offline,OTA,2024-10-16,Fri,CEB,2,49.66,157.0,1
2025-02-14,TAG,DOM,MNL HUB,TAGMNL,PR  2774,Y,Economy Saver,DOM,Traditional Travel Agency,2025-02-12,Fri,TAG,3,67.46,17.0,1
2025-01-09,DRP,DOM,MNL HUB,DRPMNL,PR  2922,Y,Economy Saver,DOM,Ticket Office,2024-12-23,Thu,DRP,1,76.61,32.0,0
2025-02-24,BXU,DOM,MNL HUB,BXUMNL,PR  2968,Y,Economy Supersaver,DOM,WEB/APP,2025-02-09,Mon,BXU,2,41.8,30.0,1
2025-04-12,CGY,DOM,MNL HUB,CGYMNL,PR  2522,Y,Economy Value,DOM,Traditional Travel Agency,2025-03-24,Sat,CGY,1,116.15,34.0,0
2025-02-27,CEB,DOM,MNL HUB,MNLCEB,PR  2859,J,Economy Supersaver,DOM,Traditional Travel Agency,2024-11-30,Thu,MNL,3,14.43,104.0,1
2025-04-04,CGY,DOM,MNL HUB,MNLCGY,PR  2529,Y,Economy Value,DOM,Traditional Travel Agency,2025-03-10,Fri,CGY,4,88.35,40.0,1
2025-04-07,OZC,DOM,MNL HUB,MNLOZC,PR  2889,Y,Economy Saver,DOM,WEB/APP,2025-03-24,Mon,MNL,1,87.12,29.0,0
2025-02-17,BXU,DOM,MNL HUB,MNLBXU,PR  2967,Y,Economy Value,DOM,Traditional Travel Agency,2025-01-31,Mon,BXU,1,91.19,32.0,0
2025-03-05,DGT,DOM,MNL HUB,DGTMNL,PR  2544,J,Economy Value,DOM,WEB/APP,2025-03-03,Wed,DGT,2,98.14,17.0,1
2025-01-25,MPH,DOM,MNL HUB,MNLMPH,PR  2043,Y,Economy Saver,G.CN,Traditional Travel Agency,2024-05-08,Sat,TPE,2,57.89,277.0,1
2025-02-05,USU,DOM,MNL HUB,MNLUSU,PR  2965,J,Economy Supersaver,DOM,Traditional Travel Agency,2024-11-25,Wed,MNL,1,30.03,87.0,0
2025-02-09,BCD,DOM,MNL HUB,BCDMNL,PR  2130,Y,Economy Supersaver,DOM,WEB/APP,2025-01-06,Sun,BCD,1,26.4,49.0,0
2025-03-28,ILO,DOM,MNL HUB,ILOMNL,PR  2142,Y,Economy Value,,WEB/APP,2025-02-01,Fri,YVR,1,63.67,70.0,0
2025-02-14,CEB,DOM,MNL HUB,CEBMNL,PR  1862,Y,Economy Value,DOM,WEB/APP,2025-02-12,Fri,CEB,1,95.84,17.0,0
2025-02-15,ZAM,DOM,MNL HUB,MNLZAM,PR  2997,Y,Economy Supersaver,DOM,WEB/APP,2025-01-14,Sat,ZAM,3,35.38,47.0,1
2025-04-29,CEB,DOM,MNL HUB,CEBMNL,PR  2850,Y,Economy Saver,ROW,,2025-04-28,Tue,CEB,1,124.18,16.0,0
2025-04-25,CGY,DOM,MNL HUB,CGYMNL,PR  2530,Y,Economy Supersaver,,Traditional Travel Agency,2025-02-05,Fri,IAH,2,42.64,94.0,1
2025-04-28,MPH,DOM,MNL HUB,MNLMPH,PR  2043,Y,Economy Supersaver,G.CN,WEB/APP,2024-08-10,Mon,TPE,1,35.79,276.0,0
2025-02-07,DVO,DOM,MNL HUB,DVOMNL,PR  2822,Y,Economy Supersaver,DOM,Traditional Travel Agency,2024-12-27,Fri,DVO,1,29.1,57.0,0
2025-04-11,CGY,DOM,MNL HUB,CGYMNL,PR  2528,W,Premium Economy,DOM,Ticket Office,2025-03-24,Fri,CGY,1,184.6,33.0,0
2025-02-26,CEB,DOM,MNL HUB,MNLCEB,PR  2861,Y,Economy Saver,DOM,WEB/APP,2024-09-16,Wed,CEB,2,41.82,178.0,1
2025-03-14,ZAM,DOM,MNL HUB,MNLZAM,PR  2997,Y,Economy Supersaver,DOM,WEB/APP,2025-02-28,Fri,MNL,1,48.61,29.0,0
2025-01-03,BCD,DOM,MNL HUB,MNLBCD,PR  2135,Y,Economy Flex,DOM,WEB/APP,2024-12-16,Fri,BCD,1,129.21,33.0,0
2025-01-16,BCD,DOM,MNL HUB,MNLBCD,PR  2137,Y,Economy Saver,DOM,Ticket Office,2025-01-10,Thu,MNL,1,54.5,21.0,0
2025-02-16,CEB,DOM,MNL HUB,MNLCEB,PR  2857,J,Business Flex,DOM,WEB/APP,2025-02-08,Sun,MNL,1,249.66,23.0,0
2025-04-28,CEB,DOM,MNL HUB,CEBMNL,PR  1864,Y,Economy Value,DOM,WEB/APP,2025-02-13,Mon,MNL,1,99.13,89.0,0
2025-03-01,OZC,DOM,MNL HUB,OZCMNL,PR  2890,Y,Economy Supersaver,DOM,Traditional Travel Agency,2025-02-14,Sat,OZC,1,39.58,30.0,0
2025-03-04,CEB,DOM,MNL HUB,MNLCEB,PR  1845,Y,Economy Supersaver,,Contact Center,2024-11-28,Tue,SFO,1,47.87,111.0,0
2025-02-25,LAO,DOM,MNL HUB,MNLLAO,PR  2198,Y,Economy Saver,Others,Traditional Travel Agency,2025-02-21,Tue,LHR,1,135.2,19.0,0
2025-04-04,DGT,DOM,MNL HUB,MNLDGT,PR  2545,Y,Economy Saver,SEA,WEB/APP,2025-03-21,Fri,BKK,1,57.45,29.0,0
2025-04-08,CEB,DOM,MNL HUB,CEBMNL,PR  1852,Y,Economy Saver,DOM,WEB/APP,2025-04-07,Tue,CEB,6,85.74,16.0,1
2025-02-07,ILO,DOM,MNL HUB,ILOMNL,PR  2146,Y,Economy Saver,DOM,WEB/APP,2025-01-30,Fri,MNL,1,76.78,23.0,0
2025-02-12,DVO,DOM,MNL HUB,DVOMNL,PR  2814,W,Premium Economy,DOM,Traditional Travel Agency,2025-02-04,Wed,DVO,3,248.63,23.0,1
2025-04-03,RXS,DOM,MNL HUB,MNLRXS,PR  2203,Y,Economy Supersaver,DOM,WEB/APP,2024-06-10,Thu,MNL,1,25.96,312.0,0
2025-03-14,PPS,DOM,MNL HUB,MNLPPS,PR  2779,Y,Economy Value,DOM,Corporate Web Portal,2025-03-08,Fri,PPS,3,107.16,21.0,1
2025-04-12,ZAM,DOM,MNL HUB,MNLZAM,PR  2997,J,Economy Saver,DOM,OTA,2025-03-01,Sat,MNL,1,72.98,57.0,0
2025-04-01,GES,DOM,MNL HUB,MNLGES,PR  2455,J,Economy Saver,G.CN,Traditional Travel Agency,2024-11-19,Tue,KHH,1,102.35,148.0,0
2025-01-19,CGY,DOM,MNL HUB,MNLCGY,PR  2519,Y,Economy Saver,DOM,WEB/APP,2025-01-10,Sun,CGY,1,59.11,24.0,0
2025-01-03,TAG,DOM,MNL HUB,MNLTAG,PR  2777,Y,Economy Supersaver,DOM,WEB/APP,2024-09-23,Fri,MNL,1,61.96,117.0,0
2025-01-04,ILO,DOM,MNL HUB,ILOMNL,PR  2146,Y,Economy Supersaver,DOM,Contact Center,2024-03-31,Sat,MNL,1,37.51,294.0,0
2025-02-21,BCD,DOM,MNL HUB,BCDMNL,PR  2134,W,Premium Economy,DOM,Traditional Travel Agency,2025-02-11,Fri,MNL,1,191.42,25.0,0
2025-04-21,CEB,DOM,MNL HUB,MNLCEB,PR  2861,Y,Economy Value,DOM,WEB/APP,2025-03-25,Mon,CEB,1,95.67,42.0,0
2025-04-13,DGT,DOM,MNL HUB,MNLDGT,PR  2543,Y,Economy Saver,DOM,WEB/APP,2025-03-09,Sun,MNL,1,89.35,50.0,0
2025-02-20,RXS,DOM,MNL HUB,RXSMNL,PR  2204,Y,Economy Supersaver,DOM,WEB/APP,2025-01-05,Thu,RXS,1,13.88,61.0,0
2025-02-16,DVO,DOM,MNL HUB,DVOMNL,PR  2816,Y,Economy Value,DOM,Contact Center,2025-02-14,Sun,DVO,1,138.38,17.0,0
2025-04-02,BCD,DOM,MNL HUB,MNLBCD,PR  2133,Y,Economy Flex,DOM,Traditional Travel Agency,2025-04-01,Wed,MNL,1,184.47,16.0,0
2025-01-16,GES,DOM,MNL HUB,GESMNL,PR  456,Y,Economy Flex,DOM,Contact Center,2025-01-15,Thu,GES,1,165.27,16.0,0
2025-02-21,CEB,DOM,MNL HUB,MNLCEB,PR  1861,Y,Economy Supersaver,DOM,Traditional Travel Agency,2025-01-09,Fri,MNL,1,25.78,58.0,0
2025-02-18,BCD,DOM,MNL HUB,BCDMNL,PR  2130,J,Business Flex,DOM,WEB/APP,2025-02-17,Tue,BCD,2,225.46,16.0,1
2025-04-02,DVO,DOM,MNL HUB,MNLDVO,PR  1801,J,Economy Supersaver,SEA,WEB/APP,2024-09-10,Wed,KUL,3,53.64,219.0,1
2025-04-23,DPL,DOM,MNL HUB,MNLDPL,PR  2557,J,Economy Saver,,Traditional Travel Agency,2025-04-15,Wed,MNL,2,90.89,23.0,1
2025-04-11,BCD,DOM,MNL HUB,MNLBCD,PR  2131,Y,Economy Value,DOM,Traditional Travel Agency,2025-02-23,Fri,MNL,1,84.22,62.0,0
2025-01-22,BCD,DOM,MNL HUB,MNLBCD,PR  2135,Y,Economy Supersaver,DOM,WEB/APP,2024-12-31,Wed,BCD,1,50.0,37.0,0
2025-04-03,TAG,DOM,MNL HUB,TAGMNL,PR  2772,Y,Economy Saver,DOM,OTA,2025-03-07,Thu,TAG,4,38.22,42.0,1
2025-01-18,ILO,DOM,MNL HUB,MNLILO,PR  2139,Y,Economy Flex,ROW,,2024-11-05,Sat,SHW,1,158.34,89.0,0
2025-02-19,ILO,DOM,MNL HUB,ILOMNL,PR  2140,Y,Economy Supersaver,DOM,Traditional Travel Agency,2025-01-31,Wed,ILO,4,15.08,34.0,1
2025-03-05,BXU,DOM,MNL HUB,MNLBXU,PR  2938,Y,Economy Saver,,Traditional Travel Agency,2025-02-12,Wed,MNL,1,113.96,36.0,0
2025-01-31,ILO,DOM,MNL HUB,ILOMNL,PR  2144,Y,Economy Value,DOM,Ticket Office,2025-01-30,Fri,MNL,1,98.95,16.0,0
2025-04-06,DVO,DOM,MNL HUB,DVOMNL,PR  2824,Y,Economy Saver,DOM,Ticket Office,2025-03-26,Sun,DVO,1,63.21,26.0,0
2025-01-20,CGY,DOM,MNL HUB,MNLCGY,PR  2521,Y,Economy Saver,DOM,WEB/APP,2025-01-13,Mon,MNL,4,68.61,22.0,1
2025-01-31,CEB,DOM,MNL HUB,MNLCEB,PR  1861,J,Economy Saver,DOM,Contact Center,2024-12-13,Fri,MEL,1,64.85,64.0,0
2025-04-30,DVO,DOM,MNL HUB,MNLDVO,PR  2811,Y,Economy Supersaver,,Traditional Travel Agency,2025-04-26,Wed,MNL,2,36.6,19.0,1
2025-03-01,DRP,DOM,MNL HUB,MNLDRP,PR  2919,Y,Economy Saver,DOM,Contact Center,2024-08-31,Sat,MNL,2,70.16,197.0,1
2025-04-07,CEB,DOM,MNL HUB,MNLCEB,PR  2849,J,Economy Saver,DOM,WEB/APP,2025-03-26,Mon,CEB,1,47.7,27.0,0
2025-03-27,CGY,DOM,MNL HUB,CGYMNL,PR  2526,J,Economy Saver,DOM,Corporate Web Portal,2025-03-12,Thu,MNL,1,59.01,30.0,0
2025-01-19,CBO,DOM,MNL HUB,CBOMNL,PR  2960,J,Economy Saver,DOM,WEB/APP,2024-12-27,Sun,CBO,1,73.27,38.0,0
2025-02-25,GES,DOM,MNL HUB,MNLGES,PR  453,J,Business Flex,DOM,WEB/APP,2025-01-21,Tue,MNL,1,158.48,50.0,0
2025-02-08,ILO,DOM,MNL HUB,ILOMNL,PR  2146,J,Economy Flex,DOM,WEB/APP,2025-02-04,Sat,MNL,1,133.12,19.0,0
2025-04-05,CEB,DOM,MNL HUB,MNLCEB,PR  2853,Y,Economy Saver,DOM,OTA,2025-03-31,Sat,MNL,1,72.42,20.0,0
2025-04-27,USU,DOM,MNL HUB,USUMNL,PR  2966,Y,Economy Supersaver,,Traditional Travel Agency,2025-04-04,Sun,USU,3,58.97,38.0,1
2025-04-04,CEB,DOM,MNL HUB,CEBMNL,PR  1846,J,Economy Value,DOM,Ticket Office,2025-04-02,Fri,CEB,2,142.15,17.0,1
2025-03-16,DVO,DOM,MNL HUB,DVOMNL,PR  1806,Y,Economy Supersaver,DOM,WEB/APP,2024-10-11,Sun,DVO,3,41.71,171.0,1
2025-04-01,DVO,DOM,MNL HUB,DVOMNL,PR  2816,J,Economy Value,DOM,Ticket Office,2025-03-26,Tue,DVO,1,95.44,21.0,0
2025-02-14,ILO,DOM,MNL HUB,ILOMNL,PR  2140,Y,Economy Supersaver,DOM,Traditional Travel Agency,2024-12-19,Fri,ILO,4,13.18,72.0,1
2025-03-12,DVO,DOM,MNL HUB,DVOMNL,PR  2812,Y,Economy Value,DOM,Traditional Travel Agency,2025-03-04,Wed,MNL,1,96.68,23.0,0
2025-02-16,MPH,DOM,MNL HUB,MPHMNL,PR  2040,Y,Economy Saver,Offline,OTA,2024-09-10,Sun,MNL,2,125.11,174.0,1
2025-02-09,BCD,DOM,MNL HUB,BCDMNL,PR  2132,Y,Economy Flex,DOM,WEB/APP,2025-02-07,Sun,BCD,2,139.26,17.0,1
2025-02-03,DVO,DOM,MNL HUB,MNLDVO,PR  2819,Y,Economy Value,DOM,WEB/APP,2025-01-16,Mon,MNL,1,93.29,33.0,0
2025-03-31,TUG,DOM,MNL HUB,MNLTUG,PR  2014,Y,Economy Saver,DOM,WEB/APP,2025-03-12,Mon,MNL,1,55.2,34.0,0
2025-01-02,CGY,DOM,MNL HUB,MNLCGY,PR  2521,J,Economy Value,DOM,WEB/APP,2024-12-07,Thu,CGY,3,82.73,41.0,1
2025-04-27,MPH,DOM,MNL HUB,MPHMNL,PR  2040,J,Economy Saver,DOM,WEB/APP,2025-03-21,Sun,MNL,7,110.36,52.0,1
2025-04-05,DRP,DOM,MNL HUB,DRPMNL,PR  2922,Y,Economy Saver,ME,WEB/APP,2025-01-31,Sat,DXB,1,43.89,79.0,0
2025-04-10,MPH,DOM,MNL HUB,MNLMPH,PR  2035,J,Economy Saver,Others,OTA,2025-04-08,Thu,PPS,1,54.24,17.0,0
2025-01-14,CEB,DOM,MNL HUB,CEBMNL,PR  2864,Y,Economy Supersaver,DOM,Traditional Travel Agency,2025-01-08,Tue,CEB,18,38.76,21.0,1
2025-01-31,CGY,DOM,MNL HUB,CGYMNL,PR  2526,Y,Economy Saver,,Contact Center,2024-12-02,Fri,YUL,2,73.5,75.0,1
2025-04-04,CEB,DOM,MNL HUB,MNLCEB,PR  2849,J,Business Flex,DOM,Traditional Travel Agency,2025-03-17,Fri,MNL,1,224.07,33.0,0
2025-04-30,CEB,DOM,MNL HUB,MNLCEB,PR  2859,Y,Economy Value,DOM,WEB/APP,2025-04-09,Wed,MNL,1,111.61,36.0,0
2025-03-20,PPS,DOM,MNL HUB,PPSMNL,PR  2788,Y,Economy Saver,,Sea Crew,2025-02-20,Thu,PPS,1,53.16,43.0,0
2025-03-05,IAO,DOM,MNL HUB,IAOMNL,PR  2974,Y,Economy Saver,,Traditional Travel Agency,2025-02-19,Wed,IAO,2,152.36,29.0,1
2025-02-03,ZAM,DOM,MNL HUB,MNLZAM,PR  2997,Y,Economy Saver,Offline,Traditional Travel Agency,2025-01-17,Mon,KWI,1,25.7,32.0,0
2025-03-14,DVO,DOM,MNL HUB,MNLDVO,PR  2817,J,Economy Value,DOM,WEB/APP,2025-02-26,Fri,DVO,1,100.15,31.0,0
2025-03-21,TAC,DOM,MNL HUB,MNLTAC,PR  2987,Y,Economy Value,DOM,Corporate Web Portal,2025-03-14,Fri,TAC,1,136.65,22.0,0
2025-03-08,ILO,DOM,MNL HUB,ILOMNL,PR  2144,Y,Economy Value,,Traditional Travel Agency,2025-02-26,Sat,ILO,3,77.13,25.0,1
2025-01-19,DVO,DOM,MNL HUB,MNLDVO,PR  1805,J,Economy Saver,DOM,WEB/APP,2024-12-26,Sun,DVO,1,64.29,39.0,0
2025-01-08,CEB,DOM,MNL HUB,MNLCEB,PR  2851,Y,Economy Supersaver,DOM,WEB/APP,2024-12-02,Wed,MNL,1,37.71,52.0,0
2025-03-06,MPH,DOM,MNL HUB,MPHMNL,PR  2038,Y,Economy Supersaver,DOM,WEB/APP,2025-01-15,Thu,MNL,4,31.9,65.0,1
2025-03-25,CEB,DOM,MNL HUB,CEBMNL,PR  2854,Y,Economy Saver,DOM,Ticket Office,2025-03-13,Tue,MNL,2,116.77,27.0,1
2025-01-05,CEB,DOM,MNL HUB,MNLCEB,PR  2869,Y,Economy Saver,DOM,WEB/APP,2024-11-07,Sun,CEB,1,73.78,74.0,0
2025-01-16,DVO,DOM,MNL HUB,DVOMNL,PR  1810,Y,Economy Saver,DOM,Traditional Travel Agency,2025-01-14,Thu,DVO,5,81.93,17.0,1
2025-03-05,MPH,DOM,MNL HUB,MPHMNL,PR  2040,Y,Economy Saver,Offline,OTA,2024-10-14,Wed,MPH,2,31.9,157.0,1
2025-04-07,TUG,DOM,MNL HUB,MNLTUG,PR  2014,J,Economy Value,AUS,OTA,2025-03-21,Mon,HKG,1,77.65,32.0,0
2025-04-06,OZC,DOM,MNL HUB,MNLOZC,PR  2889,J,Economy Supersaver,DOM,OTA,2025-04-05,Sun,MNL,1,41.86,16.0,0
2025-01-04,ZAM,DOM,MNL HUB,ZAMMNL,PR  2998,Y,Economy Supersaver,DOM,WEB/APP,2024-08-31,Sat,MNL,2,49.77,141.0,1
2025-03-31,DPL,DOM,MNL HUB,DPLMNL,PR  2558,Y,Economy Value,DOM,Traditional Travel Agency,2025-03-24,Mon,DPL,1,98.98,22.0,0
2025-02-06,CEB,DOM,MNL HUB,CEBMNL,PR  1862,Y,Economy Supersaver,DOM,WEB/APP,2024-11-30,Thu,CEB,4,12.96,83.0,1
2025-03-31,MPH,DOM,MNL HUB,MPHMNL,PR  2048,W,Premium Economy,DOM,OTA,2025-03-30,Mon,MPH,2,238.77,16.0,1
2025-03-28,CGY,DOM,MNL HUB,CGYMNL,PR  2526,Y,Economy Saver,DOM,WEB/APP,2025-02-27,Fri,MNL,1,58.52,44.0,0
2025-03-20,CEB,DOM,MNL HUB,CEBMNL,PR  2850,Y,Economy Value,DOM,WEB/APP,2025-02-08,Thu,CEB,1,96.74,55.0,0
2025-01-07,CGY,DOM,MNL HUB,CGYMNL,PR  2520,Y,Economy Value,DOM,Ticket Office,2025-01-02,Tue,CGY,1,126.86,20.0,0
2025-04-04,RXS,DOM,MNL HUB,RXSMNL,PR  2204,Y,Economy Supersaver,DOM,Ticket Office,2025-03-12,Fri,RXS,1,40.9,38.0,0
2025-01-29,CEB,DOM,MNL HUB,MNLCEB,PR  2863,J,Economy Flex,DOM,WEB/APP,2025-01-03,Wed,MNL,1,155.11,41.0,0
2025-01-15,DRP,DOM,MNL HUB,MNLDRP,PR  2919,J,Economy Value,DOM,WEB/APP,2024-12-27,Wed,MNL,2,80.47,34.0,1
2025-01-05,BCD,DOM,MNL HUB,BCDMNL,PR  2132,Y,Economy Value,DOM,WEB/APP,2024-08-27,Sun,BCD,1,89.83,146.0,0
2025-02-17,DVO,DOM,MNL HUB,DVOMNL,PR  2822,Y,Economy Saver,Offline,Traditional Travel Agency,2024-10-07,Mon,MNL,1,108.86,148.0,0
2025-03-06,PPS,DOM,MNL HUB,PPSMNL,PR  2782,Y,Economy Value,DOM,Ticket Office,2025-03-03,Thu,PPS,1,119.77,18.0,0
2025-01-11,DGT,DOM,MNL HUB,DGTMNL,PR  2544,Y,Economy Supersaver,ROW,,2025-01-08,Sat,DGT,1,47.05,18.0,0
2025-01-28,ILO,DOM,MNL HUB,MNLILO,PR  2143,Y,Economy Saver,DOM,WEB/APP,2025-01-16,Tue,ILO,2,65.82,27.0,1
2025-03-14,TAC,DOM,MNL HUB,TACMNL,PR  2988,J,Economy Value,DOM,WEB/APP,2025-03-10,Fri,MNL,1,109.92,19.0,0
2025-03-09,CEB,DOM,MNL HUB,CEBMNL,PR  2850,J,Business Flex,,TMC,2024-12-19,Sun,JFK,2,291.43,95.0,1
2025-04-07,GES,DOM,MNL HUB,MNLGES,PR  2455,Y,Economy Supersaver,,Traditional Travel Agency,2025-02-18,Mon,YYC,3,65.43,63.0,1
2025-02-08,BXU,DOM,MNL HUB,MNLBXU,PR  2938,Y,Economy Supersaver,DOM,Ticket Office,2025-01-24,Sat,MNL,1,48.11,30.0,0
2025-03-14,ILO,DOM,MNL HUB,MNLILO,PR  2145,Y,Economy Supersaver,DOM,Ticket Office,2025-02-27,Fri,MNL,1,29.47,30.0,0
2025-01-15,GES,DOM,MNL HUB,GESMNL,PR  454,Y,Economy Flex,DOM,WEB/APP,2025-01-12,Wed,GES,2,178.32,18.0,1
2025-01-20,CEB,DOM,MNL HUB,CEBMNL,PR  2850,Y,Economy Flex,DOM,Traditional Travel Agency,2025-01-15,Mon,CEB,7,223.01,20.0,1
2025-03-28,DRP,DOM,MNL HUB,MNLDRP,PR  2923,Y,Economy Saver,DOM,Ticket Office,2025-02-28,Fri,MNL,1,74.49,43.0,0
2025-03-06,DRP,DOM,MNL HUB,MNLDRP,PR  2925,Y,Economy Supersaver,DOM,Traditional Travel Agency,2025-02-11,Thu,MNL,3,28.22,38.0,1
2025-03-15,PPS,DOM,MNL HUB,PPSMNL,PR  2780,Y,Economy Value,DOM,Traditional Travel Agency,2025-03-11,Sat,PPS,1,100.75,19.0,0
2025-03-06,RXS,DOM,MNL HUB,RXSMNL,PR  2204,Y,Economy Supersaver,DOM,Traditional Travel Agency,2025-02-21,Thu,MNL,1,24.72,28.0,0
2025-04-10,RXS,DOM,MNL HUB,MNLRXS,PR  2203,Y,Economy Supersaver,DOM,WEB/APP,2024-11-23,Thu,MNL,2,11.89,153.0,1
2025-04-02,DPL,DOM,MNL HUB,DPLMNL,PR  2558,Y,Economy Saver,DOM,Traditional Travel Agency,2025-03-15,Wed,MNL,1,54.25,33.0,0
2025-02-25,TAG,DOM,MNL HUB,TAGMNL,PR  2774,Y,Economy Value,DOM,Traditional Travel Agency,2025-02-23,Tue,TAG,3,134.24,17.0,1
2025-04-26,MPH,DOM,MNL HUB,MPHMNL,PR  2048,Y,Economy Value,DOM,Ticket Office,2025-04-15,Sat,MNL,1,131.61,26.0,0
2025-01-04,CEB,DOM,MNL HUB,CEBMNL,PR  2836,J,Economy Saver,DOM,WEB/APP,2024-12-02,Sat,CEB,2,44.08,48.0,1
2025-04-10,CGY,DOM,MNL HUB,CGYMNL,PR  2520,Y,Economy Supersaver,Offline,OTA,2025-01-17,Thu,DXB,1,57.3,98.0,0
2025-04-02,DVO,DOM,MNL HUB,DVOMNL,PR  1804,Y,Economy Supersaver,DOM,Contact Center,2025-03-10,Wed,DVO,2,27.76,38.0,1
2025-01-11,CEB,DOM,MNL HUB,CEBMNL,PR  2868,J,Business Flex,DOM,Traditional Travel Agency,2025-01-08,Sat,CEB,1,250.12,18.0,0
2025-03-08,CEB,DOM,MNL HUB,CEBMNL,PR  2858,Y,Economy Supersaver,DOM,WEB/APP,2025-03-02,Sat,CEB,1,29.25,21.0,0
2025-04-21,TAG,DOM,MNL HUB,MNLTAG,PR  2771,Y,Economy Saver,DOM,WEB/APP,2025-03-13,Mon,MNL,2,66.85,54.0,1
2025-02-11,CEB,DOM,MNL HUB,CEBMNL,PR  1846,Y,Economy Flex,DOM,Traditional Travel Agency,2025-02-05,Tue,CEB,2,184.66,21.0,1
2025-02-11,MPH,DOM,MNL HUB,MPHMNL,PR  2044,J,Economy Value,DOM,WEB/APP,2025-02-06,Tue,MNL,2,111.28,20.0,1
2025-02-18,DVO,DOM,MNL HUB,MNLDVO,PR  1809,Y,Economy Supersaver,DOM,Traditional Travel Agency,2025-01-31,Tue,MNL,1,24.51,33.0,0
2025-04-03,LAO,DOM,MNL HUB,LAOMNL,PR  2199,J,Economy Supersaver,DOM,WEB/APP,2025-03-29,Thu,LAO,2,31.37,20.0,1
2025-02-19,BCD,DOM,MNL HUB,BCDMNL,PR  2136,Y,Economy Saver,DOM,WEB/APP,2025-02-14,Wed,BCD,1,75.61,20.0,0
2025-02-01,ILO,DOM,MNL HUB,ILOMNL,PR  2146,Y,Economy Supersaver,DOM,WEB/APP,2024-12-03,Sat,MNL,1,11.78,75.0,0
2025-02-27,DGT,DOM,MNL HUB,MNLDGT,PR  2543,Y,Economy Saver,DOM,Corporate Web Portal,2025-02-19,Thu,MNL,1,89.29,23.0,0
2025-03-07,CGY,DOM,MNL HUB,CGYMNL,PR  2526,W,Premium Economy,DOM,WEB/APP,2025-02-25,Fri,CGY,1,192.91,25.0,0
2025-03-26,CEB,DOM,MNL HUB,MNLCEB,PR  2851,Y,Economy Saver,DOM,Corporate Web Portal,2025-03-19,Wed,MNL,2,61.44,22.0,1
2025-02-10,DRP,DOM,MNL HUB,MNLDRP,PR  2923,Y,Economy Flex,DOM,Traditional Travel Agency,2025-02-07,Mon,MNL,1,118.52,18.0,0
2025-03-06,GES,DOM,MNL HUB,GESMNL,PR  454,Y,Economy Supersaver,DOM,WEB/APP,2025-02-06,Thu,GES,1,58.37,43.0,0
2025-04-09,CGY,DOM,MNL HUB,MNLCGY,PR  2525,Y,Economy Flex,DOM,Corporate Web Portal,2025-04-04,Wed,MNL,1,144.88,20.0,0
2025-01-06,DRP,DOM,MNL HUB,DRPMNL,PR  2924,Y,Economy Value,DOM,Ticket Office,2024-12-18,Mon,DRP,4,90.12,34.0,1
2025-04-12,CGY,DOM,MNL HUB,MNLCGY,PR  2527,Y,Economy Supersaver,DOM,OTA,2025-02-28,Sat,MNL,2,33.04,58.0,1
2025-04-25,DGT,DOM,MNL HUB,DGTMNL,PR  2544,Y,Economy Value,DOM,WEB/APP,2025-04-16,Fri,MNL,3,114.9,24.0,1
2025-03-24,TAG,DOM,MNL HUB,TAGMNL,PR  2772,J,Economy Supersaver,DOM,Traditional Travel Agency,2025-03-17,Mon,TAG,2,41.93,22.0,1
2025-04-13,CEB,DOM,MNL HUB,CEBMNL,PR  2862,Y,Economy Value,DOM,Corporate Web Portal,2025-04-08,Sun,CEB,1,100.25,20.0,0
2025-01-27,DVO,DOM,MNL HUB,MNLDVO,PR  2817,Y,Economy Supersaver,DOM,WEB/APP,2024-12-15,Mon,DVO,3,45.36,58.0,1
2025-01-30,BCD,DOM,MNL HUB,MNLBCD,PR  2135,Y,Economy Saver,DOM,WEB/APP,2025-01-20,Thu,BCD,2,54.55,25.0,1
2025-03-29,DVO,DOM,MNL HUB,MNLDVO,PR  2815,Y,Economy Saver,ME,Traditional Travel Agency,2025-01-05,Sat,ELQ,1,64.28,98.0,0
2025-02-27,CEB,DOM,MNL HUB,MNLCEB,PR  2863,Y,Economy Flex,SEA,TMC,2025-02-18,Thu,BKK,2,92.69,24.0,1
2025-03-31,BCD,DOM,MNL HUB,BCDMNL,PR  2132,Y,Economy Saver,Offline,OTA,2025-03-24,Mon,BCD,1,103.8,22.0,0
2025-02-16,GES,DOM,MNL HUB,MNLGES,PR  453,Y,Economy Saver,DOM,WEB/APP,2025-02-10,Sun,GES,2,69.14,21.0,1
2025-01-14,CEB,DOM,MNL HUB,MNLCEB,PR  1861,Y,Economy Supersaver,DOM,Traditional Travel Agency,2024-12-03,Tue,MNL,3,35.89,57.0,1
2025-04-03,PPS,DOM,MNL HUB,PPSMNL,PR  2780,Y,Economy Saver,Offline,OTA,2025-03-06,Thu,PPS,1,96.4,43.0,0
2025-01-12,CEB,DOM,MNL HUB,CEBMNL,PR  2836,J,Economy Value,Offline,Traditional Travel Agency,2024-11-06,Sun,ZRH,1,149.5,82.0,0
2025-01-08,KLO,DOM,MNL HUB,MNLKLO,PR  2969,Y,Economy Saver,ME,Traditional Travel Agency,2024-10-15,Wed,MNL,1,94.29,100.0,0
2025-01-25,DVO,DOM,MNL HUB,MNLDVO,PR  2817,Y,Economy Supersaver,DOM,Traditional Travel Agency,2025-01-24,Sat,MNL,5,40.9,16.0,1
2025-02-01,LAO,DOM,MNL HUB,MNLLAO,PR  2196,Y,Economy Value,DOM,Corporate Web Portal,2025-01-27,Sat,LAO,1,97.82,20.0,0
2025-01-23,DVO,DOM,MNL HUB,MNLDVO,PR  1805,J,Economy Value,DOM,Traditional Travel Agency,2025-01-20,Thu,MNL,5,90.63,18.0,1
2025-02-10,CBO,DOM,MNL HUB,MNLCBO,PR  2959,J,Economy Value,ME,Traditional Travel Agency,2025-01-11,Mon,MNL,1,146.64,45.0,0
2025-03-15,GES,DOM,MNL HUB,GESMNL,PR  456,Y,Economy Value,DOM,Traditional Travel Agency,2025-02-24,Sat,MNL,1,103.32,34.0,0
2025-02-27,ZAM,DOM,MNL HUB,MNLZAM,PR  2949,Y,Economy Supersaver,DOM,Traditional Travel Agency,2025-02-11,Thu,MNL,1,48.37,31.0,0
2025-04-02,LAO,DOM,MNL HUB,LAOMNL,PR  2199,Y,Economy Supersaver,DOM,WEB/APP,2025-03-24,Wed,DVO,1,31.43,24.0,0
2025-04-08,CGY,DOM,MNL HUB,MNLCGY,PR  2525,Y,Economy Saver,DOM,WEB/APP,2025-03-23,Tue,CGY,1,59.87,31.0,0
2025-04-09,CGY,DOM,MNL HUB,MNLCGY,PR  2521,J,Economy Flex,DOM,Traditional Travel Agency,2025-04-03,Wed,CGY,1,144.88,21.0,0
2025-03-30,DVO,DOM,MNL HUB,DVOMNL,PR  1802,J,Economy Saver,DOM,WEB/APP,2025-03-14,Sun,MNL,2,48.96,31.0,1
2025-02-28,CGY,DOM,MNL HUB,MNLCGY,PR  2529,Y,Economy Supersaver,DOM,Traditional Travel Agency,2025-02-14,Fri,KLO,1,37.28,29.0,0
2025-04-11,DVO,DOM,MNL HUB,DVOMNL,PR  1806,J,Economy Value,DOM,Contact Center,2025-02-03,Fri,DVO,1,112.06,82.0,0
2025-01-23,CEB,DOM,MNL HUB,CEBMNL,PR  1842,Y,Economy Saver,DOM,WEB/APP,2025-01-16,Thu,CEB,4,71.35,22.0,1
2025-04-05,CEB,DOM,MNL HUB,CEBMNL,PR  2860,Y,Economy Supersaver,ME,WEB/APP,2025-01-04,Sat,RUH,1,52.2,106.0,0
2025-01-04,PAG,DOM,MNL HUB,PAGMNL,PR  2784,Y,Economy Value,G.CN,Traditional Travel Agency,2024-04-21,Sat,HKG,1,87.31,273.0,0
2025-01-18,MPH,DOM,MNL HUB,MPHMNL,PR  2046,Y,Economy Saver,DOM,WEB/APP,2024-10-29,Sat,MPH,1,78.95,96.0,0
2025-04-11,LAO,DOM,MNL HUB,MNLLAO,PR  2198,J,Economy Supersaver,,Traditional Travel Agency,2025-03-17,Fri,HNL,1,43.13,40.0,0
2025-02-24,DVO,DOM,MNL HUB,DVOMNL,PR  2814,Y,Economy Saver,,Contact Center,2024-08-15,Mon,LAX,1,66.5,208.0,0
2025-01-16,DVO,DOM,MNL HUB,DVOMNL,PR  2824,Y,Economy Saver,DOM,WEB/APP,2025-01-04,Thu,MNL,4,64.29,27.0,1
2025-04-01,CEB,DOM,MNL HUB,MNLCEB,PR  1851,Y,Economy Value,AUS,OTA,2025-03-08,Tue,DOH,1,54.95,39.0,0
2025-04-12,DGT,DOM,MNL HUB,DGTMNL,PR  2546,Y,Economy Value,DOM,WEB/APP,2025-04-11,Sat,DGT,3,144.77,16.0,1
2025-03-20,BCD,DOM,MNL HUB,BCDMNL,PR  2132,Y,Economy Value,DOM,Traditional Travel Agency,2025-03-07,Thu,BCD,1,78.92,28.0,0
2025-03-23,DVO,DOM,MNL HUB,DVOMNL,PR  1806,Y,Economy Supersaver,DOM,WEB/APP,2025-02-27,Sun,MNL,1,41.78,39.0,0
2025-04-11,TAC,DOM,MNL HUB,MNLTAC,PR  2985,J,Economy Flex,Offline,Sea Crew,2025-04-10,Fri,MNL,1,285.13,16.0,0
2025-04-07,BSO,DOM,MNL HUB,MNLBSO,PR  2932,Y,Economy Value,,TMC,2024-11-11,Mon,MNL,2,219.74,162.0,1
2025-01-18,BCD,DOM,MNL HUB,BCDMNL,PR  2136,J,Economy Supersaver,DOM,WEB/APP,2024-12-15,Sat,BCD,1,29.33,49.0,0
2025-04-10,CEB,DOM,MNL HUB,MNLCEB,PR  2849,Y,Economy Flex,DOM,Traditional Travel Agency,2025-04-04,Thu,MNL,2,223.31,21.0,1
2025-01-07,DRP,DOM,MNL HUB,MNLDRP,PR  2923,Y,Economy Saver,DOM,WEB/APP,2024-12-20,Tue,MNL,1,61.15,33.0,0
2025-01-18,MPH,DOM,MNL HUB,MNLMPH,PR  2047,Y,Economy Supersaver,DOM,Traditional Travel Agency,2025-01-12,Sat,MNL,2,46.18,21.0,1
2025-03-19,BCD,DOM,MNL HUB,MNLBCD,PR  2135,Y,Economy Supersaver,DOM,Traditional Travel Agency,2025-03-05,Wed,MNL,1,50.97,29.0,0
2025-02-28,ZAM,DOM,MNL HUB,MNLZAM,PR  2997,J,Economy Supersaver,DOM,WEB/APP,2025-01-07,Fri,MNL,1,35.43,67.0,0
2025-04-13,DVO,DOM,MNL HUB,DVOMNL,PR  1810,J,Economy Supersaver,,Traditional Travel Agency,2025-04-08,Sun,DVO,1,38.3,20.0,0
2025-04-03,MPH,DOM,MNL HUB,MNLMPH,PR  2039,Y,Economy Saver,,Traditional Travel Agency,2025-03-14,Thu,MNL,2,93.15,35.0,1
2025-04-06,LAO,DOM,MNL HUB,LAOMNL,PR  2197,J,Economy Saver,,Traditional Travel Agency,2025-01-26,Sun,YVR,3,45.36,85.0,1
2025-04-02,ZAM,DOM,MNL HUB,MNLZAM,PR  2993,Y,Economy Supersaver,DOM,WEB/APP,2025-04-01,Wed,CEB,4,22.44,16.0,1
2025-03-23,CBO,DOM,MNL HUB,CBOMNL,PR  2960,Y,Economy Saver,,Traditional Travel Agency,2024-11-18,Sun,YYZ,1,23.45,140.0,0
2025-04-08,CBO,DOM,MNL HUB,MNLCBO,PR  2959,J,Economy Value,DOM,Ticket Office,2025-03-22,Tue,MNL,1,106.94,32.0,0
2025-04-02,CBO,DOM,MNL HUB,MNLCBO,PR  2957,Y,Economy Supersaver,DOM,OTA,2025-01-10,Wed,MNL,1,26.63,97.0,0
2025-02-12,BXU,DOM,MNL HUB,MNLBXU,PR  2938,Y,Economy Saver,DOM,Ticket Office,2025-01-04,Wed,BXU,1,40.39,54.0,0
2025-04-23,CEB,DOM,MNL HUB,MNLCEB,PR  2869,J,Economy Saver,DOM,WEB/APP,2025-04-15,Wed,CEB,1,94.18,23.0,0
2025-02-24,DVO,DOM,MNL HUB,MNLDVO,PR  2819,Y,Economy Supersaver,DOM,Traditional Travel Agency,2025-01-23,Mon,MNL,4,24.68,47.0,1
2025-01-07,MPH,DOM,MNL HUB,MPHMNL,PR  2038,Y,Economy Value,DOM,WEB/APP,2024-12-30,Tue,MPH,2,113.01,23.0,1
2025-03-23,CEB,DOM,MNL HUB,MNLCEB,PR  2853,J,Economy Supersaver,AUS,OTA,2025-03-09,Sun,SIN,2,26.62,29.0,1
2025-04-29,CEB,DOM,MNL HUB,MNLCEB,PR  1863,Y,Economy Saver,DOM,Ticket Office,2025-04-22,Tue,CEB,1,82.14,22.0,0
2025-03-05,ILO,DOM,MNL HUB,MNLILO,PR  2143,J,Economy Saver,G.CN,Traditional Travel Agency,2025-02-13,Wed,MNL,1,102.06,35.0,0
2025-03-31,RXS,DOM,MNL HUB,MNLRXS,PR  2203,J,Economy Saver,DOM,OTA,2025-03-19,Mon,RXS,2,53.5,27.0,1
2025-02-14,MPH,DOM,MNL HUB,MPHMNL,PR  2042,Y,Economy Saver,SEA,OTA,2025-01-05,Fri,MNL,2,116.76,55.0,1
2025-03-13,MPH,DOM,MNL HUB,MNLMPH,PR  2041,Y,Economy Saver,DOM,WEB/APP,2025-01-25,Thu,MNL,2,71.7,62.0,1
2025-01-22,LAO,DOM,MNL HUB,LAOMNL,PR  2199,Y,Economy Saver,DOM,Traditional Travel Agency,2025-01-20,Wed,LAO,2,54.35,17.0,1
2025-03-05,DVO,DOM,MNL HUB,DVOMNL,PR  2820,Y,Economy Supersaver,DOM,Traditional Travel Agency,2025-03-03,Wed,DVO,2,39.59,17.0,1
2025-02-02,TAC,DOM,MNL HUB,MNLTAC,PR  2987,Y,Economy Supersaver,DOM,WEB/APP,2024-10-27,Sun,TAC,1,14.57,113.0,0
2025-04-10,TAG,DOM,MNL HUB,MNLTAG,PR  2777,J,Economy Value,DOM,Traditional Travel Agency,2025-02-23,Thu,TAG,1,105.86,61.0,0
2025-01-11,DVO,DOM,MNL HUB,MNLDVO,PR  2821,Y,Economy Supersaver,DOM,WEB/APP,2024-12-19,Sat,DVO,2,38.77,38.0,1
2025-02-08,DRP,DOM,MNL HUB,DRPMNL,PR  2924,Y,Economy Flex,DOM,WEB/APP,2025-02-08,Sat,DRP,1,124.9,15.0,0
2025-01-27,DGT,DOM,MNL HUB,DGTMNL,PR  4544,J,Economy Saver,DOM,Corporate Web Portal,2024-11-21,Mon,MNL,5,78.61,82.0,1
2025-02-14,CBO,DOM,MNL HUB,CBOMNL,PR  2960,Y,Economy Value,DOM,Traditional Travel Agency,2025-02-02,Fri,CBO,2,97.85,27.0,1
2025-01-18,DGT,DOM,MNL HUB,DGTMNL,PR  2546,J,Economy Saver,DOM,WEB/APP,2025-01-08,Sat,DGT,2,92.15,25.0,1
2025-04-10,DPL,DOM,MNL HUB,MNLDPL,PR  2557,J,Economy Value,DOM,Traditional Travel Agency,2025-03-16,Thu,MNL,2,107.12,40.0,1
2025-04-08,ILO,DOM,MNL HUB,MNLILO,PR  2141,J,Economy Saver,DOM,WEB/APP,2025-03-03,Tue,MNL,1,67.69,51.0,0
2025-03-23,CEB,DOM,MNL HUB,MNLCEB,PR  1861,Y,Economy Saver,AUS,Traditional Travel Agency,2025-02-24,Sun,MEL,3,56.07,42.0,1
2025-02-14,LAO,DOM,MNL HUB,LAOMNL,PR  2197,J,Economy Flex,DOM,WEB/APP,2025-02-02,Fri,LAO,5,189.76,27.0,1
2025-01-12,CBO,DOM,MNL HUB,CBOMNL,PR  2960,Y,Economy Value,DOM,Ticket Office,2024-12-23,Sun,CBO,1,89.18,35.0,0
2025-03-07,CEB,DOM,MNL HUB,CEBMNL,PR  1846,Y,Economy Supersaver,DOM,WEB/APP,2025-02-07,Fri,CEB,1,33.74,43.0,0
2025-02-20,GES,DOM,MNL HUB,GESMNL,PR  456,Y,Economy Value,DOM,Corporate Web Portal,2025-02-06,Thu,MNL,9,102.4,29.0,1
2025-03-30,CEB,DOM,MNL HUB,CEBMNL,PR  2858,Y,Economy Value,DOM,WEB/APP,2025-03-27,Sun,MNL,2,101.71,18.0,1
2025-03-11,DVO,DOM,MNL HUB,MNLDVO,PR  1809,J,Economy Flex,DOM,Corporate Web Portal,2025-03-10,Tue,MNL,2,156.82,16.0,1
2025-02-12,BCD,DOM,MNL HUB,BCDMNL,PR  2132,Y,Economy Value,Offline,Traditional Travel Agency,2024-08-14,Wed,KWI,1,133.9,197.0,0
2025-02-12,MPH,DOM,MNL HUB,MNLMPH,PR  2039,Y,Economy Saver,,Traditional Travel Agency,2024-12-02,Wed,SFO,1,40.7,87.0,0
2025-01-29,TAC,DOM,MNL HUB,TACMNL,PR  2988,Y,Economy Saver,,GSA/DSA,2024-11-23,Wed,GUM,1,162.47,82.0,0
2025-04-13,DVO,DOM,MNL HUB,MNLDVO,PR  1805,W,Premium Economy,DOM,OTA,2025-04-12,Sun,MNL,1,257.47,16.0,0
2025-03-27,TAC,DOM,MNL HUB,MNLTAC,PR  2981,J,Economy Supersaver,DOM,OTA,2025-01-10,Thu,MNL,1,16.84,91.0,0
2025-03-13,DRP,DOM,MNL HUB,DRPMNL,PR  2924,Y,Economy Supersaver,DOM,Contact Center,2025-02-09,Thu,MNL,1,49.06,47.0,0
2025-04-22,CEB,DOM,MNL HUB,CEBMNL,PR  1852,Y,Economy Saver,DOM,WEB/APP,2025-02-15,Tue,MNL,4,70.83,81.0,1
2025-04-25,CGY,DOM,MNL HUB,MNLCGY,PR  2521,Y,Economy Saver,DOM,Traditional Travel Agency,2025-04-07,Fri,MNL,1,80.78,33.0,0
2025-03-18,BSO,DOM,MNL HUB,BSOMNL,PR  2933,Y,Economy Flex,DOM,Corporate Web Portal,2025-03-12,Tue,BSO,1,275.57,21.0,0
2025-01-16,TAC,DOM,MNL HUB,TACMNL,PR  2988,Y,Economy Supersaver,DOM,Traditional Travel Agency,2024-10-03,Thu,TAC,1,17.42,120.0,0
2025-03-30,USU,DOM,MNL HUB,USUMNL,PR  2966,Y,Economy Saver,,Traditional Travel Agency,2025-02-20,Sun,USU,4,146.15,53.0,1
2025-01-11,BCD,DOM,MNL HUB,BCDMNL,PR  2138,J,Economy Supersaver,DOM,Traditional Travel Agency,2024-11-19,Sat,MNL,1,27.55,68.0,0
2025-02-28,TAC,DOM,MNL HUB,MNLTAC,PR  2981,W,Premium Economy,DOM,WEB/APP,2025-02-24,Fri,MNL,1,175.4,19.0,0
2025-04-08,DVO,DOM,MNL HUB,MNLDVO,PR  2823,Y,Economy Supersaver,DOM,OTA,2025-03-25,Tue,MNL,1,40.77,29.0,0
2025-04-07,CYZ,DOM,MNL HUB,CYZMNL,PR  2019,J,Economy Supersaver,DOM,WEB/APP,2025-04-02,Mon,MNL,1,24.57,20.0,0
2025-03-26,CBO,DOM,MNL HUB,CBOMNL,PR  2960,Y,Economy Supersaver,DOM,OTA,2025-01-28,Wed,CBO,1,27.75,72.0,0
2025-03-02,CGY,DOM,MNL HUB,MNLCGY,PR  2525,J,Economy Flex,DOM,Corporate Web Portal,2025-02-27,Sun,MNL,1,139.34,18.0,0
2025-04-23,CBO,DOM,MNL HUB,MNLCBO,PR  2959,Y,Economy Supersaver,DOM,WEB/APP,2025-01-28,Wed,MNL,1,45.54,100.0,0
2025-02-28,DVO,DOM,MNL HUB,DVOMNL,PR  2824,Y,Economy Supersaver,DOM,Traditional Travel Agency,2025-02-06,Fri,DVO,4,38.22,37.0,1
2025-04-27,TAC,DOM,MNL HUB,MNLTAC,PR  2981,J,Economy Saver,DOM,WEB/APP,2024-09-16,Sun,MNL,1,35.45,238.0,0
2025-04-29,PPS,DOM,MNL HUB,PPSMNL,PR  2786,Y,Economy Saver,DOM,WEB/APP,2025-03-02,Tue,PPS,2,42.37,73.0,1
2025-03-26,ILO,DOM,MNL HUB,MNLILO,PR  2139,Y,Economy Saver,SEA,Traditional Travel Agency,2025-03-20,Wed,SIN,1,69.98,21.0,0
2025-03-15,GES,DOM,MNL HUB,GESMNL,PR  456,J,Economy Value,DOM,WEB/APP,2025-03-12,Sat,GES,2,103.32,18.0,1
2025-01-12,ILO,DOM,MNL HUB,MNLILO,PR  2141,Y,Economy Saver,,OTA,2024-10-24,Sun,JNU,1,47.92,95.0,0
2025-02-27,DRP,DOM,MNL HUB,MNLDRP,PR  2919,J,Economy Value,DOM,WEB/APP,2025-01-20,Thu,MNL,3,79.84,53.0,1
2025-03-21,CEB,DOM,MNL HUB,MNLCEB,PR  2859,Y,Economy Flex,SEA,OTA,2025-03-20,Fri,MNL,3,274.66,16.0,1
2025-03-31,ILO,DOM,MNL HUB,ILOMNL,PR  2144,Y,Economy Value,Offline,Traditional Travel Agency,2025-01-21,Mon,MNL,1,151.92,84.0,0
2025-01-08,CEB,DOM,MNL HUB,CEBMNL,PR  1846,Y,Economy Value,DOM,Corporate Web Portal,2025-01-06,Wed,CEB,1,120.47,17.0,0
2025-03-21,DVO,DOM,MNL HUB,MNLDVO,PR  2813,Y,Economy Value,DOM,WEB/APP,2025-02-27,Fri,MNL,1,98.94,37.0,0
2025-04-10,BCD,DOM,MNL HUB,MNLBCD,PR  2135,Y,Economy Saver,SEA,OTA,2025-03-01,Thu,SIN,1,32.7,55.0,0
2025-03-04,TAG,DOM,MNL HUB,MNLTAG,PR  2773,Y,Economy Saver,DOM,WEB/APP,2025-02-23,Tue,MNL,3,64.34,24.0,1
2025-04-24,DVO,DOM,MNL HUB,DVOMNL,PR  1806,Y,Economy Saver,DOM,OTA,2025-04-09,Thu,DVO,1,73.25,30.0,0
2025-04-26,CEB,DOM,MNL HUB,MNLCEB,PR  1845,Y,Economy Value,DOM,WEB/APP,2025-04-07,Sat,MNL,1,93.39,34.0,0
2025-02-21,CEB,DOM,MNL HUB,CEBMNL,PR  2868,J,Business Flex,DOM,Traditional Travel Agency,2025-02-17,Fri,MNL,1,262.2,19.0,0
2025-01-31,CEB,DOM,MNL HUB,CEBMNL,PR  1862,Y,Economy Value,DOM,WEB/APP,2025-01-23,Fri,MNL,1,119.88,23.0,0
2025-04-01,TAC,DOM,MNL HUB,TACMNL,PR  2982,Y,Economy Supersaver,DOM,OTA,2025-02-17,Tue,TAC,3,25.12,58.0,1
2025-02-21,DVO,DOM,MNL HUB,MNLDVO,PR  2811,Y,Economy Supersaver,DOM,Traditional Travel Agency,2025-01-22,Fri,MNL,1,32.96,45.0,0
2025-03-17,DVO,DOM,MNL HUB,MNLDVO,PR  2811,Y,Economy Value,DOM,Corporate Web Portal,2025-03-12,Mon,DVO,1,111.78,20.0,0
2025-03-08,CEB,DOM,MNL HUB,CEBMNL,PR  2850,Y,Economy Value,DOM,WEB/APP,2025-02-16,Sat,CEB,1,93.74,35.0,0
2025-01-05,BCD,DOM,MNL HUB,MNLBCD,PR  2131,J,Economy Saver,DOM,Traditional Travel Agency,2024-09-10,Sun,MNL,2,39.35,132.0,1
2025-03-19,CGY,DOM,MNL HUB,MNLCGY,PR  2527,Y,Economy Value,DOM,WEB/APP,2025-03-13,Wed,MNL,1,90.84,21.0,0
2025-03-29,PPS,DOM,MNL HUB,PPSMNL,PR  2788,J,Economy Flex,DOM,Ticket Office,2025-03-27,Sat,PPS,1,210.27,17.0,0
2025-02-27,CEB,DOM,MNL HUB,MNLCEB,PR  2845,Y,Economy Value,DOM,WEB/APP,2025-02-19,Thu,MNL,1,93.28,23.0,0
2025-04-02,CEB,DOM,MNL HUB,MNLCEB,PR  1841,J,Economy Supersaver,DOM,WEB/APP,2025-03-25,Wed,CEB,1,45.3,23.0,0
2025-03-02,DVO,DOM,MNL HUB,DVOMNL,PR  1806,Y,Economy Value,DOM,Ticket Office,2025-02-27,Sun,DVO,1,123.94,18.0,0
2025-02-28,CYZ,DOM,MNL HUB,CYZMNL,PR  2019,Y,Economy Value,DOM,Corporate Web Portal,2025-01-31,Fri,CYZ,2,80.62,43.0,1
2025-02-27,CBO,DOM,MNL HUB,CBOMNL,PR  2958,Y,Economy Supersaver,DOM,WEB/APP,2024-11-04,Thu,CBO,1,27.0,130.0,0
2025-04-01,CEB,DOM,MNL HUB,CEBMNL,PR  1846,Y,Economy Saver,DOM,Traditional Travel Agency,2025-03-03,Tue,CEB,1,71.27,44.0,0
2025-01-02,IAO,DOM,MNL HUB,MNLIAO,PR  2973,J,Economy Flex,DOM,WEB/APP,2024-12-27,Thu,MNL,2,301.21,21.0,1
2025-01-06,CEB,DOM,MNL HUB,CEBMNL,PR  2864,Y,Economy Supersaver,DOM,Contact Center,2025-01-01,Mon,TAC,1,59.73,20.0,0
2025-01-07,PPS,DOM,MNL HUB,MNLPPS,PR  2787,Y,Economy Saver,,Traditional Travel Agency,2024-11-07,Tue,MPH,4,98.03,76.0,1
2025-04-25,ILO,DOM,MNL HUB,ILOMNL,PR  2144,J,Economy Flex,,Sea Crew,2025-04-22,Fri,ILO,1,253.23,18.0,0
2025-03-23,CGY,DOM,MNL HUB,MNLCGY,PR  2519,Y,Economy Saver,DOM,Ticket Office,2025-03-13,Sun,MNL,3,57.34,25.0,1
2025-02-08,CEB,DOM,MNL HUB,CEBMNL,PR  2858,J,Economy Supersaver,DOM,WEB/APP,2025-02-05,Sat,CEB,6,36.89,18.0,1
2025-01-08,DVO,DOM,MNL HUB,DVOMNL,PR  2822,J,Economy Supersaver,DOM,Traditional Travel Agency,2024-12-11,Wed,DVO,1,32.92,43.0,0
2025-03-23,DVO,DOM,MNL HUB,MNLDVO,PR  2815,J,Economy Supersaver,DOM,WEB/APP,2025-03-03,Sun,MNL,4,43.3,35.0,1
2025-04-05,PPS,DOM,MNL HUB,PPSMNL,PR  2780,J,Economy Supersaver,DOM,Ticket Office,2025-02-14,Sat,MNL,3,27.67,65.0,1
2025-04-13,CEB,DOM,MNL HUB,MNLCEB,PR  2859,J,Economy Value,DOM,OTA,2025-04-08,Sun,MNL,1,99.46,20.0,0
2025-02-04,MPH,DOM,MNL HUB,MPHMNL,PR  2040,Y,Economy Saver,DOM,WEB/APP,2025-01-13,Tue,MNL,2,63.64,37.0,1
2025-01-27,USU,DOM,MNL HUB,MNLUSU,PR  2965,J,Economy Supersaver,DOM,WEB/APP,2024-07-18,Mon,MNL,2,44.24,208.0,1
2025-03-01,ZAM,DOM,MNL HUB,MNLZAM,PR  2949,Y,Economy Flex,ROW,,2025-01-14,Sat,RUH,1,228.72,61.0,0
2025-04-02,CEB,DOM,MNL HUB,MNLCEB,PR  2869,Y,Economy Saver,DOM,WEB/APP,2025-04-02,Wed,MNL,1,73.35,15.0,0
2025-02-16,GES,DOM,MNL HUB,GESMNL,PR  454,Y,Economy Saver,,Sea Crew,2025-01-25,Sun,GES,1,119.91,37.0,0
2025-03-15,ZAM,DOM,MNL HUB,MNLZAM,PR  2997,Y,Economy Saver,DOM,Traditional Travel Agency,2025-03-08,Sat,MNL,2,73.8,22.0,1
2025-03-20,DVO,DOM,MNL HUB,DVOMNL,PR  1804,Y,Economy Flex,Offline,Traditional Travel Agency,2025-01-07,Thu,DAC,1,136.5,87.0,0
2025-02-28,DVO,DOM,MNL HUB,DVOMNL,PR  2824,Y,Economy Value,DOM,WEB/APP,2025-02-26,Fri,DVO,3,114.26,17.0,1
2025-01-23,KLO,DOM,MNL HUB,KLOMNL,PR  2970,Y,Economy Saver,,OTA,2024-08-21,Thu,PDX,4,41.63,170.0,1
2025-04-02,BCD,DOM,MNL HUB,MNLBCD,PR  2137,Y,Economy Saver,DOM,WEB/APP,2025-03-31,Wed,MNL,2,74.83,17.0,1
2025-02-17,BCD,DOM,MNL HUB,BCDMNL,PR  2134,J,Economy Value,DOM,WEB/APP,2025-02-05,Mon,BCD,1,88.36,27.0,0
2025-03-15,MPH,DOM,MNL HUB,MPHMNL,PR  2040,J,Economy Value,DOM,WEB/APP,2024-11-26,Sat,MNL,1,110.26,124.0,0
2025-04-27,PPS,DOM,MNL HUB,PPSMNL,PR  2786,Y,Economy Saver,DOM,WEB/APP,2025-04-02,Sun,PPS,2,62.21,40.0,1
2025-02-16,GES,DOM,MNL HUB,GESMNL,PR  456,Y,Economy Flex,DOM,Sea Crew,2025-02-14,Sun,GES,1,172.77,17.0,0
2025-03-22,USU,DOM,MNL HUB,USUMNL,PR  2966,Y,Economy Value,DOM,WEB/APP,2024-11-23,Sat,MNL,1,154.15,134.0,0
2025-01-07,DRP,DOM,MNL HUB,DRPMNL,PR  2922,Y,Economy Value,DOM,WEB/APP,2024-12-02,Tue,DRP,2,126.99,51.0,1
2025-02-06,USU,DOM,MNL HUB,USUMNL,PR  2962,J,Economy Flex,DOM,Traditional Travel Agency,2025-01-18,Thu,USU,1,191.0,34.0,0
2025-03-12,USU,DOM,MNL HUB,USUMNL,PR  2964,J,Economy Saver,Offline,OTA,2024-12-26,Wed,USU,2,30.13,91.0,1
2025-01-14,BCD,DOM,MNL HUB,BCDMNL,PR  2136,Y,Economy Value,DOM,Traditional Travel Agency,2025-01-09,Tue,BCD,4,90.24,20.0,1
2025-03-03,TAC,DOM,MNL HUB,MNLTAC,PR  2981,Y,Economy Saver,DOM,Corporate Web Portal,2025-02-24,Mon,MNL,3,89.54,22.0,1
2025-02-13,CBO,DOM,MNL HUB,CBOMNL,PR  2960,Y,Economy Value,DOM,WEB/APP,2025-01-24,Thu,CBO,1,88.78,35.0,0
2025-04-28,CEB,DOM,MNL HUB,CEBMNL,PR  1852,J,Business Flex,DOM,WEB/APP,2025-04-27,Mon,CEB,1,272.95,16.0,0
2025-04-12,GES,DOM,MNL HUB,GESMNL,PR  454,Y,Economy Supersaver,DOM,OTA,2025-03-14,Sat,GES,1,49.36,44.0,0
2025-04-24,PPS,DOM,MNL HUB,MNLPPS,PR  2781,Y,Economy Value,DOM,Traditional Travel Agency,2025-04-15,Thu,MNL,3,108.61,24.0,1
2025-01-04,TAC,DOM,MNL HUB,TACMNL,PR  2988,Y,Economy Supersaver,DOM,Sea Crew,2024-11-27,Sat,MNL,2,51.5,53.0,1
2025-03-05,CRM,DOM,MNL HUB,CRMMNL,PR  2080,Y,Economy Value,DOM,WEB/APP,2024-03-20,Wed,MNL,1,110.97,365.0,0
2025-01-24,DVO,DOM,MNL HUB,MNLDVO,PR  2823,J,Economy Flex,DOM,WEB/APP,2025-01-15,Fri,DVO,1,156.73,24.0,0
2025-04-11,ZAM,DOM,MNL HUB,MNLZAM,PR  2953,Y,Economy Saver,DOM,Traditional Travel Agency,2025-03-27,Fri,ZAM,6,84.54,30.0,1
2025-03-01,CEB,DOM,MNL HUB,MNLCEB,PR  2861,J,Economy Saver,AUS,OTA,2025-02-08,Sat,PER,1,63.05,36.0,0
2025-04-01,ILO,DOM,MNL HUB,ILOMNL,PR  2144,Y,Economy Saver,DOM,WEB/APP,2025-03-02,Tue,ILO,2,37.57,45.0,1
2025-04-01,MPH,DOM,MNL HUB,MNLMPH,PR  2047,J,Economy Supersaver,DOM,OTA,2025-03-03,Tue,MNL,1,46.88,44.0,0
2025-03-25,ILO,DOM,MNL HUB,ILOMNL,PR  2148,Y,Economy Supersaver,DOM,OTA,2025-03-17,Tue,MNL,1,19.12,23.0,0
2025-01-01,CEB,DOM,MNL HUB,MNLCEB,PR  2863,J,Economy Value,AUS,Traditional Travel Agency,2024-10-10,Wed,SYD,3,114.6,98.0,1
2025-02-09,CEB,DOM,MNL HUB,CEBMNL,PR  2854,J,Economy Saver,DOM,WEB/APP,2025-01-23,Sun,CEB,2,85.99,32.0,1
2025-03-18,ILO,DOM,MNL HUB,MNLILO,PR  2143,Y,Economy Supersaver,DOM,Traditional Travel Agency,2025-02-26,Tue,MNL,1,41.58,35.0,0
2025-03-05,ILO,DOM,MNL HUB,ILOMNL,PR  2142,Y,Economy Saver,DOM,Ticket Office,2025-02-12,Wed,ILO,10,57.46,36.0,1
2025-03-13,DVO,DOM,MNL HUB,MNLDVO,PR  1809,Y,Economy Saver,DOM,Traditional Travel Agency,2025-03-04,Thu,MNL,1,63.23,24.0,0
2025-03-30,DVO,DOM,MNL HUB,MNLDVO,PR  1801,Y,Economy Supersaver,DOM,WEB/APP,2025-03-09,Sun,DVO,2,42.76,36.0,1
2025-02-15,ZAM,DOM,MNL HUB,MNLZAM,PR  2997,Y,Economy Saver,DOM,WEB/APP,2025-02-03,Sat,MNL,2,57.67,27.0,1
2025-01-14,GES,DOM,MNL HUB,GESMNL,PR  454,W,Premium Economy,DOM,WEB/APP,2025-01-13,Tue,GES,3,259.27,16.0,1
2025-02-28,CEB,DOM,MNL HUB,CEBMNL,PR  2854,J,Business Flex,DOM,Traditional Travel Agency,2025-02-17,Fri,MNL,1,242.34,26.0,0
2025-01-30,CGY,DOM,MNL HUB,CGYMNL,PR  2520,Y,Economy Supersaver,DOM,WEB/APP,2024-10-17,Thu,CGY,2,35.65,120.0,1
2025-01-21,CBO,DOM,MNL HUB,CBOMNL,PR  2958,J,Economy Saver,DOM,WEB/APP,2024-11-30,Tue,CBO,1,59.91,67.0,0
2025-04-28,BCD,DOM,MNL HUB,MNLBCD,PR  2137,Y,Economy Flex,DOM,Traditional Travel Agency,2025-04-14,Mon,MNL,1,144.25,29.0,0
2025-02-16,TAC,DOM,MNL HUB,MNLTAC,PR  2987,Y,Economy Value,DOM,Corporate Web Portal,2025-01-20,Sun,TAC,1,108.99,42.0,0
2025-02-18,USU,DOM,MNL HUB,USUMNL,PR  2964,Y,Economy Saver,,Traditional Travel Agency,2025-01-23,Tue,USU,2,149.87,41.0,1
2025-03-11,BCD,DOM,MNL HUB,BCDMNL,PR  2134,Y,Economy Value,DOM,Traditional Travel Agency,2025-02-28,Tue,BCD,1,80.74,26.0,0
2025-01-08,DPL,DOM,MNL HUB,MNLDPL,PR  2557,J,Economy Supersaver,DOM,Traditional Travel Agency,2024-11-22,Wed,MNL,1,47.44,62.0,0
2025-04-03,CYZ,DOM,MNL HUB,CYZMNL,PR  2019,Y,Economy Flex,DOM,Ticket Office,2025-03-25,Thu,MNL,1,123.75,24.0,0
2025-04-25,TAG,DOM,MNL HUB,TAGMNL,PR  2776,J,Economy Saver,DOM,WEB/APP,2025-03-09,Fri,MNL,1,65.82,62.0,0
2025-02-21,TAG,DOM,MNL HUB,MNLTAG,PR  2775,Y,Economy Supersaver,DOM,Traditional Travel Agency,2025-02-19,Fri,MNL,1,60.43,17.0,0
2025-02-16,CGY,DOM,MNL HUB,MNLCGY,PR  2529,Y,Economy Saver,DOM,WEB/APP,2025-02-02,Sun,MNL,1,66.66,29.0,0
2025-04-10,BXU,DOM,MNL HUB,MNLBXU,PR  2967,Y,Economy Value,DOM,Traditional Travel Agency,2025-03-16,Thu,BXU,1,92.56,40.0,0
2025-02-26,CEB,DOM,MNL HUB,MNLCEB,PR  2869,Y,Economy Supersaver,DOM,Traditional Travel Agency,2025-02-15,Wed,CEB,2,21.45,26.0,1
2025-02-07,LAO,DOM,MNL HUB,LAOMNL,PR  2197,W,Premium Economy,DOM,Contact Center,2024-10-02,Fri,HNL,1,83.25,143.0,0
2025-03-18,CEB,DOM,MNL HUB,CEBMNL,PR  2858,Y,Economy Supersaver,DOM,WEB/APP,2025-03-09,Tue,CEB,1,36.56,24.0,0
2025-01-17,TAC,DOM,MNL HUB,MNLTAC,PR  2981,Y,Economy Saver,DOM,Ticket Office,2025-01-03,Fri,MNL,9,97.42,29.0,1
2025-01-22,BXU,DOM,MNL HUB,BXUMNL,PR  2968,Y,Economy Value,DOM,WEB/APP,2025-01-14,Wed,BXU,1,91.08,23.0,0
2025-02-04,IAO,DOM,MNL HUB,MNLIAO,PR  2973,Y,Economy Supersaver,AUS,OTA,2025-01-07,Tue,TPE,2,52.46,43.0,1
2025-04-12,BCD,DOM,MNL HUB,BCDMNL,PR  2132,W,Premium Economy,DOM,WEB/APP,2025-03-02,Sat,MNL,1,196.29,56.0,0
2025-02-25,CEB,DOM,MNL HUB,CEBMNL,PR  2880,Y,Economy Saver,DOM,Traditional Travel Agency,2025-02-20,Tue,CEB,3,67.38,20.0,1
2025-02-08,GES,DOM,MNL HUB,MNLGES,PR  455,J,Economy Value,DOM,WEB/APP,2025-02-06,Sat,MNL,1,136.03,17.0,0
2025-02-15,CGY,DOM,MNL HUB,MNLCGY,PR  2525,Y,Economy Flex,DOM,Traditional Travel Agency,2025-02-15,Sat,MNL,2,163.6,15.0,1
2025-01-31,ILO,DOM,MNL HUB,MNLILO,PR  2145,Y,Economy Supersaver,DOM,WEB/APP,2025-01-09,Fri,MNL,2,29.08,37.0,1
2025-04-01,ILO,DOM,MNL HUB,ILOMNL,PR  2140,Y,Economy Supersaver,,Traditional Travel Agency,2025-02-04,Tue,ILO,1,49.76,71.0,0
2025-02-27,DPL,DOM,MNL HUB,DPLMNL,PR  2558,Y,Economy Saver,DOM,WEB/APP,2025-01-15,Thu,DPL,1,53.97,58.0,0
2025-04-02,CBO,DOM,MNL HUB,CBOMNL,PR  2958,Y,Economy Saver,DOM,OTA,2025-03-16,Wed,CBO,1,58.52,32.0,0
2025-02-18,CEB,DOM,MNL HUB,MNLCEB,PR  1861,Y,Economy Value,DOM,Corporate Web Portal,2025-02-17,Tue,MNL,1,107.08,16.0,0
2025-02-13,CEB,DOM,MNL HUB,CEBMNL,PR  2836,Y,Economy Value,DOM,WEB/APP,2025-02-12,Thu,CEB,4,119.12,16.0,1
2025-02-26,PPS,DOM,MNL HUB,MNLPPS,PR  2787,Y,Economy Flex,DOM,WEB/APP,2025-02-23,Wed,MNL,1,149.88,18.0,0
2025-04-05,CEB,DOM,MNL HUB,CEBMNL,PR  1846,Y,Economy Saver,DOM,Ticket Office,2025-03-26,Sat,CEB,2,71.18,25.0,1
2025-04-03,ILO,DOM,MNL HUB,MNLILO,PR  2143,Y,Economy Saver,Offline,Traditional Travel Agency,2025-03-17,Thu,BAH,1,12.3,32.0,0
2025-01-25,CGY,DOM,MNL HUB,CGYMNL,PR  2528,J,Economy Supersaver,DOM,Contact Center,2025-01-06,Sat,CGY,1,41.42,34.0,0
2025-02-28,DRP,DOM,MNL HUB,DRPMNL,PR  2922,W,Premium Economy,ME,WEB/APP,2025-02-13,Fri,DOH,1,222.39,30.0,0
2025-03-04,GES,DOM,MNL HUB,GESMNL,PR  454,J,Economy Supersaver,DOM,WEB/APP,2024-08-12,Tue,GES,1,27.65,219.0,0
2025-03-01,TAC,DOM,MNL HUB,TACMNL,PR  2986,Y,Economy Flex,DOM,Traditional Travel Agency,2025-02-25,Sat,TAC,2,154.84,19.0,1
2025-01-06,CEB,DOM,MNL HUB,MNLCEB,PR  2835,J,Economy Supersaver,DOM,WEB/APP,2024-08-21,Mon,CEB,2,36.23,153.0,1
2025-04-09,DVO,DOM,MNL HUB,MNLDVO,PR  1813,Y,Economy Saver,,Traditional Travel Agency,2025-03-31,Wed,MNL,2,107.26,24.0,1
2025-04-10,EUQ,DOM,MNL HUB,EUQMNL,PR  2906,Y,Economy Saver,DOM,OTA,2025-04-04,Thu,EUQ,1,85.93,21.0,0
2025-02-28,CGY,DOM,MNL HUB,MNLCGY,PR  2527,Y,Economy Saver,DOM,WEB/APP,2025-02-05,Fri,CGY,1,55.12,38.0,0
2025-01-28,ILO,DOM,MNL HUB,ILOMNL,PR  2142,Y,Economy Saver,DOM,Contact Center,2024-08-09,Tue,MNL,1,92.0,187.0,0
2025-04-11,CEB,DOM,MNL HUB,MNLCEB,PR  2867,Y,Economy Value,DOM,WEB/APP,2025-04-04,Fri,CEB,1,98.42,22.0,0
2025-01-01,GES,DOM,MNL HUB,MNLGES,PR  453,J,Economy Saver,DOM,Sea Crew,2024-11-13,Wed,MNL,1,84.99,64.0,0
2025-02-12,ILO,DOM,MNL HUB,ILOMNL,PR  2146,Y,Economy Saver,DOM,Contact Center,2025-02-04,Wed,MNL,1,65.68,23.0,0
2025-04-08,DVO,DOM,MNL HUB,DVOMNL,PR  1820,Y,Economy Value,DOM,Traditional Travel Agency,2025-03-24,Tue,DVO,2,97.42,30.0,1
2025-01-13,CEB,DOM,MNL HUB,MNLCEB,PR  2849,Y,Economy Value,Offline,OTA,2025-01-08,Mon,HAN,2,104.31,20.0,1
2025-04-03,IAO,DOM,MNL HUB,IAOMNL,PR  2974,Y,Economy Value,,OTA,2025-01-13,Thu,MNL,3,198.3,95.0,1
2025-04-11,CGY,DOM,MNL HUB,MNLCGY,PR  1519,Y,Economy Value,DOM,Ticket Office,2025-04-07,Fri,MNL,1,136.19,19.0,0
2025-04-03,CEB,DOM,MNL HUB,MNLCEB,PR  1851,Y,Economy Supersaver,DOM,WEB/APP,2025-03-27,Thu,MNL,2,43.21,22.0,1
2025-03-17,ZAM,DOM,MNL HUB,ZAMMNL,PR  2994,Y,Economy Saver,DOM,Ticket Office,2025-03-07,Mon,ZAM,1,61.63,25.0,0
2025-03-24,MPH,DOM,MNL HUB,MNLMPH,PR  2041,J,Economy Flex,DOM,Contact Center,2025-03-23,Mon,MNL,2,181.31,16.0,1
2025-04-13,DVO,DOM,MNL HUB,DVOMNL,PR  2816,J,Economy Saver,DOM,Ticket Office,2025-03-19,Sun,MNL,2,61.78,40.0,1
2025-04-10,GES,DOM,MNL HUB,MNLGES,PR  2455,Y,Economy Flex,ME,Traditional Travel Agency,2025-04-01,Thu,RUH,1,212.86,24.0,0
2025-03-11,CYP,DOM,MNL HUB,CYPMNL,PR  2672,Y,Economy Saver,DOM,WEB/APP,2025-01-22,Tue,MNL,1,104.43,63.0,0
2025-03-07,USU,DOM,MNL HUB,USUMNL,PR  2962,Y,Economy Value,DOM,WEB/APP,2024-12-17,Fri,USU,1,155.79,95.0,0
2025-01-03,BCD,DOM,MNL HUB,BCDMNL,PR  2138,Y,Economy Value,DOM,Contact Center,2024-11-24,Fri,MNL,2,78.05,55.0,1
2025-01-22,DVO,DOM,MNL HUB,DVOMNL,PR  2824,Y,Economy Supersaver,DOM,Traditional Travel Agency,2025-01-17,Wed,DVO,3,49.69,20.0,1
2025-03-05,CBO,DOM,MNL HUB,MNLCBO,PR  2959,Y,Economy Saver,DOM,Traditional Travel Agency,2025-02-20,Wed,CBO,1,77.31,28.0,0
2025-03-26,CEB,DOM,MNL HUB,MNLCEB,PR  2849,Y,Economy Value,DOM,Traditional Travel Agency,2025-02-21,Wed,CEB,1,96.46,48.0,0
2025-01-07,TAG,DOM,MNL HUB,TAGMNL,PR  2778,Y,Economy Value,DOM,WEB/APP,2025-01-02,Tue,MNL,5,121.76,20.0,1
2025-04-04,ILO,DOM,MNL HUB,ILOMNL,PR  2140,Y,Economy Value,,Sea Crew,2025-04-02,Fri,ILO,1,133.59,17.0,0
2025-03-04,MPH,DOM,MNL HUB,MNLMPH,PR  2047,Y,Economy Supersaver,DOM,Traditional Travel Agency,2025-01-22,Tue,MNL,3,24.34,56.0,1
2025-02-01,TAG,DOM,MNL HUB,MNLTAG,PR  2777,J,Economy Supersaver,ME,Traditional Travel Agency,2024-10-28,Sat,RUH,1,56.51,111.0,0
2025-02-04,ILO,DOM,MNL HUB,ILOMNL,PR  2146,Y,Economy Saver,DOM,Contact Center,2024-12-30,Tue,MNL,1,56.99,51.0,0
2025-03-16,MPH,DOM,MNL HUB,MPHMNL,PR  2042,Y,Economy Saver,DOM,WEB/APP,2025-01-13,Sun,MNL,5,83.32,77.0,1
2025-04-07,CEB,DOM,MNL HUB,CEBMNL,PR  1864,Y,Economy Supersaver,,OTA,2025-03-26,Mon,MNL,1,44.07,27.0,0
2025-01-07,DVO,DOM,MNL HUB,MNLDVO,PR  1809,Y,Economy Supersaver,G.CN,WEB/APP,2024-12-03,Tue,HKG,3,45.39,50.0,1
2025-04-09,GES,DOM,MNL HUB,MNLGES,PR  451,Y,Economy Value,DOM,Traditional Travel Agency,2025-04-03,Wed,MNL,1,104.47,21.0,0
2025-03-25,CEB,DOM,MNL HUB,CEBMNL,PR  1842,Y,Economy Value,DOM,WEB/APP,2025-03-24,Tue,CEB,3,139.42,16.0,1
2025-02-16,BCD,DOM,MNL HUB,BCDMNL,PR  2132,J,Economy Value,DOM,WEB/APP,2025-02-03,Sun,BCD,1,90.24,28.0,0
2025-03-14,USU,DOM,MNL HUB,MNLUSU,PR  2963,W,Premium Economy,DOM,WEB/APP,2024-11-22,Fri,MNL,5,319.72,127.0,1
2025-04-12,DVO,DOM,MNL HUB,DVOMNL,PR  1814,J,Economy Value,DOM,Corporate Web Portal,2025-04-10,Sat,DVO,2,117.41,17.0,1
2025-04-27,BCD,DOM,MNL HUB,BCDMNL,PR  2138,Y,Economy Value,SEA,OTA,2025-04-24,Sun,BCD,4,131.11,18.0,1
2025-04-01,DPL,DOM,MNL HUB,MNLDPL,PR  2557,Y,Economy Saver,DOM,Traditional Travel Agency,2025-03-01,Tue,DPL,1,65.08,46.0,0
2025-03-22,DVO,DOM,MNL HUB,MNLDVO,PR  1803,Y,Economy Saver,DOM,WEB/APP,2025-03-18,Sat,CGY,1,63.14,19.0,0
2025-03-27,EUQ,DOM,MNL HUB,MNLEUQ,PR  2905,Y,Economy Supersaver,DOM,WEB/APP,2025-02-26,Thu,MNL,1,40.95,44.0,0
2025-03-20,TAC,DOM,MNL HUB,MNLTAC,PR  2985,Y,Economy Supersaver,DOM,Traditional Travel Agency,2024-12-31,Thu,MNL,1,13.69,94.0,0
2025-01-19,BCD,DOM,MNL HUB,MNLBCD,PR  2137,J,Economy Value,DOM,WEB/APP,2025-01-08,Sun,BCD,4,79.82,26.0,1
2025-03-07,DVO,DOM,MNL HUB,MNLDVO,PR  2823,Y,Economy Value,DOM,WEB/APP,2025-02-27,Fri,DVO,2,98.05,23.0,1
2025-03-28,PPS,DOM,MNL HUB,MNLPPS,PR  2779,J,Economy Supersaver,DOM,OTA,2025-02-19,Fri,MNL,1,27.66,52.0,0
2025-01-10,CGY,DOM,MNL HUB,MNLCGY,PR  2525,Y,Economy Flex,G.CN,Traditional Travel Agency,2025-01-08,Fri,MNL,2,221.76,17.0,1
2025-03-27,CEB,DOM,MNL HUB,CEBMNL,PR  1842,Y,Economy Saver,DOM,Traditional Travel Agency,2025-03-21,Thu,CEB,2,62.4,21.0,1
2025-03-25,CGY,DOM,MNL HUB,MNLCGY,PR  2525,Y,Economy Flex,DOM,WEB/APP,2025-03-23,Tue,MNL,1,148.0,17.0,0
2025-03-18,TAC,DOM,MNL HUB,MNLTAC,PR  2985,J,Economy Flex,DOM,WEB/APP,2025-03-14,Tue,MNL,2,161.26,19.0,1
2025-03-17,DVO,DOM,MNL HUB,MNLDVO,PR  1809,J,Economy Supersaver,DOM,WEB/APP,2025-03-03,Mon,DVO,1,35.03,29.0,0
2025-04-25,ILO,DOM,MNL HUB,ILOMNL,PR  2148,Y,Economy Value,DOM,WEB/APP,2025-04-17,Fri,MNL,2,124.5,23.0,1
2025-04-08,DVO,DOM,MNL HUB,MNLDVO,PR  2815,Y,Economy Saver,DOM,Traditional Travel Agency,2025-04-02,Tue,DVO,1,74.02,21.0,0
2025-03-01,DPL,DOM,MNL HUB,DPLMNL,PR  2558,Y,Economy Supersaver,DOM,WEB/APP,2025-01-26,Sat,DPL,3,33.48,49.0,1
2025-02-01,ZAM,DOM,MNL HUB,ZAMMNL,PR  2950,Y,Economy Saver,DOM,Contact Center,2024-11-26,Sat,ZAM,2,43.11,82.0,1
2025-03-06,CEB,DOM,MNL HUB,MNLCEB,PR  1861,Y,Economy Value,DOM,WEB/APP,2025-03-02,Thu,MNL,2,97.8,19.0,1
2025-01-23,TAG,DOM,MNL HUB,TAGMNL,PR  2776,Y,Economy Supersaver,DOM,Contact Center,2025-01-04,Thu,TAG,2,44.83,34.0,1
2025-02-19,GES,DOM,MNL HUB,MNLGES,PR  453,Y,Economy Value,DOM,WEB/APP,2025-02-15,Wed,MNL,2,102.24,19.0,1
2025-04-04,CEB,DOM,MNL HUB,MNLCEB,PR  2869,J,Economy Value,DOM,WEB/APP,2025-04-01,Fri,MNL,1,97.17,18.0,0
2025-04-10,TAC,DOM,MNL HUB,MNLTAC,PR  2987,J,Economy Supersaver,DOM,OTA,2025-02-22,Thu,MNL,1,50.85,62.0,0
2025-02-13,LAO,DOM,MNL HUB,LAOMNL,PR  2199,Y,Economy Saver,AUS,TMC,2025-01-24,Thu,LAO,3,128.09,35.0,1
2025-01-01,TAC,DOM,MNL HUB,TACMNL,PR  2986,Y,Economy Flex,DOM,Ticket Office,2024-12-24,Wed,TAC,1,19.84,23.0,0
2025-02-27,OZC,DOM,MNL HUB,OZCMNL,PR  2890,Y,Economy Saver,DOM,Contact Center,2025-01-27,Thu,LAX,1,77.22,46.0,0
2025-01-27,CGY,DOM,MNL HUB,CGYMNL,PR  2528,J,Economy Value,DOM,WEB/APP,2025-01-22,Mon,CGY,2,99.41,20.0,1
2025-03-27,DVO,DOM,MNL HUB,DVOMNL,PR  1810,J,Economy Saver,DOM,Sea Crew,2025-03-20,Thu,DVO,1,66.66,22.0,0
2025-02-10,TAC,DOM,MNL HUB,TACMNL,PR  2988,Y,Economy Value,DOM,Ticket Office,2025-02-06,Mon,TAC,1,38.52,19.0,0
2025-02-24,CBO,DOM,MNL HUB,MNLCBO,PR  2959,J,Economy Value,DOM,WEB/APP,2025-01-27,Mon,MNL,1,85.65,43.0,0
2025-01-11,TAC,DOM,MNL HUB,TACMNL,PR  2986,Y,Economy Value,DOM,WEB/APP,2025-01-07,Sat,TAC,4,131.5,19.0,1
2025-03-11,BCD,DOM,MNL HUB,MNLBCD,PR  2131,Y,Economy Value,DOM,Sea Crew,2025-03-10,Tue,MNL,1,92.28,16.0,0
2025-01-27,PPS,DOM,MNL HUB,PPSMNL,PR  2782,Y,Economy Saver,ME,Traditional Travel Agency,2024-06-06,Mon,DOH,1,50.48,250.0,0
2025-04-09,LAO,DOM,MNL HUB,MNLLAO,PR  2198,Y,Economy Supersaver,SEA,WEB/APP,2025-02-25,Wed,SIN,1,36.46,58.0,0
2025-02-25,DVO,DOM,MNL HUB,DVOMNL,PR  2824,J,Economy Supersaver,AUS,OTA,2025-01-13,Tue,DVO,2,38.76,58.0,1
2025-01-10,ILO,DOM,MNL HUB,ILOMNL,PR  2144,W,Premium Economy,DOM,WEB/APP,2024-05-31,Fri,MNL,2,216.88,239.0,1
2025-04-29,ILO,DOM,MNL HUB,ILOMNL,PR  2148,Y,Economy Supersaver,DOM,OTA,2025-01-18,Tue,ILO,10,15.95,116.0,1
2025-01-04,DPL,DOM,MNL HUB,MNLDPL,PR  2557,Y,Economy Supersaver,DOM,WEB/APP,2024-06-19,Sat,DPL,2,24.87,214.0,1
2025-04-12,DGT,DOM,MNL HUB,DGTMNL,PR  2544,J,Economy Saver,DOM,WEB/APP,2025-03-20,Sat,DGT,1,49.53,38.0,0
2025-03-12,PPS,DOM,MNL HUB,MNLPPS,PR  2785,Y,Economy Supersaver,DOM,Traditional Travel Agency,2025-02-03,Wed,MNL,1,22.7,52.0,0
2025-01-14,DVO,DOM,MNL HUB,MNLDVO,PR  2813,Y,Economy Flex,JAP,Traditional Travel Agency,2025-01-13,Tue,HND,3,301.26,16.0,1
2025-01-02,BCD,DOM,MNL HUB,MNLBCD,PR  2131,Y,Economy Value,DOM,Ticket Office,2024-12-16,Thu,BCD,1,73.83,32.0,0
2025-04-27,DVO,DOM,MNL HUB,DVOMNL,PR  1806,Y,Economy Saver,DOM,WEB/APP,2025-04-03,Sun,DVO,1,62.63,39.0,0
2025-02-19,TUG,DOM,MNL HUB,MNLTUG,PR  2014,Y,Economy Supersaver,DOM,WEB/APP,2025-02-14,Wed,TUG,3,19.93,20.0,1
2025-04-09,CEB,DOM,MNL HUB,CEBMNL,PR  2846,Y,Economy Value,Offline,Traditional Travel Agency,2025-02-22,Wed,KWI,1,23.2,61.0,0
2025-03-12,CGY,DOM,MNL HUB,MNLCGY,PR  2525,Y,Economy Supersaver,DOM,Ticket Office,2025-02-28,Wed,MNL,2,41.13,27.0,1
2025-01-06,GES,DOM,MNL HUB,MNLGES,PR  453,Y,Economy Value,JAP,Ticket Office,2024-10-08,Mon,CEB,1,123.08,105.0,0
2025-02-15,DPL,DOM,MNL HUB,DPLMNL,PR  2558,Y,Economy Value,DOM,Traditional Travel Agency,2025-02-07,Sat,DPL,9,102.95,23.0,1
2025-04-05,DRP,DOM,MNL HUB,MNLDRP,PR  2921,J,Economy Saver,DOM,Traditional Travel Agency,2025-03-24,Sat,DRP,1,78.14,27.0,0
2025-01-28,CEB,DOM,MNL HUB,MNLCEB,PR  2853,Y,Economy Value,DOM,WEB/APP,2025-01-27,Tue,MNL,3,116.03,16.0,1
2025-04-01,TAC,DOM,MNL HUB,TACMNL,PR  2986,Y,Economy Saver,SEA,WEB/APP,2025-03-24,Tue,SIN,1,36.3,23.0,0
2025-02-05,PPS,DOM,MNL HUB,MNLPPS,PR  2779,Y,Economy Saver,DOM,Traditional Travel Agency,2025-02-05,Wed,GES,1,77.4,15.0,0
2025-03-30,TAC,DOM,MNL HUB,MNLTAC,PR  2981,Y,Economy Value,DOM,Contact Center,2025-03-23,Sun,MNL,1,110.05,22.0,0
2025-02-24,BSO,DOM,MNL HUB,MNLBSO,PR  2932,W,Premium Economy,DOM,WEB/APP,2024-11-27,Mon,MNL,2,143.12,104.0,1
2025-04-01,DVO,DOM,MNL HUB,DVOMNL,PR  1806,Y,Economy Supersaver,DOM,Ticket Office,2025-03-07,Tue,DVO,1,39.39,40.0,0
2025-02-04,CBO,DOM,MNL HUB,CBOMNL,PR  2958,Y,Economy Flex,DOM,Traditional Travel Agency,2025-02-01,Tue,CBO,1,181.53,18.0,0
2025-01-04,DVO,DOM,MNL HUB,MNLDVO,PR  1803,Y,Economy Value,DOM,WEB/APP,2024-12-30,Sat,MNL,1,92.09,20.0,0
2025-04-02,DVO,DOM,MNL HUB,MNLDVO,PR  1803,Y,Economy Supersaver,DOM,Sea Crew,2025-03-28,Wed,DVO,1,40.86,20.0,0
2025-03-06,ILO,DOM,MNL HUB,ILOMNL,PR  2148,J,Economy Saver,,Contact Center,2025-02-09,Thu,ILO,1,54.73,40.0,0
2025-04-02,GES,DOM,MNL HUB,MNLGES,PR  453,J,Economy Saver,DOM,WEB/APP,2025-03-25,Wed,MNL,5,73.69,23.0,1
2025-02-05,DVO,DOM,MNL HUB,DVOMNL,PR  2818,Y,Economy Saver,DOM,Corporate Web Portal,2025-01-15,Wed,MNL,2,81.37,36.0,1
2025-02-16,CGY,DOM,MNL HUB,CGYMNL,PR  2520,Y,Economy Flex,DOM,WEB/APP,2025-02-15,Sun,CGY,2,165.38,16.0,1
2025-02-26,DRP,DOM,MNL HUB,MNLDRP,PR  2923,Y,Economy Saver,JAP,Traditional Travel Agency,2025-02-05,Wed,KIX,1,48.31,36.0,0
2025-04-29,LAO,DOM,MNL HUB,LAOMNL,PR  2199,J,Economy Supersaver,DOM,OTA,2025-04-24,Tue,MNL,2,29.86,20.0,1
2025-04-13,CEB,DOM,MNL HUB,CEBMNL,PR  2868,J,Economy Saver,DOM,OTA,2025-04-03,Sun,MNL,1,85.36,25.0,0
2025-01-18,CEB,DOM,MNL HUB,CEBMNL,PR  1852,Y,Economy Value,DOM,WEB/APP,2025-01-17,Sat,CEB,2,135.34,16.0,1
2025-02-16,ILO,DOM,MNL HUB,MNLILO,PR  2139,Y,Economy Supersaver,DOM,WEB/APP,2025-01-29,Sun,MNL,2,25.63,33.0,1
2025-03-29,CEB,DOM,MNL HUB,CEBMNL,PR  2850,Y,Economy Value,DOM,Traditional Travel Agency,2025-03-21,Sat,MNL,3,109.97,23.0,1
2025-04-10,GES,DOM,MNL HUB,GESMNL,PR  454,Y,Economy Saver,DOM,WEB/APP,2025-03-30,Thu,GES,1,85.51,26.0,0
2025-04-07,DRP,DOM,MNL HUB,DRPMNL,PR  2922,J,Economy Supersaver,DOM,Ticket Office,2025-02-04,Mon,DRP,2,33.06,77.0,1
2025-01-16,CYZ,DOM,MNL HUB,CYZMNL,PR  2019,Y,Economy Supersaver,DOM,Traditional Travel Agency,2025-01-10,Thu,CYZ,1,33.09,21.0,0
2025-03-12,CEB,DOM,MNL HUB,MNLCEB,PR  2869,Y,Economy Supersaver,DOM,WEB/APP,2025-02-03,Wed,MNL,2,22.2,52.0,1
2025-02-18,CEB,DOM,MNL HUB,MNLCEB,PR  1845,Y,Economy Supersaver,DOM,Traditional Travel Agency,2024-11-18,Tue,MNL,1,20.48,107.0,0
2025-01-09,CEB,DOM,MNL HUB,CEBMNL,PR  2860,Y,Economy Supersaver,DOM,WEB/APP,2024-12-18,Thu,MNL,1,63.03,37.0,0
2025-02-26,CEB,DOM,MNL HUB,CEBMNL,PR  1846,Y,Economy Supersaver,DOM,WEB/APP,2025-02-15,Wed,CEB,1,50.42,26.0,0
2025-04-29,DVO,DOM,MNL HUB,DVOMNL,PR  1806,J,Economy Saver,DOM,WEB/APP,2025-04-19,Tue,DVO,5,72.73,25.0,1
2025-04-21,GES,DOM,MNL HUB,GESMNL,PR  458,J,Economy Flex,DOM,WEB/APP,2025-04-20,Mon,GES,1,246.06,16.0,0
2025-01-09,DRP,DOM,MNL HUB,MNLDRP,PR  2923,Y,Economy Saver,DOM,WEB/APP,2024-11-25,Thu,MNL,1,71.05,60.0,0
2025-03-23,CGY,DOM,MNL HUB,MNLCGY,PR  2521,J,Economy Value,DOM,WEB/APP,2025-03-17,Sun,MNL,6,106.66,21.0,1
2025-03-14,ILO,DOM,MNL HUB,ILOMNL,PR  2142,J,Economy Value,DOM,Traditional Travel Agency,2025-02-26,Fri,ILO,1,89.76,31.0,0
2025-01-07,DVO,DOM,MNL HUB,DVOMNL,PR  2808,Y,Economy Saver,DOM,WEB/APP,2024-11-28,Tue,MNL,1,75.71,55.0,0
2025-01-13,GES,DOM,MNL HUB,GESMNL,PR  2456,J,Economy Saver,DOM,Traditional Travel Agency,2024-12-27,Mon,GES,1,86.43,32.0,0
2025-04-13,CGY,DOM,MNL HUB,MNLCGY,PR  2529,Y,Economy Saver,DOM,WEB/APP,2025-03-06,Sun,CGY,2,41.93,53.0,1
2025-02-10,TUG,DOM,MNL HUB,MNLTUG,PR  2014,Y,Economy Value,DOM,WEB/APP,2025-01-28,Mon,MNL,5,89.69,28.0,1
2025-03-19,CEB,DOM,MNL HUB,MNLCEB,PR  2851,J,Economy Supersaver,DOM,Traditional Travel Agency,2025-02-25,Wed,MNL,6,22.28,37.0,1
2025-02-19,CGY,DOM,MNL HUB,MNLCGY,PR  2527,J,Economy Supersaver,DOM,WEB/APP,2024-12-27,Wed,MNL,3,24.72,69.0,1
2025-03-01,BXU,DOM,MNL HUB,BXUMNL,PR  2968,Y,Economy Saver,DOM,Traditional Travel Agency,2025-02-24,Sat,BXU,6,70.66,20.0,1
2025-03-30,BCD,DOM,MNL HUB,BCDMNL,PR  2134,Y,Economy Saver,DOM,WEB/APP,2025-03-12,Sun,MNL,2,64.59,33.0,1
2025-01-29,CBO,DOM,MNL HUB,CBOMNL,PR  2960,Y,Economy Flex,DOM,Traditional Travel Agency,2025-01-23,Wed,MNL,1,135.43,21.0,0
2025-03-17,LAO,DOM,MNL HUB,MNLLAO,PR  2198,Y,Economy Supersaver,,OTA,2025-02-28,Mon,HNL,2,37.51,32.0,1
2025-01-21,PPS,DOM,MNL HUB,MNLPPS,PR  2787,J,Economy Supersaver,DOM,Traditional Travel Agency,2025-01-13,Tue,MNL,2,55.35,23.0,1
2025-03-04,CEB,DOM,MNL HUB,MNLCEB,PR  2863,Y,Economy Supersaver,DOM,Traditional Travel Agency,2025-02-24,Tue,MNL,3,31.24,23.0,1
2025-04-06,CEB,DOM,MNL HUB,MNLCEB,PR  2853,Y,Economy Saver,Offline,OTA,2025-04-03,Sun,DXB,1,64.49,18.0,0
2025-02-02,USU,DOM,MNL HUB,USUMNL,PR  4966,Y,Economy Flex,DOM,WEB/APP,2024-12-17,Sun,MNL,1,229.42,62.0,0
2025-04-12,TAG,DOM,MNL HUB,TAGMNL,PR  2778,Y,Economy Supersaver,DOM,WEB/APP,2024-12-29,Sat,MNL,3,21.91,119.0,1
2025-04-09,ILO,DOM,MNL HUB,ILOMNL,PR  2144,Y,Economy Value,DOM,Corporate Web Portal,2025-04-03,Wed,ILO,1,126.01,21.0,0
2025-02-06,CGY,DOM,MNL HUB,MNLCGY,PR  2527,Y,Economy Supersaver,DOM,WEB/APP,2025-01-21,Thu,MNL,1,30.49,31.0,0
2025-03-20,CEB,DOM,MNL HUB,CEBMNL,PR  2864,Y,Economy Supersaver,DOM,WEB/APP,2024-12-20,Thu,MNL,5,15.89,105.0,1
2025-02-26,ILO,DOM,MNL HUB,ILOMNL,PR  2144,Y,Economy Supersaver,DOM,WEB/APP,2025-01-19,Wed,MNL,3,34.58,53.0,1
2025-04-29,CEB,DOM,MNL HUB,MNLCEB,PR  1863,Y,Economy Supersaver,DOM,WEB/APP,2025-04-01,Tue,CEB,1,63.71,43.0,0
2025-02-24,DVO,DOM,MNL HUB,DVOMNL,PR  2820,J,Economy Supersaver,DOM,Traditional Travel Agency,2025-01-21,Mon,DVO,1,23.96,49.0,0
2025-01-02,CEB,DOM,MNL HUB,CEBMNL,PR  2846,J,Economy Saver,DOM,Ticket Office,2024-10-23,Thu,CEB,1,17.95,86.0,0
2025-02-25,TAG,DOM,MNL HUB,MNLTAG,PR  2777,J,Economy Saver,DOM,Traditional Travel Agency,2025-02-19,Tue,MNL,1,64.74,21.0,0
2025-01-07,IAO,DOM,MNL HUB,MNLIAO,PR  2973,Y,Economy Supersaver,DOM,GSA/DSA,2024-09-06,Tue,MNL,6,46.5,138.0,1
2025-03-25,TAG,DOM,MNL HUB,TAGMNL,PR  2774,Y,Economy Saver,G.CN,OTA,2025-01-02,Tue,TPE,1,59.69,97.0,0
2025-02-27,CEB,DOM,MNL HUB,MNLCEB,PR  2853,Y,Economy Value,DOM,Traditional Travel Agency,2025-02-17,Thu,CEB,1,93.28,25.0,0
2025-02-21,ILO,DOM,MNL HUB,MNLILO,PR  2145,Y,Economy Saver,Offline,TMC,2025-02-03,Fri,ILO,1,111.62,33.0,0
2025-02-27,CEB,DOM,MNL HUB,MNLCEB,PR  2849,Y,Economy Flex,DOM,Corporate Web Portal,2025-02-21,Thu,MNL,2,206.96,21.0,1
2025-01-10,CBO,DOM,MNL HUB,CBOMNL,PR  2960,J,Economy Value,DOM,Traditional Travel Agency,2025-01-02,Fri,CBO,1,130.08,23.0,0
2025-04-07,LAO,DOM,MNL HUB,LAOMNL,PR  2197,J,Economy Supersaver,,TMC,2024-07-07,Mon,HNL,1,47.22,289.0,0
2025-03-18,TAC,DOM,MNL HUB,TACMNL,PR  2988,J,Economy Supersaver,DOM,Ticket Office,2025-02-17,Tue,TAC,1,52.19,44.0,0
2025-03-05,DGT,DOM,MNL HUB,DGTMNL,PR  2546,Y,Economy Saver,DOM,Traditional Travel Agency,2025-03-01,Wed,DGT,5,91.68,19.0,1
2025-01-17,TAC,DOM,MNL HUB,MNLTAC,PR  2987,Y,Economy Saver,DOM,Traditional Travel Agency,2025-01-02,Fri,TAC,1,97.42,30.0,0
2025-04-30,DPL,DOM,MNL HUB,MNLDPL,PR  2557,J,Economy Saver,DOM,OTA,2025-02-18,Wed,MNL,4,54.28,86.0,1
2025-03-27,DVO,DOM,MNL HUB,DVOMNL,PR  2808,Y,Economy Value,G.CN,Traditional Travel Agency,2025-03-24,Thu,DVO,1,90.0,18.0,0
2025-03-13,TAG,DOM,MNL HUB,MNLTAG,PR  2771,J,Economy Supersaver,DOM,Traditional Travel Agency,2025-02-06,Thu,MNL,1,28.45,50.0,0
2025-04-13,CEB,DOM,MNL HUB,MNLCEB,PR  2849,Y,Economy Flex,DOM,Ticket Office,2025-04-11,Sun,CEB,1,179.86,17.0,0
2025-04-11,CEB,DOM,MNL HUB,CEBMNL,PR  2868,Y,Economy Value,DOM,Corporate Web Portal,2025-03-24,Fri,MNL,4,113.87,33.0,1
2025-01-01,BXU,DOM,MNL HUB,BXUMNL,PR  2968,Y,Economy Saver,G.CN,Traditional Travel Agency,2024-12-17,Wed,BXU,1,79.79,30.0,0
2025-03-30,OZC,DOM,MNL HUB,MNLOZC,PR  2889,J,Economy Saver,DOM,GSA/DSA,2025-03-10,Sun,OZC,1,65.08,35.0,0
2025-03-29,DVO,DOM,MNL HUB,MNLDVO,PR  2817,Y,Economy Supersaver,DOM,Traditional Travel Agency,2025-01-31,Sat,DVO,1,43.38,72.0,0
2025-01-04,IAO,DOM,MNL HUB,MNLIAO,PR  2973,J,Economy Flex,DOM,WEB/APP,2024-12-01,Sat,MNL,2,221.7,49.0,1
2025-03-07,DRP,DOM,MNL HUB,MNLDRP,PR  2919,Y,Economy Saver,DOM,Ticket Office,2025-01-28,Fri,MNL,2,56.9,53.0,1
2025-04-08,TAG,DOM,MNL HUB,MNLTAG,PR  2773,Y,Economy Saver,DOM,OTA,2025-04-07,Tue,MNL,1,90.39,16.0,0
2025-03-21,GES,DOM,MNL HUB,MNLGES,PR  453,Y,Economy Saver,DOM,WEB/APP,2025-03-12,Fri,GES,1,73.72,24.0,0
2025-02-19,CEB,DOM,MNL HUB,CEBMNL,PR  2862,Y,Economy Saver,DOM,WEB/APP,2025-02-02,Wed,CEB,1,60.0,32.0,0
2025-02-17,USU,DOM,MNL HUB,USUMNL,PR  2962,J,Economy Supersaver,G.CN,Traditional Travel Agency,2024-12-11,Mon,USU,2,32.5,83.0,1
2025-02-22,CGY,DOM,MNL HUB,MNLCGY,PR  2525,Y,Economy Supersaver,DOM,Traditional Travel Agency,2025-02-05,Sat,CGY,3,45.81,32.0,1
2025-03-12,LAO,DOM,MNL HUB,LAOMNL,PR  2197,Y,Economy Saver,,Traditional Travel Agency,2024-10-23,Wed,YVR,2,50.76,155.0,1
2025-02-07,TUG,DOM,MNL HUB,MNLTUG,PR  2014,Y,Economy Saver,DOM,Corporate Web Portal,2025-01-29,Fri,TUG,2,53.26,24.0,1
2025-04-27,CGY,DOM,MNL HUB,MNLCGY,PR  2529,J,Economy Flex,DOM,Traditional Travel Agency,2025-04-26,Sun,MNL,1,166.97,16.0,0
2025-04-29,BXU,DOM,MNL HUB,MNLBXU,PR  2938,Y,Economy Saver,DOM,OTA,2025-03-27,Tue,MNL,1,75.43,48.0,0
2025-01-12,PPS,DOM,MNL HUB,MNLPPS,PR  2787,J,Economy Supersaver,DOM,WEB/APP,2025-01-08,Sun,MNL,1,53.3,19.0,0
2025-04-04,CGY,DOM,MNL HUB,CGYMNL,PR  2528,Y,Economy Supersaver,DOM,OTA,2025-04-03,Fri,CGY,1,34.88,16.0,0
2025-03-07,CEB,DOM,MNL HUB,CEBMNL,PR  2860,J,Economy Saver,DOM,WEB/APP,2025-02-17,Fri,MNL,2,72.18,33.0,1
2025-02-27,DGT,DOM,MNL HUB,DGTMNL,PR  2546,Y,Economy Value,DOM,WEB/APP,2025-02-24,Thu,DGT,3,94.95,18.0,1
2025-04-11,BCD,DOM,MNL HUB,MNLBCD,PR  2131,Y,Economy Flex,DOM,Ticket Office,2025-04-07,Fri,MNL,2,147.35,19.0,1
2025-01-24,TUG,DOM,MNL HUB,TUGMNL,PR  2015,Y,Economy Supersaver,DOM,WEB/APP,2025-01-13,Fri,TUG,2,45.64,26.0,1
2025-03-15,ILO,DOM,MNL HUB,ILOMNL,PR  2140,J,Economy Supersaver,ME,Traditional Travel Agency,2025-01-09,Sat,DXB,1,41.05,80.0,0
2025-03-03,DRP,DOM,MNL HUB,MNLDRP,PR  2919,Y,Economy Saver,DOM,WEB/APP,2025-02-17,Mon,DRP,1,56.76,29.0,0
2025-02-04,DVO,DOM,MNL HUB,MNLDVO,PR  1805,Y,Economy Supersaver,DOM,Traditional Travel Agency,2025-01-31,Tue,MNL,1,36.63,19.0,0
2025-01-30,MPH,DOM,MNL HUB,MNLMPH,PR  2041,Y,Economy Value,DOM,WEB/APP,2025-01-28,Thu,MNL,1,109.78,17.0,0
2025-02-06,ILO,DOM,MNL HUB,ILOMNL,PR  2142,Y,Economy Value,G.CN,OTA,2025-02-04,Thu,ILO,1,157.83,17.0,0
2025-03-18,MPH,DOM,MNL HUB,MNLMPH,PR  2045,Y,Economy Saver,DOM,WEB/APP,2025-01-30,Tue,MNL,1,63.37,62.0,0
2025-01-29,ZAM,DOM,MNL HUB,MNLZAM,PR  2997,J,Economy Supersaver,DOM,WEB/APP,2025-01-05,Wed,ZAM,1,50.75,39.0,0
2025-04-07,DVO,DOM,MNL HUB,DVOMNL,PR  1810,Y,Economy Saver,DOM,Traditional Travel Agency,2025-04-04,Mon,DVO,1,83.63,18.0,0
2025-02-12,DRP,DOM,MNL HUB,DRPMNL,PR  2922,Y,Economy Flex,DOM,Corporate Web Portal,2025-01-28,Wed,MNL,9,126.31,30.0,1
2025-03-31,LAO,DOM,MNL HUB,LAOMNL,PR  2197,Y,Economy Saver,DOM,WEB/APP,2025-03-05,Mon,MNL,1,88.9,41.0,0
2025-01-15,CEB,DOM,MNL HUB,CEBMNL,PR  1842,Y,Economy Saver,,Sea Crew,2024-10-14,Wed,CEB,1,71.42,108.0,0
2025-04-02,BCD,DOM,MNL HUB,MNLBCD,PR  2135,J,Economy Saver,DOM,Traditional Travel Agency,2025-03-21,Wed,BCD,2,78.21,27.0,1
2025-02-02,IAO,DOM,MNL HUB,MNLIAO,PR  2973,J,Economy Supersaver,DOM,Traditional Travel Agency,2025-01-15,Sun,MNL,1,72.63,33.0,0
2025-01-17,CGY,DOM,MNL HUB,MNLCGY,PR  2529,Y,Economy Saver,DOM,WEB/APP,2025-01-12,Fri,MNL,1,81.29,20.0,0
2025-04-29,CGY,DOM,MNL HUB,CGYMNL,PR  2522,W,Premium Economy,DOM,Ticket Office,2025-02-23,Tue,CGY,1,290.37,80.0,0
2025-03-24,DVO,DOM,MNL HUB,MNLDVO,PR  2811,Y,Economy Supersaver,DOM,WEB/APP,2025-03-16,Mon,MNL,4,41.78,23.0,1
2025-04-11,CEB,DOM,MNL HUB,MNLCEB,PR  2859,Y,Economy Supersaver,DOM,OTA,2025-02-12,Fri,MNL,1,34.08,73.0,0
2025-04-06,CRM,DOM,MNL HUB,MNLCRM,PR  2079,W,Premium Economy,DOM,WEB/APP,2025-03-13,Sun,MNL,1,111.63,39.0,0
2025-04-07,DVO,DOM,MNL HUB,DVOMNL,PR  2808,Y,Economy Supersaver,DOM,WEB/APP,2025-03-25,Mon,DVO,1,39.3,28.0,0
2025-02-07,GES,DOM,MNL HUB,MNLGES,PR  453,Y,Economy Supersaver,DOM,Contact Center,2025-02-02,Fri,MNL,5,57.81,20.0,1
2025-02-08,CGY,DOM,MNL HUB,MNLCGY,PR  2521,J,Economy Value,DOM,WEB/APP,2025-01-12,Sat,MNL,1,87.84,42.0,0
2025-03-30,CEB,DOM,MNL HUB,CEBMNL,PR  2862,Y,Economy Saver,DOM,OTA,2025-02-25,Sun,IAO,1,84.45,48.0,0
2025-02-19,BXU,DOM,MNL HUB,BXUMNL,PR  2939,Y,Economy Value,DOM,WEB/APP,2025-02-14,Wed,BXU,1,106.16,20.0,0
2025-02-05,PPS,DOM,MNL HUB,MNLPPS,PR  2781,J,Economy Supersaver,DOM,WEB/APP,2024-09-15,Wed,MNL,1,17.55,158.0,0
2025-03-23,CEB,DOM,MNL HUB,CEBMNL,PR  1862,Y,Economy Value,DOM,Traditional Travel Agency,2025-03-13,Sun,CEB,1,113.65,25.0,0
2025-04-30,CEB,DOM,MNL HUB,MNLCEB,PR  2867,J,Economy Saver,ME,Traditional Travel Agency,2025-02-26,Wed,JED,1,42.64,78.0,0
2025-04-01,CEB,DOM,MNL HUB,MNLCEB,PR  1841,Y,Economy Saver,DOM,WEB/APP,2025-03-30,Tue,MNL,1,71.34,17.0,0
2025-04-26,LAO,DOM,MNL HUB,MNLLAO,PR  2198,Y,Economy Value,DOM,WEB/APP,2025-04-19,Sat,MNL,2,100.48,22.0,1
2025-04-03,DPL,DOM,MNL HUB,DPLMNL,PR  2558,J,Economy Saver,,Traditional Travel Agency,2024-11-09,Thu,MNL,1,104.86,160.0,0
2025-01-04,DVO,DOM,MNL HUB,MNLDVO,PR  2815,Y,Economy Saver,G.CN,OTA,2024-09-16,Sat,DVO,2,56.58,125.0,1
2025-01-07,RXS,DOM,MNL HUB,MNLRXS,PR  2203,Y,Economy Supersaver,DOM,Traditional Travel Agency,2024-11-11,Tue,MNL,3,42.9,72.0,1
2025-01-07,MPH,DOM,MNL HUB,MPHMNL,PR  2044,Y,Economy Value,DOM,Contact Center,2024-11-27,Tue,MPH,2,147.89,56.0,1
2025-01-05,ILO,DOM,MNL HUB,MNLILO,PR  2145,Y,Economy Supersaver,DOM,Traditional Travel Agency,2024-06-01,Sun,MNL,4,20.46,233.0,1
2025-01-08,BCD,DOM,MNL HUB,BCDMNL,PR  2132,Y,Economy Value,,Traditional Travel Agency,2024-06-06,Wed,YYZ,4,89.39,231.0,1
2025-04-25,MPH,DOM,MNL HUB,MNLMPH,PR  2045,J,Economy Supersaver,DOM,WEB/APP,2024-06-05,Fri,MNL,2,25.52,339.0,1
2025-04-06,BXU,DOM,MNL HUB,MNLBXU,PR  2967,Y,Economy Value,DOM,Corporate Web Portal,2025-03-26,Sun,MNL,3,92.3,26.0,1
2025-04-10,ZAM,DOM,MNL HUB,ZAMMNL,PR  2950,Y,Economy Supersaver,ME,Traditional Travel Agency,2025-01-10,Thu,RUH,1,72.8,105.0,0
2025-04-02,ZAM,DOM,MNL HUB,ZAMMNL,PR  2954,Y,Economy Supersaver,DOM,Traditional Travel Agency,2025-03-18,Wed,ZAM,5,50.95,30.0,1
2025-04-09,TAG,DOM,MNL HUB,MNLTAG,PR  2773,Y,Economy Supersaver,DOM,WEB/APP,2024-06-12,Wed,MNL,2,25.99,316.0,1
2025-01-02,CGY,DOM,MNL HUB,CGYMNL,PR  2530,Y,Economy Supersaver,DOM,Ticket Office,2024-03-10,Thu,MNL,1,49.93,313.0,0
2025-03-16,IAO,DOM,MNL HUB,IAOMNL,PR  2974,Y,Economy Saver,AUS,Traditional Travel Agency,2024-05-30,Sun,CEB,2,108.9,305.0,1
2025-04-11,BCD,DOM,MNL HUB,BCDMNL,PR  2138,Y,Economy Value,DOM,WEB/APP,2025-04-08,Fri,BCD,1,85.73,18.0,0
2025-03-17,BCD,DOM,MNL HUB,MNLBCD,PR  2137,Y,Economy Saver,DOM,WEB/APP,2025-03-16,Mon,MNL,2,70.78,16.0,1
2025-04-27,TAC,DOM,MNL HUB,TACMNL,PR  2988,J,Economy Supersaver,DOM,WEB/APP,2024-05-12,Sun,TAC,3,20.5,365.0,1
2025-02-18,DGT,DOM,MNL HUB,DGTMNL,PR  2544,J,Economy Value,DOM,Traditional Travel Agency,2025-02-15,Tue,DGT,6,104.95,18.0,1
2025-01-16,LAO,DOM,MNL HUB,MNLLAO,PR  2198,Y,Economy Value,DOM,Traditional Travel Agency,2025-01-09,Thu,MNL,1,97.54,22.0,0
2025-01-12,IAO,DOM,MNL HUB,IAOMNL,PR  2974,Y,Economy Flex,DOM,WEB/APP,2024-12-22,Sun,MNL,1,220.3,36.0,0
2025-03-28,BCD,DOM,MNL HUB,MNLBCD,PR  2137,J,Economy Saver,DOM,OTA,2025-03-23,Fri,MNL,2,61.3,20.0,1
2025-01-13,MPH,DOM,MNL HUB,MPHMNL,PR  2042,Y,Economy Value,DOM,WEB/APP,2024-12-23,Mon,MNL,2,103.96,36.0,1
2025-02-17,IAO,DOM,MNL HUB,MNLIAO,PR  2973,Y,Economy Saver,,Traditional Travel Agency,2025-02-10,Mon,MNL,1,153.44,22.0,0
2025-03-15,DRP,DOM,MNL HUB,DRPMNL,PR  2920,Y,Economy Saver,DOM,Traditional Travel Agency,2025-02-23,Sat,DRP,4,54.84,35.0,1
2025-04-26,PPS,DOM,MNL HUB,PPSMNL,PR  2788,W,Premium Economy,DOM,Ticket Office,2025-04-26,Sat,PPS,1,228.8,15.0,0
2025-01-08,TAG,DOM,MNL HUB,TAGMNL,PR  2778,Y,Economy Supersaver,DOM,WEB/APP,2024-06-10,Wed,MNL,2,47.22,227.0,1
2025-01-04,ILO,DOM,MNL HUB,ILOMNL,PR  2144,Y,Economy Flex,DOM,WEB/APP,2024-12-11,Sat,MNL,1,155.65,39.0,0
2025-04-06,DVO,DOM,MNL HUB,MNLDVO,PR  1805,J,Economy Value,DOM,WEB/APP,2025-03-16,Sun,MNL,1,95.61,36.0,0
2025-02-26,TAC,DOM,MNL HUB,TACMNL,PR  2982,J,Economy Flex,DOM,Ticket Office,2025-02-21,Wed,MNL,1,33.93,20.0,0
2025-01-24,OZC,DOM,MNL HUB,MNLOZC,PR  2889,Y,Economy Supersaver,DOM,WEB/APP,2024-11-14,Fri,MNL,1,31.12,86.0,0
2025-02-03,CEB,DOM,MNL HUB,CEBMNL,PR  1862,Y,Economy Supersaver,DOM,WEB/APP,2025-01-20,Mon,CEB,2,43.36,29.0,1
2025-02-08,BCD,DOM,MNL HUB,MNLBCD,PR  2129,Y,Economy Supersaver,DOM,WEB/APP,2025-01-15,Sat,MNL,2,28.06,39.0,1
2025-04-09,DVO,DOM,MNL HUB,MNLDVO,PR  2815,Y,Economy Saver,DOM,Traditional Travel Agency,2025-03-24,Wed,DVO,1,74.23,31.0,0
2025-01-29,GES,DOM,MNL HUB,GESMNL,PR  2456,J,Business Flex,DOM,WEB/APP,2025-01-28,Wed,GES,1,269.36,16.0,0
2025-02-20,DRP,DOM,MNL HUB,MNLDRP,PR  2919,Y,Economy Saver,,Contact Center,2024-11-02,Thu,MNL,1,114.08,125.0,0
2025-04-05,ZAM,DOM,MNL HUB,ZAMMNL,PR  2954,Y,Economy Value,DOM,WEB/APP,2025-03-18,Sat,MNL,1,138.74,33.0,0
2025-01-31,TAG,DOM,MNL HUB,MNLTAG,PR  2773,Y,Economy Supersaver,DOM,Contact Center,2024-05-10,Fri,MNL,2,56.1,281.0,1
2025-04-11,OZC,DOM,MNL HUB,MNLOZC,PR  2889,J,Economy Saver,DOM,WEB/APP,2024-12-10,Fri,MNL,3,41.58,137.0,1
2025-01-13,LAO,DOM,MNL HUB,MNLLAO,PR  2198,J,Economy Supersaver,DOM,WEB/APP,2024-12-02,Mon,CEB,2,34.23,57.0,1
2025-04-22,DVO,DOM,MNL HUB,DVOMNL,PR  2814,Y,Economy Saver,DOM,WEB/APP,2025-03-18,Tue,DVO,3,63.17,50.0,1
2025-04-23,ZAM,DOM,MNL HUB,ZAMMNL,PR  2998,Y,Economy Saver,DOM,WEB/APP,2025-03-18,Wed,ZAM,1,61.73,51.0,0
2025-04-30,CEB,DOM,MNL HUB,MNLCEB,PR  2835,J,Economy Flex,DOM,OTA,2025-04-28,Wed,MNL,1,176.98,17.0,0
2025-01-10,DVO,DOM,MNL HUB,MNLDVO,PR  2819,Y,Economy Supersaver,DOM,WEB/APP,2024-10-16,Fri,MNL,1,29.67,101.0,0
2025-04-26,ILO,DOM,MNL HUB,ILOMNL,PR  2142,Y,Economy Saver,,OTA,2025-02-18,Sat,MNL,2,96.14,82.0,1
2025-02-13,CEB,DOM,MNL HUB,MNLCEB,PR  2853,J,Economy Flex,DOM,Traditional Travel Agency,2025-02-10,Thu,MNL,2,156.69,18.0,1
2025-01-04,ILO,DOM,MNL HUB,ILOMNL,PR  2146,W,Premium Economy,DOM,WEB/APP,2024-10-22,Sat,ILO,1,107.25,89.0,0
2025-03-17,BCD,DOM,MNL HUB,MNLBCD,PR  2131,Y,Economy Flex,DOM,Corporate Web Portal,2025-03-11,Mon,MNL,3,123.76,21.0,1
2025-04-07,CYZ,DOM,MNL HUB,CYZMNL,PR  2019,Y,Economy Supersaver,DOM,WEB/APP,2025-04-02,Mon,CYZ,1,38.17,20.0,0
2025-01-27,TAC,DOM,MNL HUB,MNLTAC,PR  2987,Y,Economy Value,DOM,Traditional Travel Agency,2025-01-16,Mon,TAC,1,105.55,26.0,0
2025-01-02,ILO,DOM,MNL HUB,ILOMNL,PR  2146,W,Premium Economy,DOM,Contact Center,2024-11-09,Thu,MNL,2,115.8,69.0,1
2025-03-22,TAC,DOM,MNL HUB,TACMNL,PR  2982,Y,Economy Value,DOM,Ticket Office,2025-02-06,Sat,TAC,1,109.68,59.0,0
2025-02-20,PPS,DOM,MNL HUB,MNLPPS,PR  2781,Y,Economy Supersaver,DOM,Traditional Travel Agency,2024-09-04,Thu,MNL,2,23.96,184.0,1
2025-02-25,EUQ,DOM,MNL HUB,EUQMNL,PR  2906,Y,Economy Supersaver,DOM,WEB/APP,2024-11-25,Tue,MNL,1,16.89,107.0,0
2025-01-30,CEB,DOM,MNL HUB,MNLCEB,PR  2853,Y,Economy Value,DOM,WEB/APP,2024-11-01,Thu,MNL,4,96.38,105.0,1
2025-03-28,BCD,DOM,MNL HUB,MNLBCD,PR  2135,Y,Economy Saver,DOM,WEB/APP,2025-03-25,Fri,MNL,4,75.71,18.0,1
2025-03-29,CEB,DOM,MNL HUB,CEBMNL,PR  1846,Y,Economy Supersaver,DOM,WEB/APP,2025-03-14,Sat,MNL,1,49.14,30.0,0
2025-01-03,CEB,DOM,MNL HUB,MNLCEB,PR  2853,Y,Economy Saver,DOM,WEB/APP,2024-08-09,Fri,CEB,1,90.09,162.0,0
2025-04-01,GES,DOM,MNL HUB,GESMNL,PR  2456,J,Economy Saver,DOM,WEB/APP,2025-03-26,Tue,MNL,1,74.45,21.0,0
2025-04-06,CEB,DOM,MNL HUB,CEBMNL,PR  1842,Y,Economy Saver,DOM,WEB/APP,2025-03-05,Sun,CEB,2,74.81,47.0,1
2025-03-25,DRP,DOM,MNL HUB,MNLDRP,PR  2923,Y,Economy Value,DOM,Corporate Web Portal,2025-03-05,Tue,DRP,1,80.28,35.0,0
2025-01-09,LAO,DOM,MNL HUB,LAOMNL,PR  2197,Y,Economy Value,,Traditional Travel Agency,2024-08-15,Thu,HNL,3,72.42,162.0,1
2025-01-07,PPS,DOM,MNL HUB,PPSMNL,PR  2782,J,Economy Value,DOM,Contact Center,2024-12-31,Tue,PPS,1,105.63,22.0,0
2025-01-24,TAG,DOM,MNL HUB,TAGMNL,PR  2774,J,Economy Saver,G.CN,OTA,2024-08-19,Fri,HKG,1,51.02,173.0,0
2025-04-21,OZC,DOM,MNL HUB,MNLOZC,PR  2889,Y,Economy Flex,ME,Traditional Travel Agency,2025-04-08,Mon,MNL,1,241.01,28.0,0
2025-04-12,DVO,DOM,MNL HUB,MNLDVO,PR  1819,J,Economy Saver,DOM,WEB/APP,2025-02-18,Sat,DVO,1,49.55,68.0,0
2025-02-21,RXS,DOM,MNL HUB,MNLRXS,PR  2203,J,Economy Supersaver,DOM,Traditional Travel Agency,2024-07-23,Fri,MNL,11,18.21,228.0,1
2025-02-15,GES,DOM,MNL HUB,GESMNL,PR  454,Y,Economy Supersaver,DOM,WEB/APP,2025-01-21,Sat,GES,1,57.92,40.0,0
2025-02-18,DVO,DOM,MNL HUB,DVOMNL,PR  2820,Y,Economy Saver,DOM,WEB/APP,2025-02-02,Tue,DVO,1,46.39,31.0,0
2025-03-24,DVO,DOM,MNL HUB,MNLDVO,PR  2819,Y,Economy Supersaver,JAP,OTA,2025-02-07,Mon,DVO,1,45.89,60.0,0
2025-03-02,MPH,DOM,MNL HUB,MPHMNL,PR  2046,Y,Economy Saver,DOM,WEB/APP,2024-11-20,Sun,MNL,1,74.2,117.0,0
2025-03-29,CEB,DOM,MNL HUB,MNLCEB,PR  2849,Y,Economy Flex,DOM,Sea Crew,2025-03-26,Sat,CEB,1,161.85,18.0,0
2025-02-26,CRM,DOM,MNL HUB,CRMMNL,PR  2080,Y,Economy Value,DOM,WEB/APP,2025-02-21,Wed,CRM,1,116.33,20.0,0
2025-04-27,LAO,DOM,MNL HUB,MNLLAO,PR  2198,Y,Economy Saver,DOM,WEB/APP,2025-04-01,Sun,MNL,2,71.39,41.0,1
2025-04-08,CEB,DOM,MNL HUB,MNLCEB,PR  2867,Y,Economy Supersaver,ROW,,2025-04-01,Tue,MNL,1,38.84,22.0,0
2025-03-26,GES,DOM,MNL HUB,MNLGES,PR  453,Y,Economy Saver,KOR,OTA,2025-03-21,Wed,ICN,1,55.37,20.0,0
2025-01-17,TUG,DOM,MNL HUB,MNLTUG,PR  2014,Y,Economy Saver,DOM,Traditional Travel Agency,2024-12-31,Fri,MNL,1,58.68,32.0,0
2025-04-08,CEB,DOM,MNL HUB,MNLCEB,PR  1851,Y,Economy Supersaver,DOM,WEB/APP,2025-03-07,Tue,MNL,2,32.97,47.0,1
2025-03-02,ZAM,DOM,MNL HUB,MNLZAM,PR  2997,J,Economy Value,DOM,Corporate Web Portal,2025-02-13,Sun,ZAM,1,132.88,32.0,0
2025-04-21,USU,DOM,MNL HUB,MNLUSU,PR  2961,Y,Economy Flex,DOM,Ticket Office,2025-04-14,Mon,MNL,3,279.8,22.0,1
2025-02-15,MPH,DOM,MNL HUB,MNLMPH,PR  2045,Y,Economy Saver,DOM,Contact Center,2025-01-17,Sat,MNL,2,71.82,44.0,1
2025-02-16,DRP,DOM,MNL HUB,MNLDRP,PR  2919,Y,Economy Value,DOM,WEB/APP,2025-02-03,Sun,MNL,8,90.9,28.0,1
2025-01-07,DVO,DOM,MNL HUB,MNLDVO,PR  2819,Y,Economy Saver,G.CN,Traditional Travel Agency,2024-11-28,Tue,DVO,4,57.96,55.0,1
2025-03-07,ILO,DOM,MNL HUB,MNLILO,PR  2147,Y,Economy Value,Offline,Sea Crew,2025-02-10,Fri,MNL,1,130.31,40.0,0
2025-03-30,CEB,DOM,MNL HUB,MNLCEB,PR  2853,J,Economy Saver,ME,WEB/APP,2025-02-08,Sun,TUU,1,42.99,65.0,0
2025-01-29,CGY,DOM,MNL HUB,CGYMNL,PR  2522,Y,Economy Saver,DOM,WEB/APP,2025-01-08,Wed,CGY,7,60.72,36.0,1
2025-03-18,GES,DOM,MNL HUB,GESMNL,PR  456,Y,Economy Supersaver,DOM,Traditional Travel Agency,2025-01-20,Tue,GES,1,28.18,72.0,0
2025-02-04,RXS,DOM,MNL HUB,MNLRXS,PR  2203,Y,Economy Supersaver,DOM,Ticket Office,2025-01-28,Tue,RXS,1,43.87,22.0,0
2025-03-19,CEB,DOM,MNL HUB,CEBMNL,PR  2860,W,Premium Economy,SEA,Traditional Travel Agency,2025-03-16,Wed,CEB,1,104.0,18.0,0
2025-04-23,LAO,DOM,MNL HUB,MNLLAO,PR  2198,Y,Economy Saver,DOM,Traditional Travel Agency,2025-02-13,Wed,MNL,2,51.64,84.0,1
2025-03-31,CEB,DOM,MNL HUB,MNLCEB,PR  1851,Y,Economy Saver,DOM,WEB/APP,2025-03-26,Mon,CEB,1,62.51,20.0,0
2025-02-08,DGT,DOM,MNL HUB,DGTMNL,PR  2544,Y,Economy Supersaver,DOM,Traditional Travel Agency,2024-09-23,Sat,DGT,2,28.66,153.0,1
2025-02-06,TAG,DOM,MNL HUB,MNLTAG,PR  2775,Y,Economy Saver,SEA,Traditional Travel Agency,2025-01-31,Thu,MNL,1,105.73,21.0,0
2025-04-13,DPL,DOM,MNL HUB,DPLMNL,PR  2558,Y,Economy Supersaver,DOM,Contact Center,2025-02-01,Sun,DPL,1,39.58,86.0,0
2025-03-24,ZAM,DOM,MNL HUB,MNLZAM,PR  2993,Y,Economy Saver,DOM,WEB/APP,2025-03-17,Mon,MNL,1,74.37,22.0,0
2025-01-05,TAC,DOM,MNL HUB,MNLTAC,PR  2985,Y,Economy Supersaver,DOM,Traditional Travel Agency,2024-08-13,Sun,TAC,1,42.79,160.0,0
2025-01-20,CEB,DOM,MNL HUB,CEBMNL,PR  2858,Y,Economy Saver,DOM,Traditional Travel Agency,2025-01-08,Mon,CEB,3,70.7,27.0,1
2025-04-06,CGY,DOM,MNL HUB,MNLCGY,PR  1519,J,Economy Saver,DOM,WEB/APP,2025-03-22,Sun,MNL,7,70.87,30.0,1
2025-02-25,DVO,DOM,MNL HUB,DVOMNL,PR  2816,Y,Economy Saver,DOM,Contact Center,2024-10-04,Tue,MNL,1,60.1,159.0,0
2025-02-22,CBO,DOM,MNL HUB,MNLCBO,PR  2957,Y,Economy Supersaver,DOM,Traditional Travel Agency,2024-12-21,Sat,MNL,2,48.4,78.0,1
2025-04-03,RXS,DOM,MNL HUB,MNLRXS,PR  2203,Y,Economy Saver,DOM,OTA,2025-03-28,Thu,MNL,1,79.43,21.0,0
2025-04-30,MPH,DOM,MNL HUB,MNLMPH,PR  2041,W,Premium Economy,DOM,Contact Center,2025-04-23,Wed,MNL,1,289.6,22.0,0
2025-04-08,CEB,DOM,MNL HUB,MNLCEB,PR  1851,Y,Economy Supersaver,DOM,Traditional Travel Agency,2025-04-04,Tue,MNL,6,62.98,19.0,1
2025-03-08,DVO,DOM,MNL HUB,MNLDVO,PR  2817,J,Economy Value,DOM,Contact Center,2025-03-05,Sat,DVO,1,126.16,18.0,0
2025-04-25,GES,DOM,MNL HUB,MNLGES,PR  2455,Y,Economy Flex,DOM,Contact Center,2025-04-23,Fri,MNL,1,243.3,17.0,0
2025-04-01,TAC,DOM,MNL HUB,TACMNL,PR  2988,Y,Economy Supersaver,DOM,WEB/APP,2025-03-04,Tue,TAC,1,35.92,43.0,0
2025-04-08,TAG,DOM,MNL HUB,TAGMNL,PR  2774,J,Economy Saver,,Traditional Travel Agency,2024-09-05,Tue,YWG,2,72.74,230.0,1
2025-04-02,ILO,DOM,MNL HUB,ILOMNL,PR  2142,J,Economy Value,ME,Traditional Travel Agency,2025-03-04,Wed,MNL,1,148.37,44.0,0
2025-01-03,CGY,DOM,MNL HUB,CGYMNL,PR  2528,Y,Economy Saver,DOM,WEB/APP,2024-09-09,Fri,MNL,1,73.13,131.0,0
2025-04-06,CRM,DOM,MNL HUB,MNLCRM,PR  2079,Y,Economy Flex,DOM,WEB/APP,2025-04-05,Sun,MNL,2,224.82,16.0,1
2025-01-24,TUG,DOM,MNL HUB,TUGMNL,PR  2015,J,Economy Value,DOM,Corporate Web Portal,2025-01-20,Fri,MNL,3,85.91,19.0,1
2025-01-12,DVO,DOM,MNL HUB,DVOMNL,PR  2816,Y,Economy Value,DOM,Traditional Travel Agency,2025-01-04,Sun,DVO,6,106.13,23.0,1
2025-04-05,PPS,DOM,MNL HUB,PPSMNL,PR  2780,Y,Economy Supersaver,DOM,OTA,2025-03-05,Sat,PPS,2,36.63,46.0,1
2025-03-10,ILO,DOM,MNL HUB,ILOMNL,PR  2146,Y,Economy Supersaver,DOM,Ticket Office,2025-02-14,Mon,MNL,1,14.06,39.0,0
2025-04-30,CEB,DOM,MNL HUB,MNLCEB,PR  2863,Y,Economy Saver,SEA,OTA,2025-04-02,Wed,MNL,1,38.19,43.0,0
2025-01-06,TAC,DOM,MNL HUB,TACMNL,PR  2988,J,Economy Value,DOM,WEB/APP,2024-12-07,Mon,MNL,1,121.76,45.0,0
2025-04-05,DVO,DOM,MNL HUB,DVOMNL,PR  1820,Y,Economy Value,DOM,WEB/APP,2025-04-02,Sat,DVO,1,96.49,18.0,0
2025-03-14,BCD,DOM,MNL HUB,BCDMNL,PR  2136,Y,Economy Value,DOM,Ticket Office,2025-03-03,Fri,MNL,1,85.0,26.0,0
2025-03-28,CBO,DOM,MNL HUB,MNLCBO,PR  2959,Y,Economy Value,DOM,WEB/APP,2025-03-18,Fri,CEB,1,104.86,25.0,0
2025-04-27,CEB,DOM,MNL HUB,MNLCEB,PR  1841,Y,Economy Saver,DOM,WEB/APP,2025-03-06,Sun,MNL,2,32.71,67.0,1
2025-02-16,CGY,DOM,MNL HUB,MNLCGY,PR  2525,J,Economy Saver,DOM,WEB/APP,2025-01-14,Sun,CGY,1,66.66,48.0,0
2025-04-03,MPH,DOM,MNL HUB,MPHMNL,PR  2042,Y,Economy Saver,AUS,WEB/APP,2025-01-19,Thu,AKL,2,29.05,89.0,1
2025-04-26,TAC,DOM,MNL HUB,MNLTAC,PR  2981,Y,Economy Flex,Offline,Sea Crew,2024-11-26,Sat,ATH,1,113.1,166.0,0
2025-04-27,CEB,DOM,MNL HUB,CEBMNL,PR  1842,Y,Economy Flex,DOM,Traditional Travel Agency,2025-04-12,Sun,CEB,1,160.43,30.0,0
2025-02-05,OZC,DOM,MNL HUB,MNLOZC,PR  2889,Y,Economy Supersaver,DOM,Contact Center,2025-01-27,Wed,MNL,4,48.1,24.0,1
2025-01-17,DVO,DOM,MNL HUB,DVOMNL,PR  2822,Y,Economy Value,Offline,OTA,2024-11-04,Fri,JED,1,76.74,89.0,0
2025-02-25,MPH,DOM,MNL HUB,MPHMNL,PR  2042,Y,Economy Saver,DOM,WEB/APP,2024-08-31,Tue,MNL,4,35.27,193.0,1
2025-04-09,CGY,DOM,MNL HUB,MNLCGY,PR  2529,Y,Economy Value,ME,Traditional Travel Agency,2025-03-11,Wed,DMM,1,124.8,44.0,0
2025-03-25,ILO,DOM,MNL HUB,ILOMNL,PR  2140,Y,Economy Value,DOM,WEB/APP,2025-02-24,Tue,ILO,1,90.59,44.0,0
2025-03-22,CBO,DOM,MNL HUB,MNLCBO,PR  2957,J,Economy Supersaver,DOM,Traditional Travel Agency,2024-12-31,Sat,MNL,1,28.8,96.0,0
2025-02-28,CEB,DOM,MNL HUB,CEBMNL,PR  2836,Y,Economy Value,ME,Traditional Travel Agency,2025-01-06,Fri,JED,1,71.07,68.0,0
2025-04-29,DVO,DOM,MNL HUB,MNLDVO,PR  2821,Y,Economy Saver,DOM,WEB/APP,2025-04-29,Tue,MNL,2,50.09,15.0,1
2025-03-14,PPS,DOM,MNL HUB,MNLPPS,PR  2787,J,Economy Supersaver,AUS,Traditional Travel Agency,2024-08-27,Fri,NRT,1,45.76,214.0,0
2025-04-02,BSO,DOM,MNL HUB,MNLBSO,PR  2932,J,Economy Flex,DOM,WEB/APP,2025-03-04,Wed,MNL,1,258.17,44.0,0
2025-03-15,CEB,DOM,MNL HUB,MNLCEB,PR  2859,Y,Economy Value,DOM,WEB/APP,2025-02-14,Sat,CEB,2,94.23,44.0,1
2025-03-23,CGY,DOM,MNL HUB,CGYMNL,PR  2520,Y,Economy Supersaver,DOM,Ticket Office,2025-03-06,Sun,CGY,3,47.44,32.0,1
2025-01-09,CEB,DOM,MNL HUB,CEBMNL,PR  2836,Y,Economy Supersaver,DOM,Ticket Office,2024-07-12,Thu,CEB,1,40.45,196.0,0
2025-03-31,BXU,DOM,MNL HUB,BXUMNL,PR  2939,W,Premium Economy,DOM,WEB/APP,2025-03-18,Mon,BXU,1,145.03,28.0,0
2025-02-19,PPS,DOM,MNL HUB,PPSMNL,PR  2780,Y,Economy Saver,DOM,Traditional Travel Agency,2025-02-09,Wed,PPS,1,62.27,25.0,0
2025-02-07,MPH,DOM,MNL HUB,MNLMPH,PR  2037,Y,Economy Value,,Traditional Travel Agency,2025-01-03,Fri,YYZ,1,53.6,50.0,0
2025-01-16,DVO,DOM,MNL HUB,DVOMNL,PR  1804,J,Economy Flex,DOM,Corporate Web Portal,2025-01-13,Thu,DVO,1,171.24,18.0,0
2025-03-05,LAO,DOM,MNL HUB,LAOMNL,PR  2199,J,Economy Saver,DOM,WEB/APP,2025-02-28,Wed,LAO,1,50.37,20.0,0
2025-01-05,DVO,DOM,MNL HUB,MNLDVO,PR  2813,J,Business Flex,,Unknown,2024-12-29,Sun,DEN,1,277.08,22.0,0
2025-03-29,BCD,DOM,MNL HUB,MNLBCD,PR  2129,J,Economy Saver,Offline,Traditional Travel Agency,2025-03-09,Sat,CAI,1,126.1,35.0,0
2025-01-17,CEB,DOM,MNL HUB,MNLCEB,PR  2869,Y,Economy Saver,DOM,Traditional Travel Agency,2024-12-27,Fri,MNL,4,70.81,36.0,1
2025-01-16,DVO,DOM,MNL HUB,DVOMNL,PR  2808,Y,Economy Flex,DOM,Sea Crew,2025-01-15,Thu,DVO,1,176.05,16.0,0
2025-04-12,GES,DOM,MNL HUB,GESMNL,PR  454,Y,Economy Saver,DOM,Traditional Travel Agency,2025-04-09,Sat,GES,1,105.13,18.0,0
2025-02-15,ZAM,DOM,MNL HUB,MNLZAM,PR  2949,J,Economy Saver,DOM,WEB/APP,2025-01-30,Sat,MNL,1,57.67,31.0,0
2025-02-18,CEB,DOM,MNL HUB,MNLCEB,PR  1845,Y,Economy Saver,DOM,Contact Center,2025-02-11,Tue,MNL,1,58.04,22.0,0
2025-01-07,ZAM,DOM,MNL HUB,MNLZAM,PR  2997,Y,Economy Value,DOM,Traditional Travel Agency,2024-10-29,Tue,ZAM,8,95.64,85.0,1
2025-03-13,PPS,DOM,MNL HUB,MNLPPS,PR  2781,Y,Economy Value,DOM,Corporate Web Portal,2025-03-06,Thu,PPS,1,104.11,22.0,0
2025-03-27,USU,DOM,MNL HUB,USUMNL,PR  2966,Y,Economy Value,DOM,WEB/APP,2025-01-27,Thu,USU,1,154.07,74.0,0
2025-01-29,CEB,DOM,MNL HUB,CEBMNL,PR  2850,Y,Economy Value,,OTA,2025-01-25,Wed,MNL,2,168.24,19.0,1
2025-02-17,DVO,DOM,MNL HUB,MNLDVO,PR  1805,Y,Economy Value,AUS,OTA,2025-02-08,Mon,HND,1,105.01,24.0,0
2025-02-24,DVO,DOM,MNL HUB,MNLDVO,PR  2821,Y,Economy Saver,DOM,Contact Center,2024-11-24,Mon,DVO,1,105.72,107.0,0
2025-01-29,PPS,DOM,MNL HUB,PPSMNL,PR  2782,J,Economy Value,DOM,Ticket Office,2025-01-20,Wed,PPS,1,101.41,24.0,0
2025-04-07,DVO,DOM,MNL HUB,DVOMNL,PR  1820,J,Economy Value,DOM,WEB/APP,2025-04-06,Mon,DVO,1,95.81,16.0,0
2025-04-01,CEB,DOM,MNL HUB,MNLCEB,PR  1841,J,Economy Supersaver,DOM,WEB/APP,2025-03-02,Tue,CEB,1,14.58,45.0,0
2025-02-16,DGT,DOM,MNL HUB,DGTMNL,PR  2546,Y,Economy Value,DOM,WEB/APP,2025-02-07,Sun,DGT,1,100.99,24.0,0
2025-01-06,DVO,DOM,MNL HUB,DVOMNL,PR  2824,Y,Economy Flex,DOM,Traditional Travel Agency,2025-01-03,Mon,DVO,2,160.5,18.0,1
2025-03-01,ZAM,DOM,MNL HUB,ZAMMNL,PR  2950,Y,Economy Supersaver,DOM,WEB/APP,2025-02-17,Sat,MNL,1,46.74,27.0,0
2025-01-25,PPS,DOM,MNL HUB,MNLPPS,PR  2781,J,Business Flex,DOM,Contact Center,2024-12-12,Sat,MNL,1,178.18,59.0,0
2025-01-03,MPH,DOM,MNL HUB,MPHMNL,PR  2038,Y,Economy Flex,,OTA,2024-08-27,Fri,MNL,5,257.91,144.0,1
2025-03-29,TUG,DOM,MNL HUB,MNLTUG,PR  2014,Y,Economy Saver,DOM,Traditional Travel Agency,2025-03-17,Sat,TUG,1,55.1,27.0,0
2025-01-25,IAO,DOM,MNL HUB,MNLIAO,PR  2973,J,Economy Flex,DOM,Ticket Office,2025-01-11,Sat,MNL,2,267.24,29.0,1
2025-03-26,ILO,DOM,MNL HUB,MNLILO,PR  2139,J,Economy Supersaver,DOM,WEB/APP,2025-03-15,Wed,ILO,2,19.12,26.0,1
2025-04-11,PPS,DOM,MNL HUB,PPSMNL,PR  2786,J,Economy Value,DOM,WEB/APP,2024-12-31,Fri,PPS,1,103.37,116.0,0
2025-02-14,CEB,DOM,MNL HUB,CEBMNL,PR  2850,W,Premium Economy,DOM,WEB/APP,2025-02-13,Fri,MNL,1,240.8,16.0,0
2025-03-05,TAC,DOM,MNL HUB,TACMNL,PR  2982,W,Premium Economy,DOM,Ticket Office,2025-03-04,Wed,TAC,1,175.08,16.0,0
2025-02-09,CBO,DOM,MNL HUB,MNLCBO,PR  2959,Y,Economy Supersaver,ROW,,2024-12-30,Sun,AUH,1,127.83,56.0,0
2025-02-27,CEB,DOM,MNL HUB,MNLCEB,PR  1841,Y,Economy Supersaver,DOM,Traditional Travel Agency,2024-11-09,Thu,MNL,2,20.51,125.0,1
2025-02-03,BCD,DOM,MNL HUB,BCDMNL,PR  2132,Y,Economy Flex,KOR,GSA/DSA,2025-01-04,Mon,PUS,1,64.39,45.0,0
2025-01-13,CGY,DOM,MNL HUB,MNLCGY,PR  2529,Y,Economy Supersaver,DOM,Ticket Office,2024-06-26,Mon,MNL,8,53.69,216.0,1
2025-04-09,GES,DOM,MNL HUB,MNLGES,PR  453,Y,Economy Supersaver,DOM,OTA,2025-03-01,Wed,MNL,4,26.27,54.0,1
2025-03-25,DVO,DOM,MNL HUB,DVOMNL,PR  1806,Y,Economy Saver,AUS,Traditional Travel Agency,2025-01-29,Tue,DVO,1,120.1,70.0,0
2025-01-03,DRP,DOM,MNL HUB,DRPMNL,PR  2924,Y,Economy Flex,DOM,WEB/APP,2024-12-18,Fri,DRP,2,129.53,31.0,1
2025-04-02,DRP,DOM,MNL HUB,DRPMNL,PR  2922,J,Economy Value,DOM,WEB/APP,2025-03-18,Wed,DRP,2,81.66,30.0,1
2025-02-03,PPS,DOM,MNL HUB,MNLPPS,PR  2779,Y,Economy Supersaver,DOM,WEB/APP,2025-01-31,Mon,MNL,4,53.43,18.0,1
2025-01-28,CEB,DOM,MNL HUB,CEBMNL,PR  2854,Y,Economy Saver,DOM,WEB/APP,2025-01-15,Tue,CEB,1,78.86,28.0,0
2025-02-13,CYZ,DOM,MNL HUB,CYZMNL,PR  2019,Y,Economy Supersaver,DOM,Traditional Travel Agency,2025-01-17,Thu,CYZ,1,36.96,42.0,0
2025-02-13,ZAM,DOM,MNL HUB,ZAMMNL,PR  2998,J,Economy Value,DOM,Traditional Travel Agency,2025-02-07,Thu,MNL,1,104.16,21.0,0
2025-03-09,BXU,DOM,MNL HUB,BXUMNL,PR  2968,J,Economy Value,DOM,WEB/APP,2025-03-02,Sun,BXU,1,92.95,22.0,0
2025-01-18,CEB,DOM,MNL HUB,CEBMNL,PR  2880,Y,Economy Supersaver,DOM,Traditional Travel Agency,2025-01-10,Sat,CEB,3,60.96,23.0,1
2025-02-26,DGT,DOM,MNL HUB,DGTMNL,PR  2546,Y,Economy Saver,DOM,GSA/DSA,2025-02-18,Wed,DGT,1,79.28,23.0,0
2025-03-01,DRP,DOM,MNL HUB,DRPMNL,PR  2922,Y,Economy Saver,DOM,WEB/APP,2025-02-17,Sat,DRP,1,36.15,27.0,0
2025-04-09,DVO,DOM,MNL HUB,MNLDVO,PR  2823,Y,Economy Supersaver,DOM,WEB/APP,2024-08-16,Wed,DVO,1,28.5,251.0,0
2025-02-15,BCD,DOM,MNL HUB,MNLBCD,PR  2133,Y,Economy Value,DOM,WEB/APP,2024-11-14,Sat,MNL,4,85.89,108.0,1
2025-01-20,KLO,DOM,MNL HUB,KLOMNL,PR  4970,Y,Economy Supersaver,DOM,Contact Center,2024-06-11,Mon,MNL,7,35.58,238.0,1
2025-03-26,TAC,DOM,MNL HUB,MNLTAC,PR  2985,Y,Economy Saver,DOM,Ticket Office,2025-03-07,Wed,TAC,2,73.72,34.0,1
2025-01-24,PPS,DOM,MNL HUB,MNLPPS,PR  2779,Y,Economy Saver,DOM,Contact Center,2024-12-16,Fri,MNL,1,69.93,54.0,0
2025-04-03,DVO,DOM,MNL HUB,DVOMNL,PR  2824,J,Business Value,DOM,Traditional Travel Agency,2024-11-29,Thu,DVO,3,209.47,140.0,1
2025-04-06,TAC,DOM,MNL HUB,MNLTAC,PR  2981,Y,Economy Saver,DOM,Sea Crew,2025-04-05,Sun,MNL,1,116.09,16.0,0
2025-04-27,BCD,DOM,MNL HUB,BCDMNL,PR  2138,W,Premium Economy,DOM,WEB/APP,2025-04-02,Sun,BCD,1,192.21,40.0,0
2025-04-01,DRP,DOM,MNL HUB,DRPMNL,PR  2920,Y,Economy Flex,DOM,Ticket Office,2025-03-31,Tue,DRP,2,175.36,16.0,1
2025-02-03,GES,DOM,MNL HUB,GESMNL,PR  454,Y,Economy Supersaver,DOM,Traditional Travel Agency,2025-01-22,Mon,GES,4,50.85,27.0,1
2025-03-11,IAO,DOM,MNL HUB,MNLIAO,PR  2973,J,Economy Supersaver,AUS,OTA,2025-03-07,Tue,HKG,1,46.31,19.0,0
2025-01-12,TAG,DOM,MNL HUB,TAGMNL,PR  2778,Y,Economy Saver,DOM,WEB/APP,2024-12-09,Sun,TAG,2,84.4,49.0,1
2025-03-27,BCD,DOM,MNL HUB,MNLBCD,PR  2135,Y,Economy Value,DOM,Ticket Office,2025-03-27,Thu,MNL,2,91.39,15.0,1
2025-03-04,ZAM,DOM,MNL HUB,MNLZAM,PR  2997,Y,Economy Saver,DOM,Traditional Travel Agency,2025-02-17,Tue,DRP,1,57.73,30.0,0
2025-02-19,DVO,DOM,MNL HUB,DVOMNL,PR  2818,Y,Economy Flex,DOM,Traditional Travel Agency,2025-02-17,Wed,MNL,1,185.13,17.0,0
2025-02-11,CRM,DOM,MNL HUB,CRMMNL,PR  2080,Y,Economy Value,DOM,GSA/DSA,2025-01-10,Tue,CRM,1,111.64,47.0,0
2025-01-08,DRP,DOM,MNL HUB,DRPMNL,PR  2924,Y,Economy Flex,DOM,Traditional Travel Agency,2025-01-05,Wed,MNL,1,113.89,18.0,0
2025-03-13,CEB,DOM,MNL HUB,MNLCEB,PR  2835,Y,Economy Saver,DOM,Corporate Web Portal,2025-03-07,Thu,MNL,2,61.97,21.0,1
2025-04-04,USU,DOM,MNL HUB,USUMNL,PR  2966,Y,Economy Saver,G.CN,Traditional Travel Agency,2025-04-03,Fri,USU,2,144.96,16.0,1
2025-04-11,BCD,DOM,MNL HUB,MNLBCD,PR  2129,Y,Economy Saver,SEA,OTA,2025-02-20,Fri,HKG,1,36.33,65.0,0
2025-01-18,CYZ,DOM,MNL HUB,CYZMNL,PR  2019,Y,Economy Supersaver,DOM,Traditional Travel Agency,2025-01-11,Sat,CYZ,1,33.09,22.0,0
2025-04-06,CGY,DOM,MNL HUB,MNLCGY,PR  2521,Y,Economy Supersaver,DOM,WEB/APP,2024-12-12,Sun,CGY,2,38.8,130.0,1
2025-02-15,CEB,DOM,MNL HUB,MNLCEB,PR  1841,Y,Economy Saver,DOM,WEB/APP,2025-01-25,Sat,MNL,2,55.76,36.0,1
2025-01-31,CGY,DOM,MNL HUB,CGYMNL,PR  2528,J,Economy Supersaver,DOM,Traditional Travel Agency,2024-12-29,Fri,CGY,3,29.92,48.0,1
2025-03-22,CEB,DOM,MNL HUB,CEBMNL,PR  2880,J,Economy Supersaver,DOM,WEB/APP,2025-02-03,Sat,IAO,1,71.45,62.0,0
2025-02-13,DVO,DOM,MNL HUB,DVOMNL,PR  2818,Y,Economy Supersaver,ROW,,2025-02-10,Thu,MNL,2,37.88,18.0,1
2025-01-15,DRP,DOM,MNL HUB,MNLDRP,PR  2921,J,Economy Value,DOM,WEB/APP,2025-01-08,Wed,MNL,1,89.45,22.0,0
2025-04-13,DVO,DOM,MNL HUB,MNLDVO,PR  2825,J,Economy Value,DOM,OTA,2025-04-11,Sun,MNL,2,110.87,17.0,1
2025-02-22,DVO,DOM,MNL HUB,MNLDVO,PR  2817,Y,Economy Value,DOM,Traditional Travel Agency,2024-12-26,Sat,DVO,1,92.1,73.0,0
2025-03-30,CBO,DOM,MNL HUB,CBOMNL,PR  2958,J,Economy Value,DOM,WEB/APP,2025-03-28,Sun,CBO,3,109.17,17.0,1
2025-04-29,CGY,DOM,MNL HUB,MNLCGY,PR  2525,Y,Economy Flex,ME,Sea Crew,2025-04-25,Tue,MNL,1,222.95,19.0,0
2025-02-26,BCD,DOM,MNL HUB,BCDMNL,PR  2134,Y,Economy Value,DOM,Traditional Travel Agency,2025-02-20,Wed,MNL,1,101.53,21.0,0
2025-01-14,CGY,DOM,MNL HUB,MNLCGY,PR  2527,J,Economy Supersaver,DOM,Traditional Travel Agency,2025-01-11,Tue,MNL,3,43.71,18.0,1
2025-02-12,CGY,DOM,MNL HUB,CGYMNL,PR  2520,Y,Economy Saver,DOM,Traditional Travel Agency,2025-02-03,Wed,CGY,1,78.41,24.0,0
2025-02-12,CEB,DOM,MNL HUB,CEBMNL,PR  2860,Y,Economy Saver,DOM,Traditional Travel Agency,2025-01-31,Wed,MNL,3,69.8,27.0,1
2025-01-22,TUG,DOM,MNL HUB,TUGMNL,PR  2015,Y,Economy Saver,DOM,Traditional Travel Agency,2024-12-12,Wed,TUG,1,57.21,56.0,0
2025-01-09,ILO,DOM,MNL HUB,ILOMNL,PR  2142,Y,Economy Saver,DOM,Traditional Travel Agency,2025-01-02,Thu,ILO,2,66.89,22.0,1
2025-03-18,DRP,DOM,MNL HUB,MNLDRP,PR  2919,Y,Economy Value,Offline,OTA,2025-03-13,Tue,MNL,1,132.96,20.0,0
2025-03-05,DVO,DOM,MNL HUB,MNLDVO,PR  2817,Y,Economy Value,DOM,WEB/APP,2025-03-03,Wed,MNL,2,94.67,17.0,1
2025-03-23,DVO,DOM,MNL HUB,MNLDVO,PR  2823,Y,Economy Value,DOM,Contact Center,2024-07-06,Sun,BKK,2,91.42,275.0,1
2025-03-31,DVO,DOM,MNL HUB,MNLDVO,PR  1809,W,Premium Economy,DOM,Ticket Office,2025-03-03,Mon,MNL,7,109.01,43.0,1
2025-01-12,DVO,DOM,MNL HUB,DVOMNL,PR  2824,J,Economy Value,DOM,WEB/APP,2024-11-13,Sun,MNL,1,91.54,75.0,0
2025-04-03,CEB,DOM,MNL HUB,CEBMNL,PR  1846,J,Economy Value,DOM,Traditional Travel Agency,2025-04-01,Thu,CEB,1,98.67,17.0,0
2025-04-24,PPS,DOM,MNL HUB,MNLPPS,PR  2781,Y,Economy Saver,,Traditional Travel Agency,2025-04-22,Thu,MNL,8,96.73,17.0,1
2025-04-10,BCD,DOM,MNL HUB,MNLBCD,PR  2129,Y,Economy Supersaver,DOM,OTA,2025-02-10,Thu,MNL,1,25.54,74.0,0
2025-03-02,GES,DOM,MNL HUB,GESMNL,PR  2456,J,Economy Saver,DOM,Traditional Travel Agency,2025-02-26,Sun,GES,1,91.74,19.0,0
2025-01-20,CGY,DOM,MNL HUB,CGYMNL,PR  2522,Y,Economy Supersaver,DOM,Traditional Travel Agency,2024-07-14,Mon,CGY,1,37.61,205.0,0
2025-04-29,ZAM,DOM,MNL HUB,MNLZAM,PR  2997,Y,Non-Rev,DOM,Ticket Office,2025-04-29,Tue,MNL,1,95.07,15.0,0
2025-01-04,GES,DOM,MNL HUB,MNLGES,PR  453,J,Business Flex,DOM,WEB/APP,2024-12-16,Sat,MNL,1,206.1,34.0,0
2025-02-03,DVO,DOM,MNL HUB,MNLDVO,PR  1805,J,Economy Value,DOM,WEB/APP,2025-02-02,Mon,MNL,1,93.29,16.0,0
2025-03-20,CBO,DOM,MNL HUB,CBOMNL,PR  2960,J,Economy Supersaver,DOM,WEB/APP,2025-01-31,Thu,CBO,2,44.42,63.0,1
2025-01-24,DVO,DOM,MNL HUB,MNLDVO,PR  2823,Y,Economy Saver,DOM,Corporate Web Portal,2025-01-12,Fri,DVO,1,66.3,27.0,0
2025-01-02,DVO,DOM,MNL HUB,DVOMNL,PR  2822,Y,Economy Value,Offline,OTA,2024-08-25,Thu,DVO,4,158.76,145.0,1
2025-02-04,EUQ,DOM,MNL HUB,MNLEUQ,PR  2905,J,Economy Supersaver,DOM,Traditional Travel Agency,2024-11-29,Tue,MNL,1,25.72,82.0,0
2025-02-11,CBO,DOM,MNL HUB,CBOMNL,PR  2960,Y,Economy Flex,DOM,WEB/APP,2025-02-10,Tue,CBO,2,167.34,16.0,1
2025-02-24,CEB,DOM,MNL HUB,MNLCEB,PR  1845,Y,Economy Supersaver,DOM,Contact Center,2025-02-16,Mon,MNL,1,34.8,23.0,0
2025-01-19,DRP,DOM,MNL HUB,DRPMNL,PR  2924,Y,Economy Supersaver,DOM,WEB/APP,2024-05-13,Sun,MNL,1,32.18,266.0,0
2025-03-23,DVO,DOM,MNL HUB,MNLDVO,PR  2823,Y,Economy Value,DOM,Traditional Travel Agency,2025-03-21,Sun,MNL,1,113.17,17.0,0
2025-04-08,CEB,DOM,MNL HUB,CEBMNL,PR  1864,Y,Economy Saver,DOM,WEB/APP,2025-03-03,Tue,MNL,2,32.44,51.0,1
2025-02-04,CEB,DOM,MNL HUB,MNLCEB,PR  1861,Y,Economy Value,DOM,WEB/APP,2025-01-29,Tue,CEB,1,92.23,21.0,0
2025-04-29,TUG,DOM,MNL HUB,TUGMNL,PR  2015,J,Economy Flex,DOM,Corporate Web Portal,2025-04-21,Tue,TUG,2,147.9,23.0,1
2025-03-20,CEB,DOM,MNL HUB,MNLCEB,PR  2863,Y,Economy Supersaver,DOM,WEB/APP,2025-03-09,Thu,MNL,2,35.9,26.0,1
2025-01-01,ZAM,DOM,MNL HUB,ZAMMNL,PR  2998,Y,Economy Value,DOM,Traditional Travel Agency,2024-12-27,Wed,ZAM,1,140.24,20.0,0
2025-02-27,ILO,DOM,MNL HUB,ILOMNL,PR  2142,J,Economy Value,ME,Traditional Travel Agency,2025-02-24,Thu,ILO,1,132.89,18.0,0
2025-02-06,USU,DOM,MNL HUB,MNLUSU,PR  2961,J,Economy Flex,DOM,Traditional Travel Agency,2025-01-14,Thu,MNL,1,179.34,38.0,0
2025-02-12,ILO,DOM,MNL HUB,ILOMNL,PR  2140,Y,Economy Supersaver,DOM,Traditional Travel Agency,2025-01-24,Wed,ILO,1,15.77,34.0,0
2025-01-12,MPH,DOM,MNL HUB,MNLMPH,PR  2045,Y,Economy Supersaver,DOM,Traditional Travel Agency,2024-07-10,Sun,MNL,12,26.14,201.0,1
2025-01-07,ILO,DOM,MNL HUB,ILOMNL,PR  2146,Y,Economy Supersaver,DOM,WEB/APP,2024-11-11,Tue,ILO,4,37.53,72.0,1
2025-03-29,DVO,DOM,MNL HUB,MNLDVO,PR  2815,Y,Economy Saver,DOM,Traditional Travel Agency,2025-03-19,Sat,MNL,2,75.72,25.0,1
2025-04-07,ILO,DOM,MNL HUB,MNLILO,PR  2145,J,Economy Saver,G.CN,WEB/APP,2025-03-28,Mon,HKG,1,41.47,25.0,0
2025-04-12,BXU,DOM,MNL HUB,MNLBXU,PR  2967,J,Economy Saver,DOM,OTA,2025-03-08,Sat,MNL,3,73.05,50.0,1
2025-02-21,DVO,DOM,MNL HUB,MNLDVO,PR  2817,J,Economy Saver,DOM,Contact Center,2025-01-25,Fri,DVO,1,73.08,42.0,0
2025-01-27,DVO,DOM,MNL HUB,DVOMNL,PR  2820,Y,Economy Saver,DOM,Ticket Office,2025-01-16,Mon,MNL,1,74.83,26.0,0
2025-02-12,DRP,DOM,MNL HUB,DRPMNL,PR  2924,Y,Economy Saver,DOM,WEB/APP,2025-01-24,Wed,MNL,2,55.29,34.0,1
2025-04-25,CYZ,DOM,MNL HUB,MNLCYZ,PR  2018,J,Economy Saver,,Traditional Travel Agency,2025-04-22,Fri,MPH,2,102.52,18.0,1
2025-03-03,DVO,DOM,MNL HUB,DVOMNL,PR  2818,Y,Economy Saver,DOM,WEB/APP,2025-02-10,Mon,MNL,1,60.07,36.0,0
2025-01-09,DGT,DOM,MNL HUB,MNLDGT,PR  2545,W,Premium Economy,DOM,WEB/APP,2024-12-25,Thu,MNL,1,160.72,30.0,0
2025-04-27,DVO,DOM,MNL HUB,DVOMNL,PR  1814,J,Economy Flex,DOM,Corporate Web Portal,2025-04-22,Sun,DVO,1,223.06,20.0,0
2025-04-29,CEB,DOM,MNL HUB,MNLCEB,PR  2853,J,Economy Saver,DOM,Ticket Office,2025-03-17,Tue,MNL,1,84.43,58.0,0
2025-01-08,GES,DOM,MNL HUB,GESMNL,PR  456,Y,Economy Value,DOM,Traditional Travel Agency,2024-12-23,Wed,MNL,3,113.45,31.0,1
2025-02-21,ILO,DOM,MNL HUB,MNLILO,PR  2141,J,Economy Saver,,OTA,2025-01-08,Fri,YVR,1,46.02,59.0,0
2025-02-21,DVO,DOM,MNL HUB,MNLDVO,PR  2821,J,Economy Supersaver,DOM,Traditional Travel Agency,2025-02-05,Fri,MNL,2,26.69,31.0,1
2025-04-08,MPH,DOM,MNL HUB,MPHMNL,PR  2046,Y,Economy Supersaver,DOM,OTA,2024-07-13,Tue,MNL,5,19.15,284.0,1
2025-01-24,DVO,DOM,MNL HUB,MNLDVO,PR  2817,Y,Economy Value,DOM,WEB/APP,2025-01-23,Fri,MNL,2,109.09,16.0,1
2025-01-11,BXU,DOM,MNL HUB,MNLBXU,PR  2967,Y,Economy Supersaver,DOM,Ticket Office,2024-06-01,Sat,BXU,2,31.16,239.0,1
2025-01-11,CGY,DOM,MNL HUB,MNLCGY,PR  2521,J,Economy Value,DOM,Traditional Travel Agency,2025-01-07,Sat,CGY,3,104.88,19.0,1
2025-04-05,DRP,DOM,MNL HUB,DRPMNL,PR  2920,Y,Economy Supersaver,DOM,WEB/APP,2025-03-14,Sat,MNL,3,35.3,37.0,1
2025-03-22,CEB,DOM,MNL HUB,CEBMNL,PR  2854,Y,Economy Flex,DOM,Traditional Travel Agency,2025-03-18,Sat,CGY,1,157.91,19.0,0
2025-03-21,TAC,DOM,MNL HUB,MNLTAC,PR  2985,J,Economy Saver,DOM,OTA,2025-03-03,Fri,TAC,1,75.65,33.0,0
2025-03-10,DVO,DOM,MNL HUB,DVOMNL,PR  1810,J,Economy Supersaver,DOM,Traditional Travel Agency,2025-02-24,Mon,DVO,5,43.11,29.0,1
2025-03-08,TAG,DOM,MNL HUB,MNLTAG,PR  2773,Y,Economy Saver,DOM,WEB/APP,2025-03-04,Sat,MNL,1,65.63,19.0,0
2025-01-08,TUG,DOM,MNL HUB,TUGMNL,PR  2015,Y,Economy Value,DOM,WEB/APP,2024-12-30,Wed,TUG,1,85.7,24.0,0
2025-03-05,DGT,DOM,MNL HUB,DGTMNL,PR  2544,Y,Economy Supersaver,DOM,WEB/APP,2024-06-04,Wed,DGT,2,21.5,289.0,1
2025-02-15,ILO,DOM,MNL HUB,ILOMNL,PR  2142,J,Economy Saver,DOM,Ticket Office,2025-01-27,Sat,ILO,2,76.33,34.0,1
2025-01-11,CGY,DOM,MNL HUB,MNLCGY,PR  2521,Y,Economy Supersaver,DOM,WEB/APP,2024-06-18,Sat,CGY,2,27.55,222.0,1
2025-03-02,DRP,DOM,MNL HUB,DRPMNL,PR  2924,Y,Economy Supersaver,DOM,Sea Crew,2025-02-13,Sun,DRP,1,53.12,32.0,0
2025-03-01,IAO,DOM,MNL HUB,IAOMNL,PR  2974,Y,Economy Flex,DOM,WEB/APP,2025-01-09,Sat,MNL,2,214.38,66.0,1
2025-01-21,MPH,DOM,MNL HUB,MPHMNL,PR  2046,Y,Economy Saver,DOM,Traditional Travel Agency,2025-01-21,Tue,MPH,1,66.44,15.0,0
2025-01-25,CEB,DOM,MNL HUB,CEBMNL,PR  1846,Y,Economy Saver,DOM,Ticket Office,2025-01-04,Sat,CEB,1,22.18,36.0,0
2025-01-10,CGY,DOM,MNL HUB,MNLCGY,PR  2521,Y,Economy Saver,DOM,WEB/APP,2024-12-31,Fri,MNL,2,71.38,25.0,1
2025-03-29,CEB,DOM,MNL HUB,MNLCEB,PR  2863,Y,Economy Flex,DOM,Contact Center,2025-03-24,Sat,MNL,1,151.96,20.0,0
2025-01-04,GES,DOM,MNL HUB,MNLGES,PR  453,Y,Economy Saver,DOM,WEB/APP,2024-12-27,Sat,GES,1,88.19,23.0,0
2025-03-24,ZAM,DOM,MNL HUB,MNLZAM,PR  2993,Y,Economy Flex,ROW,,2025-01-10,Mon,RUH,1,193.53,88.0,0
2025-04-08,DRP,DOM,MNL HUB,MNLDRP,PR  2923,Y,Economy Saver,DOM,WEB/APP,2025-01-27,Tue,MNL,1,62.96,86.0,0
2025-04-10,DVO,DOM,MNL HUB,DVOMNL,PR  1806,Y,Economy Saver,DOM,WEB/APP,2025-04-09,Thu,DVO,6,74.82,16.0,1
2025-02-18,LAO,DOM,MNL HUB,LAOMNL,PR  2197,Y,Economy Value,,Contact Center,2025-01-30,Tue,LAO,2,118.2,34.0,1
2025-03-04,DVO,DOM,MNL HUB,MNLDVO,PR  2819,Y,Economy Value,DOM,WEB/APP,2025-03-04,Tue,MNL,2,109.51,15.0,1
2025-03-05,CEB,DOM,MNL HUB,CEBMNL,PR  1842,Y,Economy Supersaver,DOM,Ticket Office,2025-03-01,Wed,CEB,1,51.61,19.0,0
2025-02-17,CEB,DOM,MNL HUB,MNLCEB,PR  2851,Y,Economy Supersaver,DOM,WEB/APP,2025-01-31,Mon,MNL,1,21.42,32.0,0
2025-01-19,DVO,DOM,MNL HUB,MNLDVO,PR  2817,Y,Economy Supersaver,DOM,Ticket Office,2025-01-03,Sun,MNL,1,45.47,31.0,0
2025-03-28,CYZ,DOM,MNL HUB,CYZMNL,PR  2019,J,Economy Saver,DOM,Corporate Web Portal,2025-03-14,Fri,CYZ,1,59.42,29.0,0
2025-03-30,CGY,DOM,MNL HUB,CGYMNL,PR  2526,W,Premium Economy,DOM,Contact Center,2025-03-19,Sun,CGY,1,193.87,26.0,0
2025-01-10,MPH,DOM,MNL HUB,MNLMPH,PR  2043,Y,Economy Saver,DOM,WEB/APP,2024-12-28,Fri,MNL,1,87.76,28.0,0
2025-01-30,DVO,DOM,MNL HUB,DVOMNL,PR  2808,J,Economy Saver,DOM,Traditional Travel Agency,2025-01-26,Thu,DVO,1,74.52,19.0,0
2025-04-08,IAO,DOM,MNL HUB,MNLIAO,PR  2971,Y,Economy Value,Offline,OTA,2025-03-17,Tue,BKK,2,115.75,37.0,1
2025-03-25,DVO,DOM,MNL HUB,MNLDVO,PR  2815,Y,Economy Supersaver,DOM,WEB/APP,2025-02-13,Tue,MNL,1,28.98,55.0,0
2025-04-04,DRP,DOM,MNL HUB,MNLDRP,PR  2919,Y,Economy Value,DOM,Traditional Travel Agency,2025-03-03,Fri,DRP,1,82.79,47.0,0
2025-04-07,ZAM,DOM,MNL HUB,ZAMMNL,PR  2994,J,Economy Value,DOM,Traditional Travel Agency,2025-03-30,Mon,ZAM,1,128.97,23.0,0
2025-03-09,CEB,DOM,MNL HUB,CEBMNL,PR  2854,J,Economy Value,DOM,Traditional Travel Agency,2025-03-03,Sun,MNL,2,145.89,21.0,1
2025-03-04,CEB,DOM,MNL HUB,CEBMNL,PR  1846,J,Economy Value,DOM,Traditional Travel Agency,2025-02-28,Tue,IAO,2,94.15,19.0,1
2025-02-12,CGY,DOM,MNL HUB,CGYMNL,PR  2520,J,Economy Value,DOM,Traditional Travel Agency,2025-02-06,Wed,CGY,3,115.44,21.0,1
2025-01-25,CGY,DOM,MNL HUB,CGYMNL,PR  2522,J,Economy Value,DOM,WEB/APP,2024-12-27,Sat,CGY,1,84.95,44.0,0
2025-03-08,CBO,DOM,MNL HUB,MNLCBO,PR  2957,W,Premium Economy,ME,Traditional Travel Agency,2025-03-06,Sat,DOH,1,143.0,17.0,0
2025-02-24,ILO,DOM,MNL HUB,ILOMNL,PR  2148,Y,Economy Supersaver,DOM,WEB/APP,2025-02-05,Mon,MNL,2,26.13,34.0,1
2025-03-20,PPS,DOM,MNL HUB,MNLPPS,PR  2779,Y,Economy Supersaver,DOM,Traditional Travel Agency,2024-12-16,Thu,MNL,1,27.3,109.0,0
2025-04-12,DVO,DOM,MNL HUB,MNLDVO,PR  1819,Y,Economy Saver,JAP,Traditional Travel Agency,2025-03-12,Sat,KIX,2,75.29,46.0,1
2025-04-06,DRP,DOM,MNL HUB,DRPMNL,PR  2924,Y,Economy Saver,DOM,Ticket Office,2025-03-21,Sun,DRP,2,65.43,31.0,1
2025-02-07,ILO,DOM,MNL HUB,ILOMNL,PR  2142,J,Economy Value,DOM,Traditional Travel Agency,2025-01-24,Fri,MNL,1,88.05,29.0,0
2025-02-13,DRP,DOM,MNL HUB,DRPMNL,PR  2922,W,Premium Economy,DOM,Ticket Office,2025-02-04,Thu,MNL,1,153.66,24.0,0
2025-04-30,TAG,DOM,MNL HUB,TAGMNL,PR  2772,Y,Economy Supersaver,DOM,OTA,2025-01-22,Wed,TAG,5,23.42,113.0,1
2025-04-04,CEB,DOM,MNL HUB,CEBMNL,PR  1846,Y,Economy Saver,DOM,Traditional Travel Agency,2025-03-21,Fri,CEB,1,75.74,29.0,0
2025-03-10,LAO,DOM,MNL HUB,MNLLAO,PR  2196,Y,Economy Saver,DOM,Corporate Web Portal,2025-03-07,Mon,MNL,4,77.17,18.0,1
2025-03-23,CEB,DOM,MNL HUB,CEBMNL,PR  2836,Y,Economy Value,DOM,Sea Crew,2025-03-18,Sun,CEB,1,102.09,20.0,0
2025-01-04,DVO,DOM,MNL HUB,DVOMNL,PR  1804,Y,Economy Value,DOM,Traditional Travel Agency,2024-12-29,Sat,DVO,5,106.41,21.0,1
2025-02-03,ILO,DOM,MNL HUB,ILOMNL,PR  2140,Y,Economy Supersaver,DOM,WEB/APP,2024-11-06,Mon,MNL,1,17.91,104.0,0
2025-03-04,CGY,DOM,MNL HUB,MNLCGY,PR  2529,Y,Economy Saver,DOM,Traditional Travel Agency,2025-02-28,Tue,MNL,3,57.35,19.0,1
2025-01-20,TUG,DOM,MNL HUB,TUGMNL,PR  2015,Y,Economy Saver,DOM,WEB/APP,2025-01-14,Mon,MNL,1,67.66,21.0,0
2025-02-26,DVO,DOM,MNL HUB,DVOMNL,PR  2820,Y,Economy Saver,DOM,WEB/APP,2025-02-13,Wed,DVO,2,60.08,28.0,1
2025-01-04,TAG,DOM,MNL HUB,TAGMNL,PR  2774,Y,Economy Saver,SEA,TMC,2024-12-30,Sat,TAG,1,112.01,20.0,0
2025-04-03,OZC,DOM,MNL HUB,MNLOZC,PR  2889,Y,Economy Value,DOM,WEB/APP,2025-04-02,Thu,MNL,1,143.1,16.0,0
2025-04-11,BCD,DOM,MNL HUB,BCDMNL,PR  2138,Y,Economy Saver,DOM,WEB/APP,2025-04-07,Fri,MNL,1,68.08,19.0,0
2025-04-04,DVO,DOM,MNL HUB,DVOMNL,PR  1818,Y,Economy Saver,DOM,WEB/APP,2025-04-01,Fri,MNL,2,76.22,18.0,1
2025-02-28,DVO,DOM,MNL HUB,DVOMNL,PR  1810,Y,Economy Value,DOM,Traditional Travel Agency,2025-02-17,Fri,MNL,1,95.46,26.0,0
2025-01-27,DVO,DOM,MNL HUB,DVOMNL,PR  2818,Y,Economy Value,,OTA,2024-05-25,Mon,DVO,1,121.95,262.0,0
2025-04-03,CEB,DOM,MNL HUB,MNLCEB,PR  2835,Y,Economy Supersaver,DOM,WEB/APP,2024-09-02,Thu,MNL,8,14.94,228.0,1
2025-01-31,TAC,DOM,MNL HUB,TACMNL,PR  2986,W,Premium Economy,AUS,Traditional Travel Agency,2024-04-02,Fri,TAC,1,112.18,319.0,0
2025-02-28,BCD,DOM,MNL HUB,MNLBCD,PR  2135,Y,Economy Saver,DOM,WEB/APP,2025-02-25,Fri,MNL,2,66.67,18.0,1
2025-01-21,CEB,DOM,MNL HUB,CEBMNL,PR  2852,Y,Economy Value,DOM,Traditional Travel Agency,2025-01-14,Tue,CEB,2,91.06,22.0,1
2025-01-30,CEB,DOM,MNL HUB,MNLCEB,PR  2859,Y,Economy Value,DOM,WEB/APP,2025-01-28,Thu,MNL,2,96.38,17.0,1
2025-04-03,TUG,DOM,MNL HUB,TUGMNL,PR  2015,Y,Economy Supersaver,DOM,WEB/APP,2025-03-05,Thu,TUG,1,26.13,44.0,0
2025-04-07,CEB,DOM,MNL HUB,MNLCEB,PR  2835,Y,Economy Value,DOM,Traditional Travel Agency,2025-04-05,Mon,MNL,1,108.26,17.0,0
2025-01-07,BXU,DOM,MNL HUB,MNLBXU,PR  2967,Y,Economy Value,DOM,WEB/APP,2024-12-04,Tue,MNL,2,89.81,49.0,1
2025-04-03,DVO,DOM,MNL HUB,MNLDVO,PR  2821,Y,Economy Value,AUS,OTA,2025-04-03,Thu,MNL,2,175.22,15.0,1
2025-04-08,CEB,DOM,MNL HUB,CEBMNL,PR  2836,Y,Economy Supersaver,DOM,Traditional Travel Agency,2025-03-28,Tue,CEB,1,38.8,26.0,0
2025-01-02,LAO,DOM,MNL HUB,MNLLAO,PR  2198,Y,Economy Saver,DOM,WEB/APP,2024-12-01,Thu,MNL,1,73.73,47.0,0
2025-03-25,CEB,DOM,MNL HUB,CEBMNL,PR  1846,J,Economy Saver,DOM,Traditional Travel Agency,2025-03-19,Tue,CEB,1,59.83,21.0,0
2025-02-16,CGY,DOM,MNL HUB,CGYMNL,PR  2520,J,Economy Flex,DOM,Ticket Office,2024-10-22,Sun,MNL,1,36.26,132.0,0
2025-03-04,CYP,DOM,MNL HUB,MNLCYP,PR  2671,J,Economy Value,SEA,OTA,2025-03-03,Tue,MNL,1,177.27,16.0,0
2025-03-20,PPS,DOM,MNL HUB,MNLPPS,PR  2787,Y,Economy Flex,DOM,WEB/APP,2025-03-19,Thu,MNL,1,149.96,16.0,0
2025-02-26,TAG,DOM,MNL HUB,TAGMNL,PR  2774,J,Economy Value,DOM,WEB/APP,2025-02-06,Wed,TAG,2,97.52,35.0,1
2025-04-29,DVO,DOM,MNL HUB,DVOMNL,PR  2816,Y,Economy Value,DOM,Ticket Office,2025-04-08,Tue,DVO,1,95.76,36.0,0
2025-04-22,TAC,DOM,MNL HUB,TACMNL,PR  2988,Y,Economy Flex,,Sea Crew,2025-04-22,Tue,TAC,1,232.83,15.0,0
2025-04-11,CBO,DOM,MNL HUB,MNLCBO,PR  2957,J,Economy Saver,DOM,WEB/APP,2025-03-08,Fri,MNL,1,57.87,49.0,0
2025-02-10,ILO,DOM,MNL HUB,MNLILO,PR  2147,J,Economy Value,DOM,Contact Center,2025-01-26,Mon,MNL,1,86.19,30.0,0
2025-04-25,BXU,DOM,MNL HUB,BXUMNL,PR  2939,J,Economy Flex,DOM,Corporate Web Portal,2025-04-22,Fri,MNL,2,146.22,18.0,1
2025-04-22,CEB,DOM,MNL HUB,CEBMNL,PR  1852,Y,Economy Saver,AUS,OTA,2025-04-20,Tue,CEB,2,104.81,17.0,1
2025-04-09,CBO,DOM,MNL HUB,MNLCBO,PR  2959,J,Economy Flex,DOM,Contact Center,2025-04-08,Wed,MNL,1,223.99,16.0,0
2025-03-23,DVO,DOM,MNL HUB,MNLDVO,PR  1805,Y,Economy Value,DOM,Corporate Web Portal,2025-03-11,Sun,MNL,1,98.31,27.0,0
2025-02-08,TAC,DOM,MNL HUB,TACMNL,PR  2986,Y,Economy Supersaver,,Traditional Travel Agency,2025-02-02,Sat,TAC,1,75.61,21.0,0
2025-02-01,DVO,DOM,MNL HUB,DVOMNL,PR  1810,Y,Economy Supersaver,DOM,WEB/APP,2024-11-08,Sat,DVO,2,27.56,100.0,1
2025-04-30,CEB,DOM,MNL HUB,CEBMNL,PR  2868,Y,Economy Saver,DOM,WEB/APP,2024-12-31,Wed,CEB,2,49.53,135.0,1
2025-01-01,CGY,DOM,MNL HUB,MNLCGY,PR  2525,Y,Economy Value,DOM,WEB/APP,2025-01-01,Wed,MNL,1,102.59,15.0,0
2025-02-19,MPH,DOM,MNL HUB,MNLMPH,PR  2039,Y,Economy Saver,SEA,OTA,2025-01-08,Wed,SIN,2,28.65,57.0,1
2025-02-13,ILO,DOM,MNL HUB,ILOMNL,PR  2144,Y,Economy Saver,G.CN,Traditional Travel Agency,2025-01-04,Thu,HKG,1,34.11,55.0,0
2025-04-12,ZAM,DOM,MNL HUB,ZAMMNL,PR  2954,J,Economy Saver,DOM,OTA,2025-03-23,Sat,ZAM,1,62.63,35.0,0
2025-01-18,DVO,DOM,MNL HUB,DVOMNL,PR  1804,Y,Economy Value,KOR,GSA/DSA,2024-12-30,Sat,ICN,1,84.15,34.0,0
2025-03-15,USU,DOM,MNL HUB,MNLUSU,PR  2963,Y,Economy Saver,,Traditional Travel Agency,2025-03-04,Sat,KUL,2,47.16,26.0,1
2025-01-18,PPS,DOM,MNL HUB,MNLPPS,PR  2787,Y,Economy Supersaver,DOM,WEB/APP,2025-01-10,Sat,MNL,1,57.66,23.0,0
2025-02-10,OZC,DOM,MNL HUB,OZCMNL,PR  2890,Y,Economy Value,DOM,WEB/APP,2025-02-05,Mon,OZC,1,146.99,20.0,0
2025-01-31,DVO,DOM,MNL HUB,MNLDVO,PR  2815,Y,Economy Saver,DOM,WEB/APP,2025-01-08,Fri,MNL,1,66.32,38.0,0
2025-01-12,ZAM,DOM,MNL HUB,ZAMMNL,PR  2950,Y,Economy Flex,Offline,Traditional Travel Agency,2024-10-18,Sun,MNL,1,363.21,101.0,0
2025-02-10,ILO,DOM,MNL HUB,ILOMNL,PR  2148,Y,Economy Supersaver,DOM,Traditional Travel Agency,2025-01-15,Mon,MNL,1,12.99,41.0,0
2025-02-18,DVO,DOM,MNL HUB,DVOMNL,PR  2824,Y,Economy Saver,ME,Traditional Travel Agency,2025-01-08,Tue,DVO,1,122.92,56.0,0
2025-02-15,GES,DOM,MNL HUB,GESMNL,PR  454,J,Economy Supersaver,DOM,WEB/APP,2024-03-19,Sat,GES,2,28.2,348.0,1
2025-03-02,CEB,DOM,MNL HUB,MNLCEB,PR  2853,Y,Economy Value,JAP,TMC,2025-02-10,Sun,HND,1,74.93,35.0,0
2025-04-01,BCD,DOM,MNL HUB,BCDMNL,PR  2132,J,Economy Value,DOM,Traditional Travel Agency,2025-03-21,Tue,BCD,2,92.25,26.0,1
2025-04-07,CGY,DOM,MNL HUB,CGYMNL,PR  2530,J,Economy Supersaver,DOM,OTA,2025-04-06,Mon,CGY,2,32.76,16.0,1
2025-04-05,CEB,DOM,MNL HUB,MNLCEB,PR  2869,Y,Economy Saver,DOM,WEB/APP,2025-03-26,Sat,MNL,1,70.88,25.0,0
2025-04-24,DVO,DOM,MNL HUB,MNLDVO,PR  1817,Y,Economy Flex,DOM,Contact Center,2025-04-16,Thu,CGY,1,156.3,23.0,0
2025-03-08,DVO,DOM,MNL HUB,MNLDVO,PR  2821,J,Economy Supersaver,DOM,Traditional Travel Agency,2025-03-06,Sat,MNL,3,40.46,17.0,1
2025-02-10,PPS,DOM,MNL HUB,MNLPPS,PR  2785,J,Economy Saver,DOM,WEB/APP,2025-01-27,Mon,MNL,3,81.55,29.0,1
2025-04-02,CEB,DOM,MNL HUB,CEBMNL,PR  2860,Y,Economy Supersaver,Others,OTA,2025-03-23,Wed,BXU,1,21.74,25.0,0
2025-01-06,CEB,DOM,MNL HUB,MNLCEB,PR  2835,Y,Economy Supersaver,DOM,WEB/APP,2024-12-16,Mon,MNL,1,47.86,36.0,0
2025-02-15,MPH,DOM,MNL HUB,MNLMPH,PR  2047,Y,Economy Saver,DOM,WEB/APP,2025-01-24,Sat,CEB,2,14.98,37.0,1
2025-01-08,TAC,DOM,MNL HUB,MNLTAC,PR  2981,Y,Economy Saver,DOM,WEB/APP,2024-10-08,Wed,MNL,2,75.72,107.0,1
2025-04-03,CEB,DOM,MNL HUB,MNLCEB,PR  2849,Y,Economy Flex,DOM,Corporate Web Portal,2025-03-26,Thu,MNL,2,158.86,23.0,1
2025-02-26,MPH,DOM,MNL HUB,MPHMNL,PR  2038,Y,Economy Saver,DOM,WEB/APP,2025-01-21,Wed,MNL,1,78.28,51.0,0
2025-04-29,GES,DOM,MNL HUB,GESMNL,PR  454,Y,Economy Saver,,TMC,2025-03-23,Tue,GES,3,84.5,52.0,1
2025-04-25,TAG,DOM,MNL HUB,TAGMNL,PR  2774,Y,Economy Flex,ROW,,2025-04-25,Fri,,1,34.66,15.0,0
2025-03-30,DPL,DOM,MNL HUB,MNLDPL,PR  2557,Y,Economy Saver,DOM,Contact Center,2025-03-03,Sun,DPL,1,63.98,42.0,0
2025-04-06,DVO,DOM,MNL HUB,DVOMNL,PR  1810,J,Economy Saver,DOM,Traditional Travel Agency,2025-03-30,Sun,DVO,1,63.21,22.0,0
2025-04-03,CEB,DOM,MNL HUB,MNLCEB,PR  2849,Y,Economy Value,DOM,Corporate Web Portal,2025-03-27,Thu,MNL,1,131.03,22.0,0
2025-04-05,ILO,DOM,MNL HUB,MNLILO,PR  2141,Y,Economy Value,DOM,WEB/APP,2025-04-03,Sat,MNL,3,132.9,17.0,1
2025-02-27,CEB,DOM,MNL HUB,MNLCEB,PR  2859,Y,Economy Saver,SEA,WEB/APP,2025-02-17,Thu,SGN,1,94.0,25.0,0
2025-02-02,CEB,DOM,MNL HUB,CEBMNL,PR  2860,Y,Economy Value,DOM,Contact Center,2024-04-28,Sun,MNL,1,95.92,295.0,0
2025-01-02,BXU,DOM,MNL HUB,BXUMNL,PR  2968,Y,Economy Value,ME,Traditional Travel Agency,2024-10-27,Thu,DMM,1,208.0,82.0,0
2025-03-11,OZC,DOM,MNL HUB,MNLOZC,PR  2889,J,Economy Value,DOM,Sea Crew,2025-03-10,Tue,MNL,1,119.99,16.0,0
2025-03-19,DVO,DOM,MNL HUB,MNLDVO,PR  2811,J,Business Value,AUS,OTA,2025-01-18,Wed,DVO,1,189.76,75.0,0
2025-01-24,MPH,DOM,MNL HUB,MNLMPH,PR  2039,Y,Economy Saver,SEA,WEB/APP,2024-02-03,Fri,SIN,2,30.39,371.0,1
2025-03-11,CBO,DOM,MNL HUB,CBOMNL,PR  2960,Y,Economy Value,DOM,WEB/APP,2025-02-11,Tue,CBO,2,91.15,43.0,1
2025-04-10,ILO,DOM,MNL HUB,ILOMNL,PR  2148,Y,Economy Saver,AUS,WEB/APP,2025-01-22,Thu,PER,1,61.15,93.0,0
2025-03-24,ILO,DOM,MNL HUB,MNLILO,PR  2143,Y,Economy Saver,DOM,WEB/APP,2025-02-28,Mon,ILO,2,63.86,39.0,1
2025-03-02,TAC,DOM,MNL HUB,MNLTAC,PR  2985,J,Economy Value,DOM,WEB/APP,2025-02-19,Sun,MNL,2,106.83,26.0,1
2025-04-12,DVO,DOM,MNL HUB,DVOMNL,PR  1820,Y,Economy Saver,DOM,WEB/APP,2025-04-07,Sat,DVO,5,62.02,20.0,1
2025-03-03,ILO,DOM,MNL HUB,ILOMNL,PR  2140,Y,Economy Supersaver,DOM,WEB/APP,2025-02-12,Mon,ILO,2,24.8,34.0,1
2025-01-01,LAO,DOM,MNL HUB,MNLLAO,PR  2198,J,Economy Saver,DOM,WEB/APP,2024-12-24,Wed,MNL,1,73.75,23.0,0
2025-04-06,CBO,DOM,MNL HUB,MNLCBO,PR  2959,J,Economy Value,DOM,Corporate Web Portal,2025-03-24,Sun,TAG,1,102.56,28.0,0
2025-02-09,CGY,DOM,MNL HUB,CGYMNL,PR  2526,Y,Economy Value,DOM,WEB/APP,2025-02-05,Sun,MNL,2,116.6,19.0,1
2025-01-13,GES,DOM,MNL HUB,MNLGES,PR  453,Y,Economy Value,DOM,WEB/APP,2025-01-09,Mon,MNL,1,97.98,19.0,0
2025-02-22,DVO,DOM,MNL HUB,MNLDVO,PR  2823,J,Economy Saver,DOM,Ticket Office,2025-01-28,Sat,DVO,1,47.49,40.0,0
2025-03-14,ILO,DOM,MNL HUB,MNLILO,PR  2143,J,Economy Value,DOM,Traditional Travel Agency,2025-03-10,Fri,MNL,1,119.41,19.0,0
2025-04-23,DVO,DOM,MNL HUB,DVOMNL,PR  2808,Y,Economy Value,DOM,OTA,2025-04-17,Wed,DVO,3,111.38,21.0,1
2025-04-02,OZC,DOM,MNL HUB,MNLOZC,PR  2889,Y,Economy Supersaver,DOM,OTA,2025-02-16,Wed,MNL,1,26.76,60.0,0
2025-01-23,DVO,DOM,MNL HUB,DVOMNL,PR  2820,W,Premium Economy,DOM,Ticket Office,2025-01-13,Thu,DVO,2,195.58,25.0,1
2025-04-12,MPH,DOM,MNL HUB,MNLMPH,PR  2045,Y,Economy Saver,AUS,OTA,2025-03-28,Sat,MPH,1,29.98,30.0,0
2025-03-07,DVO,DOM,MNL HUB,MNLDVO,PR  2811,Y,Economy Supersaver,DOM,WEB/APP,2025-02-13,Fri,MNL,1,39.05,37.0,0
2025-03-25,DVO,DOM,MNL HUB,MNLDVO,PR  2821,Y,Economy Value,DOM,WEB/APP,2025-03-14,Tue,DVO,1,96.78,26.0,0
2025-04-04,DVO,DOM,MNL HUB,MNLDVO,PR  2823,Y,Economy Supersaver,DOM,WEB/APP,2025-02-07,Fri,DVO,1,30.15,71.0,0
2025-04-30,DVO,DOM,MNL HUB,DVOMNL,PR  1802,Y,Economy Value,DOM,Traditional Travel Agency,2025-04-21,Wed,MNL,3,113.85,24.0,1
2025-02-20,LAO,DOM,MNL HUB,MNLLAO,PR  2196,Y,Economy Saver,DOM,WEB/APP,2025-02-04,Thu,DVO,4,36.6,31.0,1
2025-04-05,DVO,DOM,MNL HUB,MNLDVO,PR  1819,J,Business Flex,DOM,WEB/APP,2025-03-01,Sat,MNL,1,277.51,50.0,0
2025-03-26,CEB,DOM,MNL HUB,CEBMNL,PR  2836,Y,Economy Supersaver,DOM,OTA,2025-02-20,Wed,MNL,2,23.16,49.0,1
2025-03-14,IAO,DOM,MNL HUB,MNLIAO,PR  2973,Y,Economy Value,DOM,Ticket Office,2025-03-08,Fri,MNL,1,144.44,21.0,0
2025-03-14,DVO,DOM,MNL HUB,DVOMNL,PR  2812,Y,Economy Flex,,Contact Center,2024-03-22,Fri,DVO,2,152.76,372.0,1
2025-02-24,CEB,DOM,MNL HUB,MNLCEB,PR  2857,Y,Economy Value,DOM,Contact Center,2025-02-23,Mon,MNL,1,107.55,16.0,0
2025-04-10,CGY,DOM,MNL HUB,CGYMNL,PR  2522,J,Economy Value,DOM,WEB/APP,2025-03-24,Thu,CGY,2,92.54,32.0,1
2025-04-03,DVO,DOM,MNL HUB,DVOMNL,PR  1806,J,Economy Value,DOM,Ticket Office,2025-03-28,Thu,DVO,1,94.77,21.0,0
2025-01-04,BXU,DOM,MNL HUB,MNLBXU,PR  2967,Y,Economy Value,DOM,Traditional Travel Agency,2024-12-29,Sat,MNL,3,90.26,21.0,1
2025-03-04,CEB,DOM,MNL HUB,CEBMNL,PR  2852,Y,Economy Saver,DOM,Traditional Travel Agency,2025-02-26,Tue,CEB,5,58.26,21.0,1
2025-03-19,TAC,DOM,MNL HUB,TACMNL,PR  2982,J,Economy Supersaver,DOM,Traditional Travel Agency,2025-01-17,Wed,TAC,1,12.16,76.0,0
2025-02-09,BCD,DOM,MNL HUB,MNLBCD,PR  2135,Y,Economy Value,DOM,WEB/APP,2025-02-03,Sun,BCD,1,108.09,21.0,0
2025-01-10,CGY,DOM,MNL HUB,CGYMNL,PR  2522,Y,Economy Value,DOM,WEB/APP,2025-01-05,Fri,CGY,3,115.41,20.0,1
2025-02-27,TAG,DOM,MNL HUB,MNLTAG,PR  2775,Y,Economy Supersaver,DOM,WEB/APP,2025-02-24,Thu,MNL,4,40.94,18.0,1
2025-02-01,CEB,DOM,MNL HUB,MNLCEB,PR  2849,W,Premium Economy,DOM,Traditional Travel Agency,2025-01-27,Sat,CEB,1,233.18,20.0,0
2025-01-19,ZAM,DOM,MNL HUB,MNLZAM,PR  2949,J,Economy Value,DOM,Ticket Office,2025-01-16,Sun,MNL,1,106.05,18.0,0
2025-01-14,BXU,DOM,MNL HUB,MNLBXU,PR  2938,J,Economy Saver,DOM,WEB/APP,2025-01-03,Tue,MNL,1,63.39,26.0,0
2025-01-07,PAG,DOM,MNL HUB,MNLPAG,PR  2783,Y,Economy Saver,DOM,Ticket Office,2025-01-02,Tue,MNL,1,90.05,20.0,0
2025-04-09,OZC,DOM,MNL HUB,MNLOZC,PR  2889,J,Economy Supersaver,DOM,OTA,2025-02-13,Wed,MNL,3,24.05,70.0,1
2025-03-11,DVO,DOM,MNL HUB,DVOMNL,PR  2816,J,Economy Value,DOM,Corporate Web Portal,2025-03-11,Tue,DVO,1,95.69,15.0,0
2025-04-08,ZAM,DOM,MNL HUB,ZAMMNL,PR  2950,Y,Economy Saver,DOM,WEB/APP,2025-03-20,Tue,ZAM,2,73.34,34.0,1
2025-04-10,RXS,DOM,MNL HUB,RXSMNL,PR  2204,J,Economy Value,DOM,WEB/APP,2025-03-25,Thu,RXS,1,73.88,31.0,0
2025-03-30,DVO,DOM,MNL HUB,MNLDVO,PR  1803,J,Economy Supersaver,DOM,WEB/APP,2025-03-01,Sun,DVO,1,26.67,44.0,0
2025-02-20,CEB,DOM,MNL HUB,CEBMNL,PR  2868,Y,Economy Value,DOM,Ticket Office,2025-02-12,Thu,MNL,6,107.21,23.0,1
2025-03-14,CYZ,DOM,MNL HUB,CYZMNL,PR  2019,Y,Economy Supersaver,DOM,WEB/APP,2025-02-25,Fri,MNL,1,38.05,32.0,0
2025-01-20,CEB,DOM,MNL HUB,MNLCEB,PR  2853,Y,Economy Saver,DOM,Corporate Web Portal,2025-01-08,Mon,MNL,2,70.49,27.0,1
2025-04-12,BCD,DOM,MNL HUB,MNLBCD,PR  2137,Y,Economy Flex,DOM,WEB/APP,2025-03-25,Sat,BCD,1,164.27,33.0,0
2025-02-12,GES,DOM,MNL HUB,MNLGES,PR  455,Y,Economy Supersaver,DOM,Traditional Travel Agency,2025-02-07,Wed,MNL,3,53.03,20.0,1
2025-03-22,CGY,DOM,MNL HUB,MNLCGY,PR  2519,J,Economy Supersaver,DOM,WEB/APP,2025-01-05,Sat,MNL,1,24.47,91.0,0
2025-03-13,DVO,DOM,MNL HUB,DVOMNL,PR  2822,Y,Economy Saver,SEA,OTA,2025-03-10,Thu,DVO,2,147.66,18.0,1
2025-03-19,CEB,DOM,MNL HUB,MNLCEB,PR  2857,J,Business Value,DOM,WEB/APP,2025-03-02,Wed,MNL,1,137.38,32.0,0
2025-04-30,CYZ,DOM,MNL HUB,CYZMNL,PR  2019,Y,Economy Value,G.CN,Traditional Travel Agency,2025-02-16,Wed,HKG,1,54.11,88.0,0
2025-03-13,LAO,DOM,MNL HUB,LAOMNL,PR  2197,Y,Economy Supersaver,,Contact Center,2024-09-04,Thu,OGG,3,48.34,205.0,1
2025-04-06,DGT,DOM,MNL HUB,DGTMNL,PR  2544,Y,Economy Value,,Sea Crew,2025-04-03,Sun,DGT,1,99.27,18.0,0
2025-02-22,MPH,DOM,MNL HUB,MNLMPH,PR  2031,Y,Economy Supersaver,DOM,Traditional Travel Agency,2025-01-11,Sat,CEB,5,8.2,57.0,1
2025-04-26,ZAM,DOM,MNL HUB,ZAMMNL,PR  2998,Y,Economy Saver,DOM,WEB/APP,2025-03-25,Sat,MNL,1,72.79,47.0,0
2025-04-01,BCD,DOM,MNL HUB,MNLBCD,PR  2129,Y,Economy Value,DOM,Traditional Travel Agency,2025-03-27,Tue,MNL,1,82.88,20.0,0
2025-02-01,DVO,DOM,MNL HUB,DVOMNL,PR  1810,J,Economy Supersaver,DOM,Traditional Travel Agency,2025-01-31,Sat,DVO,1,36.58,16.0,0
2025-01-31,DRP,DOM,MNL HUB,DRPMNL,PR  2920,J,Economy Saver,AUS,OTA,2024-12-22,Fri,SIN,1,27.43,55.0,0
2025-02-26,MPH,DOM,MNL HUB,MNLMPH,PR  2039,J,Economy Value,DOM,WEB/APP,2025-02-23,Wed,MNL,2,97.85,18.0,1
2025-04-27,MPH,DOM,MNL HUB,MNLMPH,PR  2043,Y,Economy Supersaver,DOM,Traditional Travel Agency,2025-02-28,Sun,MNL,1,24.47,73.0,0
2025-04-22,BXU,DOM,MNL HUB,MNLBXU,PR  2967,Y,Economy Value,DOM,Contact Center,2025-03-19,Tue,SIN,1,87.77,49.0,0
2025-03-31,CEB,DOM,MNL HUB,MNLCEB,PR  2835,Y,Economy Value,Offline,TMC,2025-03-23,Mon,SIN,1,112.63,23.0,0
2025-04-10,GES,DOM,MNL HUB,MNLGES,PR  453,W,Premium Economy,DOM,WEB/APP,2025-04-08,Thu,MNL,3,254.18,17.0,1
2025-02-22,CEB,DOM,MNL HUB,CEBMNL,PR  1846,Y,Economy Supersaver,DOM,WEB/APP,2025-01-28,Sat,CEB,1,46.52,40.0,0
2025-04-27,USU,DOM,MNL HUB,USUMNL,PR  2964,J,Economy Value,DOM,WEB/APP,2025-02-02,Sun,USU,2,56.76,99.0,1
2025-01-09,DVO,DOM,MNL HUB,DVOMNL,PR  2824,Y,Economy Value,DOM,Contact Center,2024-12-27,Thu,DVO,1,91.5,28.0,0
2025-04-09,BCD,DOM,MNL HUB,BCDMNL,PR  2130,Y,Economy Saver,DOM,Corporate Web Portal,2025-03-17,Wed,BCD,2,49.65,38.0,1
2025-04-01,CEB,DOM,MNL HUB,CEBMNL,PR  1852,J,Business Flex,DOM,Contact Center,2025-03-20,Tue,CEB,1,270.98,27.0,0
2025-03-18,GES,DOM,MNL HUB,MNLGES,PR  455,J,Economy Saver,ME,WEB/APP,2025-03-17,Tue,DXB,1,102.99,16.0,0
2025-03-25,BCD,DOM,MNL HUB,MNLBCD,PR  2137,J,Economy Saver,AUS,Traditional Travel Agency,2025-03-20,Tue,BNE,1,59.93,20.0,0
2025-04-11,CYZ,DOM,MNL HUB,MNLCYZ,PR  2018,Y,Economy Supersaver,JAP,OTA,2025-03-25,Fri,SIN,1,33.37,32.0,0
2025-02-15,TAC,DOM,MNL HUB,TACMNL,PR  2982,Y,Economy Value,DOM,WEB/APP,2025-01-16,Sat,MNL,1,111.33,45.0,0
2025-03-04,DVO,DOM,MNL HUB,MNLDVO,PR  2821,W,Premium Economy,DOM,WEB/APP,2025-03-02,Tue,MNL,1,144.09,17.0,0
2025-04-03,CEB,DOM,MNL HUB,CEBMNL,PR  1846,Y,Economy Supersaver,DOM,WEB/APP,2025-03-02,Thu,MNL,1,33.79,47.0,0
2025-02-03,DVO,DOM,MNL HUB,MNLDVO,PR  2811,Y,Economy Supersaver,DOM,Traditional Travel Agency,2025-02-02,Mon,CEB,2,36.69,16.0,1
2025-02-12,CEB,DOM,MNL HUB,MNLCEB,PR  2853,W,Premium Economy,DOM,WEB/APP,2025-01-20,Wed,MNL,2,171.35,38.0,1
2025-01-30,ILO,DOM,MNL HUB,ILOMNL,PR  2142,Y,Economy Value,DOM,Ticket Office,2025-01-28,Thu,ILO,1,99.59,17.0,0
2025-04-04,CGY,DOM,MNL HUB,CGYMNL,PR  2522,J,Economy Supersaver,DOM,Ticket Office,2025-02-25,Fri,CGY,4,48.59,53.0,1
2025-01-05,USU,DOM,MNL HUB,USUMNL,PR  2966,W,Premium Economy,Offline,Traditional Travel Agency,2024-09-11,Sun,MNL,2,358.16,131.0,1
2025-04-08,ZAM,DOM,MNL HUB,MNLZAM,PR  2953,Y,Economy Supersaver,DOM,OTA,2025-02-25,Tue,ZAM,2,30.31,57.0,1
2025-04-04,CGY,DOM,MNL HUB,CGYMNL,PR  1520,Y,Economy Value,DOM,WEB/APP,2025-03-25,Fri,MNL,2,90.93,25.0,1
2025-04-07,ILO,DOM,MNL HUB,ILOMNL,PR  2148,Y,Economy Saver,DOM,Ticket Office,2025-03-21,Mon,MNL,1,66.86,32.0,0
2025-04-26,GES,DOM,MNL HUB,GESMNL,PR  454,Y,Economy Saver,,Traditional Travel Agency,2025-04-25,Sat,GES,1,113.2,16.0,0
2025-02-15,CGY,DOM,MNL HUB,MNLCGY,PR  2519,Y,Economy Flex,ROW,,2025-02-14,Sat,,1,69.78,16.0,0
2025-04-05,ZAM,DOM,MNL HUB,MNLZAM,PR  2953,Y,Economy Supersaver,DOM,WEB/APP,2025-02-12,Sat,MNL,1,29.0,67.0,0
2025-03-18,ILO,DOM,MNL HUB,ILOMNL,PR  2148,Y,Economy Value,DOM,Corporate Web Portal,2025-03-03,Tue,ILO,3,60.24,30.0,1
2025-01-03,MPH,DOM,MNL HUB,MNLMPH,PR  2043,Y,Economy Saver,,Traditional Travel Agency,2024-09-14,Fri,MNL,5,120.11,126.0,1
2025-01-27,GES,DOM,MNL HUB,MNLGES,PR  453,Y,Economy Supersaver,DOM,WEB/APP,2024-12-18,Mon,GES,3,31.82,55.0,1
2025-01-08,BXU,DOM,MNL HUB,BXUMNL,PR  2968,Y,Economy Flex,DOM,Traditional Travel Agency,2024-12-27,Wed,BXU,1,233.19,27.0,0
2025-01-12,PAG,DOM,MNL HUB,PAGMNL,PR  2784,Y,Economy Supersaver,DOM,WEB/APP,2024-11-25,Sun,PAG,1,55.85,63.0,0
2025-04-02,BCD,DOM,MNL HUB,MNLBCD,PR  2133,Y,Economy Supersaver,DOM,Traditional Travel Agency,2025-02-10,Wed,BCD,1,30.54,66.0,0
2025-01-09,CEB,DOM,MNL HUB,CEBMNL,PR  2846,J,Economy Flex,DOM,WEB/APP,2025-01-08,Thu,CEB,4,157.58,16.0,1
2025-04-12,DVO,DOM,MNL HUB,DVOMNL,PR  2822,J,Economy Saver,DOM,OTA,2025-04-10,Sat,DVO,4,65.76,17.0,1
2025-04-07,MPH,DOM,MNL HUB,MNLMPH,PR  2045,J,Economy Value,DOM,Ticket Office,2025-04-02,Mon,MNL,1,111.93,20.0,0
2025-01-10,DVO,DOM,MNL HUB,MNLDVO,PR  2825,Y,Economy Supersaver,DOM,Traditional Travel Agency,2024-12-23,Fri,MNL,7,41.37,33.0,1
2025-01-22,DRP,DOM,MNL HUB,DRPMNL,PR  2920,W,Premium Economy,DOM,WEB/APP,2025-01-09,Wed,DRP,2,159.31,28.0,1
2025-03-09,CGY,DOM,MNL HUB,MNLCGY,PR  2525,Y,Economy Value,DOM,Traditional Travel Agency,2025-02-21,Sun,CGY,1,85.89,31.0,0
2025-03-30,DVO,DOM,MNL HUB,MNLDVO,PR  1805,J,Economy Saver,DOM,WEB/APP,2025-03-25,Sun,MNL,3,64.23,20.0,1
2025-01-12,ILO,DOM,MNL HUB,ILOMNL,PR  2142,J,Economy Value,DOM,Sea Crew,2025-01-10,Sun,ILO,1,136.5,17.0,0
2025-01-31,DRP,DOM,MNL HUB,MNLDRP,PR  2919,J,Economy Value,DOM,Traditional Travel Agency,2025-01-13,Fri,DRP,2,80.24,33.0,1
2025-02-04,PPS,DOM,MNL HUB,MNLPPS,PR  2779,Y,Economy Saver,AUS,Traditional Travel Agency,2024-08-27,Tue,BNE,2,64.57,176.0,1
2025-03-18,PPS,DOM,MNL HUB,MNLPPS,PR  2779,Y,Economy Supersaver,DOM,Ticket Office,2025-02-25,Tue,PPS,2,20.37,36.0,1
2025-01-02,ZAM,DOM,MNL HUB,ZAMMNL,PR  2998,Y,Economy Value,DOM,Traditional Travel Agency,2024-09-30,Thu,ZAM,7,90.18,109.0,1
2025-04-13,DVO,DOM,MNL HUB,DVOMNL,PR  1810,J,Economy Value,DOM,Contact Center,2025-04-06,Sun,MNL,1,95.6,22.0,0
2025-01-10,IAO,DOM,MNL HUB,IAOMNL,PR  2972,J,Economy Value,DOM,Traditional Travel Agency,2024-10-12,Fri,IAO,3,152.18,105.0,1
2025-01-11,CEB,DOM,MNL HUB,CEBMNL,PR  1846,Y,Economy Supersaver,DOM,WEB/APP,2024-10-12,Sat,MNL,3,34.92,106.0,1
2025-03-29,DVO,DOM,MNL HUB,DVOMNL,PR  2820,J,Economy Flex,DOM,WEB/APP,2025-03-22,Sat,MNL,1,156.48,22.0,0
2025-04-10,CGY,DOM,MNL HUB,MNLCGY,PR  2521,Y,Economy Flex,DOM,Traditional Travel Agency,2025-03-31,Thu,CGY,1,214.14,25.0,0
2025-02-25,DVO,DOM,MNL HUB,MNLDVO,PR  1805,Y,Economy Value,DOM,WEB/APP,2025-02-20,Tue,MNL,3,93.07,20.0,1
2025-02-17,BXU,DOM,MNL HUB,BXUMNL,PR  2939,J,Economy Supersaver,DOM,WEB/APP,2025-02-07,Mon,BXU,1,48.42,25.0,0
2025-02-07,BXU,DOM,MNL HUB,BXUMNL,PR  2968,Y,Economy Saver,DOM,Traditional Travel Agency,2025-01-28,Fri,BXU,3,59.07,25.0,1
2025-01-27,DVO,DOM,MNL HUB,DVOMNL,PR  2824,Y,Economy Supersaver,DOM,WEB/APP,2024-12-09,Mon,DVO,2,29.69,64.0,1
2025-03-26,OZC,DOM,MNL HUB,MNLOZC,PR  2889,Y,Economy Saver,DOM,Contact Center,2025-03-24,Wed,MNL,1,87.48,17.0,0
2025-04-09,ILO,DOM,MNL HUB,ILOMNL,PR  2146,Y,Economy Flex,DOM,WEB/APP,2025-04-02,Wed,MNL,2,143.48,22.0,1
2025-03-07,DVO,DOM,MNL HUB,DVOMNL,PR  2818,Y,Economy Value,DOM,Traditional Travel Agency,2025-02-27,Fri,DVO,3,96.91,23.0,1
2025-02-14,DVO,DOM,MNL HUB,DVOMNL,PR  2824,J,Economy Supersaver,DOM,Traditional Travel Agency,2025-01-21,Fri,DVO,1,26.55,39.0,0
2025-04-27,DVO,DOM,MNL HUB,MNLDVO,PR  1813,Y,Economy Saver,DOM,WEB/APP,2025-04-13,Sun,DVO,3,84.34,29.0,1
2025-04-05,TUG,DOM,MNL HUB,MNLTUG,PR  2014,Y,Economy Saver,AUS,OTA,2024-12-28,Sat,HKG,1,44.8,113.0,0
2025-04-22,TAC,DOM,MNL HUB,TACMNL,PR  2988,Y,Economy Saver,Offline,OTA,2025-03-11,Tue,TAC,2,129.45,57.0,1
2025-01-02,CEB,DOM,MNL HUB,MNLCEB,PR  2869,Y,Economy Supersaver,DOM,Traditional Travel Agency,2024-08-31,Thu,MNL,3,20.18,139.0,1
2025-01-07,BCD,DOM,MNL HUB,BCDMNL,PR  2134,Y,Economy Supersaver,DOM,Sea Crew,2024-10-24,Tue,BCD,1,29.98,90.0,0
2025-03-13,CGY,DOM,MNL HUB,MNLCGY,PR  2521,Y,Economy Supersaver,DOM,WEB/APP,2025-01-29,Thu,MNL,1,30.8,58.0,0
2025-01-06,TUG,DOM,MNL HUB,TUGMNL,PR  2015,Y,Economy Value,G.CN,OTA,2024-11-23,Mon,TPE,1,77.6,59.0,0
2025-04-04,CBO,DOM,MNL HUB,CBOMNL,PR  2960,Y,Economy Saver,DOM,OTA,2025-04-02,Fri,CBO,2,71.8,17.0,1
2025-01-06,DVO,DOM,MNL HUB,MNLDVO,PR  1809,Y,Economy Value,DOM,WEB/APP,2025-01-02,Mon,MNL,7,91.26,19.0,1
2025-02-03,DGT,DOM,MNL HUB,MNLDGT,PR  2545,Y,Economy Value,DOM,Ticket Office,2025-02-01,Mon,MNL,2,98.69,17.0,1
2025-04-11,TAC,DOM,MNL HUB,MNLTAC,PR  2985,Y,Economy Supersaver,DOM,OTA,2025-01-06,Fri,MNL,7,29.42,110.0,1
2025-02-20,DVO,DOM,MNL HUB,MNLDVO,PR  1805,Y,Economy Supersaver,DOM,Traditional Travel Agency,2025-02-14,Thu,MNL,2,35.32,21.0,1
2025-02-20,CEB,DOM,MNL HUB,CEBMNL,PR  2868,Y,Economy Value,DOM,WEB/APP,2025-02-09,Thu,MNL,2,95.33,26.0,1
2025-01-13,CEB,DOM,MNL HUB,CEBMNL,PR  2868,Y,Economy Value,,OTA,2024-08-13,Mon,LAX,1,76.91,168.0,0
2025-04-04,OZC,DOM,MNL HUB,OZCMNL,PR  2890,J,Economy Supersaver,DOM,WEB/APP,2025-01-30,Fri,OZC,1,24.01,79.0,0
2025-01-25,DVO,DOM,MNL HUB,MNLDVO,PR  2823,Y,Economy Saver,DOM,Ticket Office,2025-01-13,Sat,DVO,2,99.97,27.0,1
2025-01-17,RXS,DOM,MNL HUB,MNLRXS,PR  2203,Y,Economy Supersaver,DOM,Traditional Travel Agency,2024-11-04,Fri,MNL,1,19.01,89.0,0
2025-03-22,CEB,DOM,MNL HUB,MNLCEB,PR  2863,Y,Economy Flex,ROW,,2025-01-22,Sat,LFW,1,157.3,74.0,0
2025-02-02,GES,DOM,MNL HUB,MNLGES,PR  453,Y,Economy Value,DOM,WEB/APP,2024-12-09,Sun,MNL,1,103.37,70.0,0
2025-02-24,PPS,DOM,MNL HUB,PPSMNL,PR  2780,Y,Economy Supersaver,DOM,WEB/APP,2025-01-01,Mon,PPS,2,24.69,69.0,1
2025-04-21,CEB,DOM,MNL HUB,CEBMNL,PR  2836,Y,Economy Flex,DOM,Ticket Office,2025-04-20,Mon,CEB,1,210.64,16.0,0
2025-04-09,CBO,DOM,MNL HUB,MNLCBO,PR  2959,J,Economy Flex,DOM,Traditional Travel Agency,2025-04-03,Wed,CBO,1,223.99,21.0,0
2025-01-09,USU,DOM,MNL HUB,USUMNL,PR  2966,J,Economy Saver,DOM,WEB/APP,2025-01-06,Thu,USU,1,47.97,18.0,0
2025-01-21,CEB,DOM,MNL HUB,MNLCEB,PR  2867,J,Business Flex,DOM,WEB/APP,2025-01-08,Tue,MNL,2,237.38,28.0,1
2025-03-13,CGY,DOM,MNL HUB,CGYMNL,PR  2518,Y,Economy Saver,DOM,WEB/APP,2025-02-18,Thu,CGY,3,58.35,38.0,1
2025-04-01,CEB,DOM,MNL HUB,CEBMNL,PR  2868,Y,Economy Supersaver,Others,OTA,2025-03-20,Tue,BXU,2,21.87,27.0,1
2025-04-29,DGT,DOM,MNL HUB,MNLDGT,PR  2543,Y,Economy Saver,DOM,WEB/APP,2025-04-09,Tue,DGT,1,34.78,35.0,0
2025-03-27,CGY,DOM,MNL HUB,MNLCGY,PR  2519,Y,Economy Supersaver,DOM,OTA,2025-02-25,Thu,MNL,1,39.42,45.0,0
2025-04-30,CEB,DOM,MNL HUB,CEBMNL,PR  2850,J,Non-Rev,DOM,WEB/APP,2025-04-24,Wed,CEB,1,143.02,21.0,0
2025-04-07,DGT,DOM,MNL HUB,DGTMNL,PR  2546,Y,Economy Value,DOM,WEB/APP,2025-04-01,Mon,DGT,2,99.3,21.0,1
2025-04-07,CEB,DOM,MNL HUB,MNLCEB,PR  2859,J,Economy Saver,DOM,WEB/APP,2025-04-03,Mon,MNL,1,73.74,19.0,0
2025-01-13,TAG,DOM,MNL HUB,TAGMNL,PR  2774,Y,Economy Value,DOM,Contact Center,2024-09-03,Mon,TPE,3,89.76,147.0,1
2025-01-11,DVO,DOM,MNL HUB,MNLDVO,PR  1809,Y,Economy Saver,DOM,Traditional Travel Agency,2025-01-07,Sat,MNL,3,75.01,19.0,1
2025-01-29,TAC,DOM,MNL HUB,MNLTAC,PR  2987,J,Economy Saver,DOM,Traditional Travel Agency,2025-01-16,Wed,TAC,1,95.15,28.0,0
2025-02-05,PPS,DOM,MNL HUB,MNLPPS,PR  2779,Y,Economy Value,DOM,WEB/APP,2025-01-24,Wed,PPS,3,101.8,27.0,1
2025-03-27,PPS,DOM,MNL HUB,MNLPPS,PR  2787,Y,Economy Saver,Offline,Traditional Travel Agency,2025-03-23,Thu,KWI,1,17.51,19.0,0
2025-04-29,GES,DOM,MNL HUB,GESMNL,PR  2456,Y,Economy Supersaver,DOM,OTA,2025-03-08,Tue,GES,3,27.93,67.0,1
2025-04-27,BCD,DOM,MNL HUB,BCDMNL,PR  2138,Y,Economy Value,DOM,WEB/APP,2025-04-18,Sun,BCD,2,79.68,24.0,1
2025-03-29,TAG,DOM,MNL HUB,MNLTAG,PR  2773,Y,Economy Supersaver,DOM,WEB/APP,2024-05-17,Sat,MNL,10,37.45,331.0,1
2025-01-09,EUQ,DOM,MNL HUB,MNLEUQ,PR  2905,J,Economy Saver,KOR,Traditional Travel Agency,2024-11-11,Thu,PUS,9,59.7,74.0,1
2025-03-26,CGY,DOM,MNL HUB,CGYMNL,PR  2528,Y,Economy Value,DOM,Contact Center,2025-03-13,Wed,MNL,2,90.48,28.0,1
2025-03-18,CEB,DOM,MNL HUB,MNLCEB,PR  2859,J,Business Flex,DOM,Traditional Travel Agency,2025-03-15,Tue,CEB,1,264.23,18.0,0
2025-04-08,DVO,DOM,MNL HUB,MNLDVO,PR  2823,Y,Economy Saver,DOM,WEB/APP,2025-01-18,Tue,MNL,1,50.29,95.0,0
2025-01-02,DGT,DOM,MNL HUB,DGTMNL,PR  2544,Y,Economy Value,DOM,WEB/APP,2024-11-17,Thu,DGT,1,142.84,61.0,0
2025-02-08,ILO,DOM,MNL HUB,MNLILO,PR  2139,W,Premium Economy,DOM,WEB/APP,2025-02-06,Sat,MNL,1,163.73,17.0,0
2025-02-15,LAO,DOM,MNL HUB,LAOMNL,PR  2197,Y,Economy Flex,DOM,WEB/APP,2025-02-13,Sat,LAO,1,177.68,17.0,0
2025-03-02,CEB,DOM,MNL HUB,MNLCEB,PR  2857,Y,Economy Flex,DOM,WEB/APP,2025-02-16,Sun,MNL,1,152.98,29.0,0
2025-01-24,DRP,DOM,MNL HUB,DRPMNL,PR  2924,Y,Economy Value,DOM,Traditional Travel Agency,2025-01-10,Fri,MNL,1,81.92,29.0,0
2025-04-27,DVO,DOM,MNL HUB,MNLDVO,PR  2815,J,Economy Supersaver,DOM,Traditional Travel Agency,2025-02-11,Sun,DVO,1,25.58,90.0,0
2025-04-12,DRP,DOM,MNL HUB,DRPMNL,PR  2922,J,Economy Supersaver,DOM,Ticket Office,2025-03-29,Sat,DRP,1,43.14,29.0,0
2025-02-14,CEB,DOM,MNL HUB,CEBMNL,PR  2868,Y,Economy Saver,DOM,Traditional Travel Agency,2024-12-27,Fri,MNL,1,83.86,64.0,0
2025-01-31,TAC,DOM,MNL HUB,MNLTAC,PR  2981,Y,Economy Supersaver,DOM,WEB/APP,2024-11-14,Fri,MNL,4,16.8,93.0,1
2025-02-10,TAG,DOM,MNL HUB,TAGMNL,PR  2776,Y,Economy Supersaver,DOM,Traditional Travel Agency,2025-02-06,Mon,MNL,3,61.18,19.0,1
2025-02-02,CBO,DOM,MNL HUB,CBOMNL,PR  2960,Y,Economy Supersaver,DOM,Ticket Office,2024-10-08,Sun,CBO,1,49.01,132.0,0
2025-03-31,TUG,DOM,MNL HUB,TUGMNL,PR  2015,Y,Economy Saver,G.CN,Traditional Travel Agency,2025-02-11,Mon,HKG,1,29.9,63.0,0
2025-02-13,ZAM,DOM,MNL HUB,ZAMMNL,PR  2950,Y,Economy Saver,ME,Traditional Travel Agency,2024-11-01,Thu,JED,1,97.86,119.0,0
2025-02-20,DVO,DOM,MNL HUB,MNLDVO,PR  2823,Y,Economy Saver,DOM,Ticket Office,2025-02-03,Thu,DVO,1,63.24,32.0,0
2025-04-27,ILO,DOM,MNL HUB,ILOMNL,PR  2148,Y,Economy Saver,SEA,Traditional Travel Agency,2025-04-24,Sun,ILO,1,35.77,18.0,0
2025-01-21,CEB,DOM,MNL HUB,CEBMNL,PR  2868,J,Business Flex,DOM,WEB/APP,2025-01-06,Tue,CEB,1,249.88,30.0,0
2025-02-05,PPS,DOM,MNL HUB,PPSMNL,PR  2782,J,Economy Supersaver,DOM,WEB/APP,2025-02-03,Wed,PPS,3,53.57,17.0,1
2025-04-25,CGY,DOM,MNL HUB,MNLCGY,PR  1519,Y,Economy Flex,DOM,WEB/APP,2025-04-24,Fri,MNL,1,167.53,16.0,0
2025-02-20,DVO,DOM,MNL HUB,MNLDVO,PR  2819,J,Economy Value,DOM,WEB/APP,2025-02-18,Thu,MNL,2,91.72,17.0,1
2025-01-07,PPS,DOM,MNL HUB,MNLPPS,PR  2779,J,Economy Saver,AUS,Traditional Travel Agency,2024-12-11,Tue,BNE,4,98.53,42.0,1
2025-02-19,CEB,DOM,MNL HUB,MNLCEB,PR  2853,Y,Economy Flex,ROW,,2025-02-19,Wed,,1,64.24,15.0,0
2025-02-25,DVO,DOM,MNL HUB,DVOMNL,PR  1810,Y,Economy Supersaver,DOM,Traditional Travel Agency,2025-01-31,Tue,DVO,1,35.75,40.0,0
2025-03-23,DGT,DOM,MNL HUB,DGTMNL,PR  2546,J,Economy Flex,DOM,WEB/APP,2025-03-21,Sun,DGT,1,158.56,17.0,0
